id,source,record_type,text,sentiment_label,intent_label,engagement,permalink,sample_type,manual_label,notes,corrected_label
UgzEp0_8DNh4V2Kvz2V4AaABAg,youtube,comment,"#KHonSteam #Contest I love Kingdom Hearts with all my life, I listen to Yoko Shimomura’s music every single day and I decide to replay the whole franchise every now and then on multiple platforms. So excited to see Kingdom Hearts arriving on Steam so more people can get to experience this amazing franchise.",positive,general_discussion,0,https://www.youtube.com/watch?v=G5_3qdf19BU&lc=UgzEp0_8DNh4V2Kvz2V4AaABAg,recall,high_intent,,general_discussion
UgzpQmiS1KpiVQIfXNR4AaABAg,youtube,comment,How I wish that there would be an MMO of Kingdom Hearts. Kind of like World of Warcraft where you can explore its universe.,positive,general_discussion,1,https://www.youtube.com/watch?v=G5_3qdf19BU&lc=UgzpQmiS1KpiVQIfXNR4AaABAg,recall,new_customer_interest,,general_discussion
UgxXg-DuEGCuVp5ZIW54AaABAg,youtube,comment,I’m 15 minutes in and I have such monumental whiplash from all the jumping around I don’t even know if I want to finish the rest. I was hoping someone would finally explain it correctly but this just isn’t doing it for me. Maybe I’ll finish later.,positive,general_discussion,0,https://www.youtube.com/watch?v=6g5otBrymgI&lc=UgxXg-DuEGCuVp5ZIW54AaABAg,recall,frustrated_demand,,general_discussion
UgwAAH3NCKMDftyLhsB4AaABAg,youtube,comment,I love kingdom hearts so much 😭😭😭😭,negative,general_discussion,1,https://www.youtube.com/watch?v=G5_3qdf19BU&lc=UgwAAH3NCKMDftyLhsB4AaABAg,recall,high_intent,,general_discussion
UgwFpmEY4d6fAG8aaf14AaABAg,youtube,comment,"fun fact the guy driving yozora at the end is 100% luxord's human form, which is a total brainfuck",positive,general_discussion,1,https://www.youtube.com/watch?v=nS1DfiJAtEk&lc=UgwFpmEY4d6fAG8aaf14AaABAg,recall,general_discussion,,high_intent
UgwntBIJ9JUYc3_4b2N4AaABAg,youtube,comment,I just don’t even care anymore I think we should just move on until they show something if we keep speculating we are just gonna keep giving are hopes up ngl😭,positive,general_discussion,14,https://www.youtube.com/watch?v=wwgOM_BiRQo&lc=UgwntBIJ9JUYc3_4b2N4AaABAg,recall,expectation_decay,,general_discussion
UgxTOPM-LTGuiWn4Wdt4AaABAg,youtube,comment,I've bought this series 3 times over when this comes out. Having it on steam with majority of my library just feels right.,neutral,general_discussion,1,https://www.youtube.com/watch?v=G5_3qdf19BU&lc=UgxTOPM-LTGuiWn4Wdt4AaABAg,recall,high_intent,,high_intent
Ugxklju_j977v_SXYSB4AaABAg,youtube,comment,This is the ultimate surprise! Sora!!!!!💜❤️👏🏾,positive,general_discussion,8,https://www.youtube.com/watch?v=j2DSEkYFRh8&lc=Ugxklju_j977v_SXYSB4AaABAg,recall,general_discussion,,general_discussion
UgzWC7McySuf5zLvzjt4AaABAg,youtube,comment,"I'm a Brazilian gamer and I really like watching animations, my favorite is Raya and the Last Dragon, I would like to ask, please, if you can put her in Kingdom Hearts IV, I would love to see her in the game in a surprisingly vast world and incredible, with an exciting soundtrack and a story or adaptation as remarkable as the movie!!! It doesn't hurt to try asking, right? Another thing that would be really cool would be to translate and localize the game to Portuguese Brazil, because I don't know English well and I play in Spanish to try to understand and understand the stories of the games, this I believe would make many people feel represented and fulfilled!! !!! Soy un gamer brasilero y me gusta mucho ver animaciones, mi favorito es Raya and the Last Dragon, quisiera pedirles por favor si pueden ponerla en Kingdom Hearts IV, me encantaría verla en el juego en un mundo sorprendentemente vasto e increíble, con una banda sonora emocionante y una historia o adaptación tan notable como la película!!! No está de más intentar preguntar, ¿verdad? Otra cosa que sería genial sería traducir y localizar el juego al portugués de Brasil, porque no sé mucho inglés y juego en español para tratar de entender y entender las historias de los juegos, esto creo que haría muchos la gente se siente representada y realizada!!! Eu sou um jogador brasileiro e gosto muito de assistir animações, minha favorita é Raya e o Último Dragão, gostaria de pedir, por favor, que se puder a coloquem em Kingdom Hearts IV, gostaria muito de ver ela no jogo em um mundo surpreendentemente vasto e incrível, com uma trilha sonora emocionante e uma história ou adaptação tão marcante como a do filme!!! Não custa tentar pedir né? Outra coisa que seria muito legal seria traduzir e localizar o jogo para Português Brasil, pois, eu não sei inglês direito e jogo em espanhol para tentar entender e compreender as histórias dos jogos, isso acredito que faria muitas pessoas se sentirem representadas e realizadas!!!!!",positive,general_discussion,4,https://www.youtube.com/watch?v=j2DSEkYFRh8&lc=UgzWC7McySuf5zLvzjt4AaABAg,recall,new_customer_interest,,general_discussion
UgyS507TJ0UOrmssa3t4AaABAg,youtube,comment,"Currently going through 1.5FM and was looking on consensus what to play in what order. Havent played 1 and 2 since launch, Chain of Memories I played on the GBA lmao. Taking longer that I expected because of the Synth grind.",positive,general_discussion,4,https://www.youtube.com/watch?v=eFfZqeXbioU&lc=UgyS507TJ0UOrmssa3t4AaABAg,recall,high_intent,,confusion_barrier
UgwzIG9G-HLzq99GGoV4AaABAg,youtube,comment,"Thank you for explaining the beauty of Kingdom Hearts, Battler Maboroshimiya",positive,general_discussion,3,https://www.youtube.com/watch?v=6g5otBrymgI&lc=UgwzIG9G-HLzq99GGoV4AaABAg,recall,general_discussion,,general_discussion
Ugz4FUR3Jb8Y-yNrr3p4AaABAg,youtube,comment,You ever heard of or played an old ps1 squaresoft action adventure game called threads of fate. It could be considered a type of kingdom hearts prototype before kh existed.,positive,general_discussion,0,https://www.youtube.com/watch?v=sz5gq0LgYWw&lc=Ugz4FUR3Jb8Y-yNrr3p4AaABAg,recall,general_discussion,,general_discussion
UgzFY9eT2qvXfCgp5_14AaABAg,youtube,comment,You deserve way more subs,neutral,general_discussion,0,https://www.youtube.com/watch?v=9d8LK9840IU&lc=UgzFY9eT2qvXfCgp5_14AaABAg,recall,general_discussion,,general_discussion
Ugzf2oYw8Ygp8in2Y8t4AaABAg,youtube,comment,I believe Master Odin will return I don't think he passed away he probably took another form or another body just like master Luxu,positive,general_discussion,0,https://www.youtube.com/watch?v=zux8BX6EuxI&lc=Ugzf2oYw8Ygp8in2Y8t4AaABAg,recall,general_discussion,,general_discussion
UgxiQWMIohYkEVz4EGp4AaABAg,youtube,comment,Lets hope we get more new kh4 trailer and screenshot in 2026.,positive,general_discussion,5,https://www.youtube.com/watch?v=ZxKqFEAARYU&lc=UgxiQWMIohYkEVz4EGp4AaABAg,recall,frustrated_demand,,general_discussion
UgydmXw83wzpa_OiFbh4AaABAg,youtube,comment,Gimme dat COPIUM!!!!!,neutral,general_discussion,0,https://www.youtube.com/watch?v=Xt_hGLer2gk&lc=UgydmXw83wzpa_OiFbh4AaABAg,recall,content_drought_fatigue,,general_discussion
UgyGizgfIMB9pZWi3nx4AaABAg,youtube,comment,Subject X was busted out by Luxu. Literally Secret Report 1.,neutral,general_discussion,0,https://www.youtube.com/watch?v=zux8BX6EuxI&lc=UgyGizgfIMB9pZWi3nx4AaABAg,recall,general_discussion,,general_discussion
UgwV4jKgkZVF_QL17tJ4AaABAg,youtube,comment,"I personally don't think the fact that we haven't had a KH4 re-reveal yet means the game won't be out in 2026. I have a feeling they'll keep the KH4 marketing cycle a bit more compact than usual (like maybe 9 months or so) But these business plans on the other hand definitely do paint a picture that KH4 might really be a 2027 title after all... So we're really going for a 7-8 year dev cycle, huh? A 2027 release also makes me unconvinced we'd hear anything at the Game Awards. The next trailer's probably more likely to just appear one day on social media, or as part of a PlayStation State of Play, or maybe at Summer Games Fest 2026 (if the game is indeed releasing in 2027). I'm not gonna be bullish enough to say that it's definitely not gonna be at the Game Awards (unlike what my stance on Gamescom and TGS was), but a fair word of caution for anyone reading this: Don't go into TGA expecting a KH4 re-reveal. You're setting yourself up for disappointment. Again.",positive,general_discussion,0,https://www.youtube.com/watch?v=Xt_hGLer2gk&lc=UgwV4jKgkZVF_QL17tJ4AaABAg,recall,content_drought_fatigue,,general_discussion
UgxTGggxACALijWteMF4AaABAg,youtube,comment,I loved this video ❤ great work here bro! Long time fan here,positive,general_discussion,1,https://www.youtube.com/watch?v=mU1zHAA9j8k&lc=UgxTGggxACALijWteMF4AaABAg,recall,general_discussion,,general_discussion
UgxIztTO3gf0u5hLZw14AaABAg,youtube,comment,KH4 is so cooked,neutral,general_discussion,0,https://www.youtube.com/watch?v=sz5gq0LgYWw&lc=UgxIztTO3gf0u5hLZw14AaABAg,recall,expectation_decay,,general_discussion
UgzpiD_0Up_0kUcGBHx4AaABAg,youtube,comment,I want see how they handle yozora,positive,general_discussion,0,https://www.youtube.com/watch?v=zux8BX6EuxI&lc=UgzpiD_0Up_0kUcGBHx4AaABAg,recall,general_discussion,,general_discussion
UgxQCQAxFMJeHWqMTfN4AaABAg,youtube,comment,19:51 the left one looks like Kadaj with longer hair,positive,general_discussion,0,https://www.youtube.com/watch?v=zux8BX6EuxI&lc=UgxQCQAxFMJeHWqMTfN4AaABAg,recall,general_discussion,,general_discussion
UgyJcuGN6nLrs5x1QXh4AaABAg,youtube,comment,Sanctuary kingdom hearts 4 coming soon too ❤🎉❤🎉❤🎉❤🎉❤🎉❤🎉❤🎉❤🎉❤🎉❤🎉❤🎉❤🎉❤🎉❤🎉❤🎉❤🎉❤🎉❤🎉❤🎉❤🎉❤🎉❤🎉❤🎉❤🎉❤🎉❤🎉❤🎉❤🎉❤🎉,positive,general_discussion,1,https://www.youtube.com/watch?v=Xt_hGLer2gk&lc=UgyJcuGN6nLrs5x1QXh4AaABAg,recall,general_discussion,,general_discussion
Ugy2LMcrQB_EzQcdRDd4AaABAg,youtube,comment,Finalmente alguém falando a verdade sobre Kingdom Hearts,positive,general_discussion,2,https://www.youtube.com/watch?v=6g5otBrymgI&lc=Ugy2LMcrQB_EzQcdRDd4AaABAg,recall,general_discussion,,general_discussion
UgzbaNXfcBZht7NZdGp4AaABAg,youtube,comment,"I would like to point out something that seems to confuse people here when they hear that statement guys when she said ""similar"" to an afterworld that doesn't mean that this is the afterworld. The reason why I'm saying this is because of this statement everyone thought Sora dead/died and came here but that's not what happened. What happened was because Sora constant misuse of the power of waking he was thinning his existence in his reality when he did it one last time to save Kairi he thinned his existence too much so he ended up fading/bleeding into the next reality that doesn't count as death/dying or being erased from existence since everyone still remembers him and that his heart his still connected to the people close to him just weaker as shown in melody of memory where the memory Xehanort said that he can still reach here but his voice can not reach very far. As for how Strelitzia showed up here I have no idea although I do have a few theory's on what's going except I need more information to be certain.",positive,general_discussion,1,https://www.youtube.com/watch?v=j2DSEkYFRh8&lc=UgzbaNXfcBZht7NZdGp4AaABAg,recall,general_discussion,,nostalgia_reactivation
Ugw4Cw4iM2PEyvupXZ94AaABAg,youtube,comment,Oh no square enix got to Jared 😂😂😂 he's officially gone the clown make-up is officially on him forever,positive,general_discussion,0,https://www.youtube.com/watch?v=gNVWtjbGWdw&lc=Ugw4Cw4iM2PEyvupXZ94AaABAg,recall,content_drought_fatigue,,general_discussion
Ugzi2mRrHWurKeRdGMJ4AaABAg,youtube,comment,❤❤❤❤❤❤,positive,general_discussion,0,https://www.youtube.com/watch?v=zux8BX6EuxI&lc=Ugzi2mRrHWurKeRdGMJ4AaABAg,recall,,emoji_only / encoding_noise,general_discussion
Ugw0FBAt1YPzMGZ94CZ4AaABAg,youtube,comment,"This video perfectly lays out why I have always liked Kingdom Hearts better than 2. Whenever I try to say why I come off as a 2 hater even though both games are literally in my top 10 of all time! Fantastic video, glad i finally got around to watching it",positive,general_discussion,0,https://www.youtube.com/watch?v=9d8LK9840IU&lc=Ugw0FBAt1YPzMGZ94CZ4AaABAg,recall,nostalgia_reactivation,,general_discussion
UgzARiptKuLoxtrx3wN4AaABAg,youtube,comment,1:44:24 “Does Xigbar even care about any of this?” Hint hint,positive,general_discussion,7,https://www.youtube.com/watch?v=9d8LK9840IU&lc=UgzARiptKuLoxtrx3wN4AaABAg,recall,general_discussion,,general_discussion
UgxL42rvzWUXis572-p4AaABAg,youtube,comment,There gonna make so much money as nothing dies on pc Kh is officially on pc boys we need more square enix games,neutral,general_discussion,1,https://www.youtube.com/watch?v=G5_3qdf19BU&lc=UgxL42rvzWUXis572-p4AaABAg,recall,general_discussion,,general_discussion
UgxDo-kqOSrhfDCLXKZ4AaABAg,youtube,comment,Queef?😂😂😂😂 no QUEETH😮😮😮😮😂😂😂😂,positive,general_discussion,0,https://www.youtube.com/watch?v=nS1DfiJAtEk&lc=UgxDo-kqOSrhfDCLXKZ4AaABAg,recall,,emoji_only / encoding_noise,general_discussion
UgzLTmwEGVhsobiD8xZ4AaABAg,youtube,comment,It wouldn't hurt as much if Missing Link actually released.,positive,general_discussion,8,https://www.youtube.com/watch?v=gNVWtjbGWdw&lc=UgzLTmwEGVhsobiD8xZ4AaABAg,recall,frustrated_demand,,general_discussion
UgwArNTHf9jG1NH6jR94AaABAg,youtube,comment,Haley Joel Osmet is back in the recording studio so high hopes,positive,general_discussion,19,https://www.youtube.com/watch?v=Xt_hGLer2gk&lc=UgwArNTHf9jG1NH6jR94AaABAg,recall,general_discussion,,general_discussion
UgxlYg31rbrsu_fDWEl4AaABAg,youtube,comment,"i freakling love you man, i laughed my butt off",positive,general_discussion,0,https://www.youtube.com/watch?v=gNVWtjbGWdw&lc=UgxlYg31rbrsu_fDWEl4AaABAg,recall,general_discussion,,general_discussion
UgxJ1wimBCNdCvnSzwF4AaABAg,youtube,comment,They want money? Attach a kh4 demo to ff7r p3 lmao,positive,general_discussion,1,https://www.youtube.com/watch?v=sz5gq0LgYWw&lc=UgxJ1wimBCNdCvnSzwF4AaABAg,recall,frustrated_demand,,general_discussion
UgzMGSGeG6WIyCh_HMB4AaABAg,youtube,comment,just take the cutscenes or something as a rechain of memories and slap it on. problem solved as best as it can for the lowest costs,positive,general_discussion,0,https://www.youtube.com/watch?v=-3-bVFiTTCE&lc=UgzMGSGeG6WIyCh_HMB4AaABAg,recall,frustrated_demand,,general_discussion
UgxxWkAerHMDPdnmn8B4AaABAg,youtube,comment,"I loved your old KH video back then, this new one is just amazing. GOATED",positive,general_discussion,5,https://www.youtube.com/watch?v=nS1DfiJAtEk&lc=UgxxWkAerHMDPdnmn8B4AaABAg,recall,general_discussion,,nostalgia_reactivation
UgzHyjnhjVdyl8H4Tjl4AaABAg,youtube,comment,I’m a Elderscrolls and Kingdom Hearts fan. PAIN,positive,general_discussion,0,https://www.youtube.com/watch?v=gNVWtjbGWdw&lc=UgzHyjnhjVdyl8H4Tjl4AaABAg,recall,frustrated_demand,,general_discussion
UgzkpzmUCMFPXk8-9AB4AaABAg,youtube,comment,"I don't mind the huge hiatus-like gaps, so long as the game is good. KH3 was fine. Better than fine for me, but even that gap was too long for what the end result was. Now this, this is too long and with little proof to prove it's worth waiting for, it is a bit nerve wracking.",positive,general_discussion,0,https://www.youtube.com/watch?v=wwgOM_BiRQo&lc=UgzkpzmUCMFPXk8-9AB4AaABAg,recall,frustrated_demand,,frustrated_demand
UgwWBZwPJ_oKNaICTCF4AaABAg,youtube,comment,I'm calling it! Master Odin retires and becomes Yen Sid 😅,positive,general_discussion,0,https://www.youtube.com/watch?v=zux8BX6EuxI&lc=UgwWBZwPJ_oKNaICTCF4AaABAg,recall,general_discussion,,general_discussion
Ugw7bICjHmD-LOUtsaJ4AaABAg,youtube,comment,"Out here talking ""THIS"" is the problem with KH Lore as if this story wasn't constantly writting itself into a hole in every game",negative,general_discussion,33,https://www.youtube.com/watch?v=-3-bVFiTTCE&lc=Ugw7bICjHmD-LOUtsaJ4AaABAg,recall,confusion_barrier,,general_discussion
UgxSPxodt8Fj5ASs-Ap4AaABAg,youtube,comment,"Nice meme, I'll take it. 🫴🏻📦",positive,general_discussion,0,https://www.youtube.com/watch?v=zux8BX6EuxI&lc=UgxSPxodt8Fj5ASs-Ap4AaABAg,recall,general_discussion,,general_discussion
UgyM1wzqk1g4R4d8g-h4AaABAg,youtube,comment,1 yr and 7 months more guys before it beats Kingdom Hearts III wait time. Hang in there!,positive,general_discussion,0,https://www.youtube.com/watch?v=gNVWtjbGWdw&lc=UgyM1wzqk1g4R4d8g-h4AaABAg,recall,frustrated_demand,,general_discussion
UgyZyUQbBoc3FIrCNyJ4AaABAg,youtube,comment,Big thanks to NordVPN for supporting this video! Protect your online privacy and support the channel by signing up here: (risk free with a 30-day money-back guarantee!),positive,general_discussion,77,https://www.youtube.com/watch?v=nS1DfiJAtEk&lc=UgyZyUQbBoc3FIrCNyJ4AaABAg,recall,,sponsor/ad noise,general_discussion
UgwMl_ONQnoxf_2jNP14AaABAg,youtube,comment,Came here after beating KH3 for the 2nd time and was extremely confused at some points. This is BY FAR the best explanation video. Thank you for this!,positive,general_discussion,0,https://www.youtube.com/watch?v=nS1DfiJAtEk&lc=UgwMl_ONQnoxf_2jNP14AaABAg,recall,general_discussion,,general_discussion
UgyOsibqfbhdz7lvhW14AaABAg,youtube,comment,Will kingdom hearts missing link ever come out anytime in the nearest future of this year?,positive,general_discussion,0,https://www.youtube.com/watch?v=G5_3qdf19BU&lc=UgyOsibqfbhdz7lvhW14AaABAg,recall,frustrated_demand,,general_discussion
UgwiFZ_zuRa8B8U9US14AaABAg,youtube,comment,23:40 “the two upcoming games in the series that we 100% know are coming out in the future” 😅,positive,general_discussion,6,https://www.youtube.com/watch?v=eFfZqeXbioU&lc=UgwiFZ_zuRa8B8U9US14AaABAg,recall,general_discussion,,high_intent
Ugx53K0Kw5TMM0uhGWh4AaABAg,youtube,comment,The phone games were just a bad idea on general. Put big lore things like Dark Road into the actual games instead of in places where fewer people will experience to begin with and will eventually be taken down.,negative,general_discussion,193,https://www.youtube.com/watch?v=-3-bVFiTTCE&lc=Ugx53K0Kw5TMM0uhGWh4AaABAg,recall,confusion_barrier,,general_discussion
Ugyy3rUAmcpr4yXCzh54AaABAg,youtube,comment,“I’m almost 30”… I felt that,neutral,general_discussion,0,https://www.youtube.com/watch?v=gNVWtjbGWdw&lc=Ugyy3rUAmcpr4yXCzh54AaABAg,recall,nostalgia_reactivation,"age/time reflection, no explicit wait frustration",general_discussion
UgyFYJmyFdH60aGQ1U14AaABAg,youtube,comment,I really don't care about Verum Rex at all.,negative,general_discussion,0,https://www.youtube.com/watch?v=mU1zHAA9j8k&lc=UgyFYJmyFdH60aGQ1U14AaABAg,recall,general_discussion,,general_discussion
UgxilWNCTID-hdmzi8R4AaABAg,youtube,comment,daily watch #3,neutral,general_discussion,0,https://www.youtube.com/watch?v=G5_3qdf19BU&lc=UgxilWNCTID-hdmzi8R4AaABAg,recall,general_discussion,,general_discussion
UgzMhZOBgn8VVw_dYpZ4AaABAg,youtube,comment,Kudos to you for still sticking to this franchise. The nail in the coffin for me was all the mobile game stuff being canon. And IMPORTANT canon too.,positive,general_discussion,0,https://www.youtube.com/watch?v=gNVWtjbGWdw&lc=UgzMhZOBgn8VVw_dYpZ4AaABAg,recall,confusion_barrier,note: neg sentiment mislabelled positive,general_discussion
UgzpwMDqGjZhxE9HFvh4AaABAg,youtube,comment,Legendary Refresh. Uploaded 1 Minute Ago. 1 Minute Gang!,neutral,general_discussion,22,https://www.youtube.com/watch?v=sz5gq0LgYWw&lc=UgzpwMDqGjZhxE9HFvh4AaABAg,recall,general_discussion,,general_discussion
Ugz6ouE2DwTKCIGarUl4AaABAg,youtube,comment,Few years too late. Already sailed the sevens seas in regards to this franchise. Fuck all this exclusivity shit.,negative,general_discussion,1,https://www.youtube.com/watch?v=G5_3qdf19BU&lc=Ugz6ouE2DwTKCIGarUl4AaABAg,recall,frustrated_demand,,frustrated_demand
UgxwcpGj1O4ZePlpbN14AaABAg,youtube,comment,Could demeyx be a oerson from unreailty (our reality ) like luxord and him staing in these disney worlds is him just having fun,positive,general_discussion,0,https://www.youtube.com/watch?v=zux8BX6EuxI&lc=UgxwcpGj1O4ZePlpbN14AaABAg,recall,general_discussion,,general_discussion
UgwHmPuuh2q_hC4BbzJ4AaABAg,youtube,comment,"After 20 years of Kingdom Hearts, this is the best game, but I’ve never played it. I also wanna say: I hope more worlds will come to Kingdom hearts IV. (Eg. of new worlds that’ll come: Miraculous Ladybug, Encanto, Brave, etc.)",positive,general_discussion,1,https://www.youtube.com/watch?v=j2DSEkYFRh8&lc=UgwHmPuuh2q_hC4BbzJ4AaABAg,recall,general_discussion,,new_customer_interest
Ugx8-1RF_-fVDJJ4B6R4AaABAg,youtube,comment,They're making a Kingdom Hearts 4? It's been so long I forgot. 🤣😅,positive,general_discussion,0,https://www.youtube.com/watch?v=zux8BX6EuxI&lc=Ugx8-1RF_-fVDJJ4B6R4AaABAg,recall,frustrated_demand,,general_discussion
UgyZ-DoxH4RnbXenLWx4AaABAg,youtube,comment,"After finishing it, this is pretty much the definitive Kingdom Hearts story synopsis for anyone looking to catch up or just refresh their memory.",positive,general_discussion,689,https://www.youtube.com/watch?v=nS1DfiJAtEk&lc=UgyZ-DoxH4RnbXenLWx4AaABAg,recall,general_discussion,,general_discussion
UgyO_z1e-cwnPQB4Xsp4AaABAg,youtube,comment,My goat...,neutral,general_discussion,0,https://www.youtube.com/watch?v=6g5otBrymgI&lc=UgyO_z1e-cwnPQB4Xsp4AaABAg,recall,general_discussion,,general_discussion
UgyHQ8lsQegYb5s4Fpx4AaABAg,youtube,comment,How many Kingdom Hearts fans died while waiting for KH3? How many have died since the KH4 trailer dropped?,negative,general_discussion,0,https://www.youtube.com/watch?v=gNVWtjbGWdw&lc=UgyHQ8lsQegYb5s4Fpx4AaABAg,recall,frustrated_demand,,frustrated_demand
UgwNLk8jR6fKxfYHEKV4AaABAg,youtube,comment,ANYONE Who is the voice at 0:53 ?,neutral,general_discussion,2,https://www.youtube.com/watch?v=G5_3qdf19BU&lc=UgwNLk8jR6fKxfYHEKV4AaABAg,recall,general_discussion,,general_discussion
UgxrJFvlCTNze_1TvAl4AaABAg,youtube,comment,"this pattern of announcing games while they're basically still in the early parts of pre-production has got to be my biggest pet peeve with square enix, we don't need to know about the game 5 or 6 years before it comes out. and they're only getting worse about it, kh3 was announced less than 6 years before it released and by the 4 year mark, we'd at least seen more of it than kh4 so far.",negative,general_discussion,0,https://www.youtube.com/watch?v=gNVWtjbGWdw&lc=UgxrJFvlCTNze_1TvAl4AaABAg,recall,frustrated_demand,,frustrated_demand
UgznfnxDDgIUsmzUWsJ4AaABAg,youtube,comment,Why not both?!?,neutral,general_discussion,1,https://www.youtube.com/watch?v=mU1zHAA9j8k&lc=UgznfnxDDgIUsmzUWsJ4AaABAg,recall,general_discussion,note: early announce + lack of updates,general_discussion
Ugxx7h2PmIS3Lp6vhyx4AaABAg,youtube,comment,Did somebody say kingdom hearts 4?,positive,general_discussion,0,https://www.youtube.com/watch?v=78pm-aBw_Ck&lc=Ugxx7h2PmIS3Lp6vhyx4AaABAg,recall,general_discussion,,general_discussion
UgyJtsC_x6RvGgGVctl4AaABAg,youtube,comment,Using the least threatening boss again except now he has WINGS that cant carry him,positive,general_discussion,0,https://www.youtube.com/watch?v=j2DSEkYFRh8&lc=UgyJtsC_x6RvGgGVctl4AaABAg,recall,general_discussion,,general_discussion
UgxPrf-GZdVMvpwspW14AaABAg,youtube,comment,Brother at this point I’ll take a Nokia n gage port of COM.,neutral,general_discussion,0,https://www.youtube.com/watch?v=Xt_hGLer2gk&lc=UgxPrf-GZdVMvpwspW14AaABAg,recall,frustrated_demand,note: desperation for any content,general_discussion
UgwXdM_iYrpVno6fb0N4AaABAg,youtube,comment,Holy PEAK!!!!!,neutral,general_discussion,0,https://www.youtube.com/watch?v=9d8LK9840IU&lc=UgwXdM_iYrpVno6fb0N4AaABAg,recall,general_discussion,,general_discussion
Ugxf7MBtzSQkFuLNxVZ4AaABAg,youtube,comment,What a beautiful and frustrating way to finish this saga.,positive,general_discussion,1,https://www.youtube.com/watch?v=nS1DfiJAtEk&lc=Ugxf7MBtzSQkFuLNxVZ4AaABAg,recall,general_discussion,no overfit on frustration labelled as positive,general_discussion
Ugx5z5NjYqDukrWEJnV4AaABAg,youtube,comment,Okay square Enix I finally beat kingdom hearts 3 it’s finally time to release the new trailer for kingdom hearts 4 sorry for wait everyone,positive,general_discussion,1,https://www.youtube.com/watch?v=j2DSEkYFRh8&lc=Ugx5z5NjYqDukrWEJnV4AaABAg,recall,frustrated_demand,positive label,general_discussion
UgwiN1-UAvBKDZb5IBh4AaABAg,youtube,comment,Lunafreya is ugly they should've kept the other girl in the trailer,negative,general_discussion,0,https://www.youtube.com/watch?v=AaZjLq3cIpg&lc=UgwiN1-UAvBKDZb5IBh4AaABAg,recall,general_discussion,,general_discussion
UgwFTaAE0jQdsQbfc0N4AaABAg,youtube,comment,0:17 nice,positive,general_discussion,0,https://www.youtube.com/watch?v=gNVWtjbGWdw&lc=UgwFTaAE0jQdsQbfc0N4AaABAg,recall,general_discussion,,general_discussion
UgxFzguePubzCwsTwmB4AaABAg,youtube,comment,"I wonder if darkness and light were invited into the world by Sora's arrival Like did his presence cause that heartless to appear? Since the heartless are attracted to the keyblade I'd like to think they already weren't present from the lost masters already being there since MoM doesn't seem to directly cause mischief or chaos, but rather influence others to go down a road of darkness through their means of what they desire.",negative,general_discussion,4,https://www.youtube.com/watch?v=j2DSEkYFRh8&lc=UgxFzguePubzCwsTwmB4AaABAg,recall,general_discussion,,general_discussion
UgzSFn43yWlEV1Nnkzp4AaABAg,youtube,comment,"1:05:18 - While Newbern was great with fulfilling his more icy, dramatic scenes, I personally don't feel he's the best all-around VA for the character; neither him, nor Hoechlin, to me, have really nailed his performance in every aspect. Sephiroth is badass and cold, but he has surprisingly warm moments in Crisis Core - moments that Newbern and Hoechlin, to me, have really struggled to land. I really hope that you mention this in that future FF7 Compilation video, because it's one of those details that I think is pretty overlooked. They're good for the essence, but not the whole, of Sephiroth as a character.",positive,general_discussion,0,https://www.youtube.com/watch?v=9d8LK9840IU&lc=UgzSFn43yWlEV1Nnkzp4AaABAg,recall,general_discussion,,general_discussion
Ugw2gSKIxgV6bi2G3ZN4AaABAg,youtube,comment,BRO THAT CUT IS A CRIMEEEEEEEEEEEEEE,negative,general_discussion,0,https://www.youtube.com/watch?v=gNVWtjbGWdw&lc=Ugw2gSKIxgV6bi2G3ZN4AaABAg,recall,general_discussion,,general_discussion
UgxMvRpvaIddOTTSAaR4AaABAg,youtube,comment,"Ho ben 3 cattive notizie, la prima cattiva notizia è che le tredici oscurità originali ""vere"" in kingdom hearts hanno la capacità di assorbire energia oscura ""dai altri esseri viventi"" (a più o meno la stessa capacità del assorbimento energetico com'è il super saiyan 4 e Super Saiyan God). La seconda cattiva notizia, è che le tredici oscurità originali ""vere"" in kingdom hearts possono aumentare la loro energia oscura, maniera esponenziale (proprio com'è il super saiyan leggendario di broly in dragon ball Z/dragon ball Super). La terza cattiva notizia, è che le tredici oscurità originali ""vere"" in kingdom hearts si possono fondere con altre oscurità all'interno in esseri viventi, la durata di questa fusione è spesso permanente (proprio com'è la fusione potara ""permanente solamente quando ci sono 2 kaioshin in dragon ball).",positive,general_discussion,0,https://www.youtube.com/watch?v=G5_3qdf19BU&lc=UgxMvRpvaIddOTTSAaR4AaABAg,recall,general_discussion,,general_discussion
UgwLXeSfO6aLtWl9OHp4AaABAg,youtube,comment,"Incredible video as always. The moon is so significant! This game will forever break my heart, but I'm hoping the wait for KH4 will be worth it and that Nomura will get to create Verum Rex.",positive,general_discussion,19,https://www.youtube.com/watch?v=AaZjLq3cIpg&lc=UgwLXeSfO6aLtWl9OHp4AaABAg,recall,nostalgia_reactivation,,general_discussion
Ugy9u1P7gdXh-QUwdsx4AaABAg,youtube,comment,"seeing DQ Of The Stars, Dissidia Opera Omnia, and FF The First Soldier in this made me sad as hell I loved OO and DQOTS bro...",negative,general_discussion,2,https://www.youtube.com/watch?v=-3-bVFiTTCE&lc=Ugy9u1P7gdXh-QUwdsx4AaABAg,recall,general_discussion,,general_discussion
UgyOeELkGzaw0ql-tBB4AaABAg,youtube,comment,Did NOT know that both the KH heart-shaped moon and the 'regular' quadratum moon were in the ReMIND fight against Xehanort. That is a fascinating detail.,positive,general_discussion,1,https://www.youtube.com/watch?v=AaZjLq3cIpg&lc=UgyOeELkGzaw0ql-tBB4AaABAg,recall,general_discussion,,general_discussion
UgxXl_qTSCv-5X7VWpN4AaABAg,youtube,comment,"21:50 We meet again, old friend.",positive,general_discussion,0,https://www.youtube.com/watch?v=9d8LK9840IU&lc=UgxXl_qTSCv-5X7VWpN4AaABAg,recall,general_discussion,,general_discussion
UgxNpliR45TFBdRADsh4AaABAg,youtube,comment,my first impression of you btw,positive,general_discussion,0,https://www.youtube.com/watch?v=gNVWtjbGWdw&lc=UgxNpliR45TFBdRADsh4AaABAg,recall,general_discussion,,general_discussion
UgwSY7T-LohNB9I9I6p4AaABAg,youtube,comment,"I personally feel that a gameplay re-imagining of Missing Link could just be wholesale attached to KH4, Reverse/Rebirth style. Kingdom Hearts games have been weirdly light on story for the past few games, it genuinely wouldn't kill them nor us to release a narrative dense one this time.",positive,general_discussion,3,https://www.youtube.com/watch?v=-3-bVFiTTCE&lc=UgwSY7T-LohNB9I9I6p4AaABAg,recall,general_discussion,,general_discussion
Ugzz5OUC3UCIVfUKyLp4AaABAg,youtube,comment,I was 7 when the very first kh3 teaser was revealed I was 9 when the 2015 trailer dropped I was 13 when kh3 actually dropped I was 16 when kh4 was revealed I’m now 20 and kh4 still isn’t out,negative,general_discussion,0,https://www.youtube.com/watch?v=gNVWtjbGWdw&lc=Ugzz5OUC3UCIVfUKyLp4AaABAg,recall,nostalgia_reactivation,secondary tag: frustration,general_discussion
UgzEOPNeV10e9VAglPx4AaABAg,youtube,comment,2:38 Luxord ???,neutral,general_discussion,0,https://www.youtube.com/watch?v=j2DSEkYFRh8&lc=UgzEOPNeV10e9VAglPx4AaABAg,recall,general_discussion,,general_discussion
Ugz67gdzbwxtL2Ojv5N4AaABAg,youtube,comment,where can I listen to that music used in this video?,neutral,general_discussion,2,https://www.youtube.com/watch?v=78pm-aBw_Ck&lc=Ugz67gdzbwxtL2Ojv5N4AaABAg,recall,general_discussion,,general_discussion
Ugym1NHnH9tGIzf20Jp4AaABAg,youtube,comment,nice the hunter from bloodborne will be in kh4,positive,general_discussion,0,https://www.youtube.com/watch?v=zux8BX6EuxI&lc=Ugym1NHnH9tGIzf20Jp4AaABAg,recall,general_discussion,,general_discussion
UgzVhXvJTkXuVk46fLZ4AaABAg,youtube,comment,This company barely learn from their mistakes,negative,general_discussion,0,https://www.youtube.com/watch?v=gNVWtjbGWdw&lc=UgzVhXvJTkXuVk46fLZ4AaABAg,recall,frustrated_demand,,general_discussion
UgxdfB_JejIwXDH7GJ14AaABAg,youtube,comment,"if you read the bible you will be able to solve many of these ""mysteries"" even who MoM is an allegory for. KH is basically bible fan fiction.",positive,general_discussion,1,https://www.youtube.com/watch?v=zux8BX6EuxI&lc=UgxdfB_JejIwXDH7GJ14AaABAg,recall,general_discussion,,general_discussion
Ugz0R2gvmFSiNLJ8o0t4AaABAg,youtube,comment,Genuinely one of the dumbest stories ever written. God I hate Nomura for making this series.,negative,general_discussion,1,https://www.youtube.com/watch?v=nS1DfiJAtEk&lc=Ugz0R2gvmFSiNLJ8o0t4AaABAg,recall,frustrated_demand,,general_discussion
UgwnVajMeEx3o1TQVSR4AaABAg,youtube,comment,We’re really getting GTA 6 BEFORE KH4,neutral,general_discussion,1,https://www.youtube.com/watch?v=gNVWtjbGWdw&lc=UgwnVajMeEx3o1TQVSR4AaABAg,recall,frustrated_demand,,general_discussion
UgxV9HoouplQ3MoruHZ4AaABAg,youtube,comment,"I feel like the best descriptor for Kingdom Hearts Secret Endings is that they're like dreams. You're getting all these cool visuals, one after another, that aren't really meant to be delved into TOO literally. There's no explanation, but it's cool as heck to see. Some stuff will actually happen, some stuff will be changed, and some stuff straight up won't happen.",positive,general_discussion,1,https://www.youtube.com/watch?v=_cyFXvII1sQ&lc=UgxV9HoouplQ3MoruHZ4AaABAg,recall,general_discussion,,general_discussion
Ugx1GuIV6Ad8FRNTV1l4AaABAg,youtube,comment,I’ve been watching you since the ffxv days and it’s really nice seeing you revisit ffxv and its development history. Love these videos and thank you for putting time and effort in these videos! The amount of new information you find on this game is insane!! And I thought I knew everything lollol,positive,general_discussion,2,https://www.youtube.com/watch?v=AaZjLq3cIpg&lc=Ugx1GuIV6Ad8FRNTV1l4AaABAg,recall,general_discussion,,general_discussion
UgxRwPP0rBhmsxR966l4AaABAg,youtube,comment,this is the only video that i've watched for 6 hours straight! Thank you for this! i'll be back watching it again once kh4 is released ❤,positive,general_discussion,0,https://www.youtube.com/watch?v=nS1DfiJAtEk&lc=UgxRwPP0rBhmsxR966l4AaABAg,recall,general_discussion,,general_discussion
Ugzw2H5BLWAm8BEb9TN4AaABAg,youtube,comment,Thank you!❤ 6:06:37,positive,general_discussion,0,https://www.youtube.com/watch?v=nS1DfiJAtEk&lc=Ugzw2H5BLWAm8BEb9TN4AaABAg,recall,,,general_discussion
UgxvDzy7E7EdnZ9n27x4AaABAg,youtube,comment,"While we haven't received any official updates just yet, the anticipation for KH4 is as strong as ever. The hype train is definitely still rolling, and fans are eagerly awaiting what's to come in 2027!",positive,general_discussion,6,https://www.youtube.com/watch?v=ZxKqFEAARYU&lc=UgxvDzy7E7EdnZ9n27x4AaABAg,recall,high_intent,,frustrated_demand
UgzBbktfE8_rdWrrreV4AaABAg,youtube,comment,"Usually I don't leave comments, but it's been a while I've seen a video this good (yet to play the Kill The Past games as I'm busy w/ irl stuff, so this is the first Maboroshi video for me). Really good, really really good, it makes me really proud as a viewer. Thanks for the high quality content and, above all, for the sincerity this series deserves.",positive,general_discussion,1,https://www.youtube.com/watch?v=6g5otBrymgI&lc=UgzBbktfE8_rdWrrreV4AaABAg,recall,general_discussion,,general_discussion
UgxTACxXE1SgAAfhLY14AaABAg,youtube,comment,"Kingdom Hearts 2 always be my favorite game in the Kingdom Hearts games. Kingdom Hearts is so special to me been in the fandom since I was 11/12,",positive,general_discussion,0,https://www.youtube.com/watch?v=9d8LK9840IU&lc=UgxTACxXE1SgAAfhLY14AaABAg,recall,nostalgia_reactivation,,general_discussion
UgwN6KRsub265bQLw654AaABAg,youtube,comment,If anything I think a new Trailer for KH4 will probably show up at D23 this year. That's the most likely place Kingdom Hearts may show up since the game has Disney properties in it like the Disney Worlds Port Royal from Pirates of the Caribbean and Hollow Bastion/Beasts Castle from Beauty and the Beast.,positive,general_discussion,0,https://www.youtube.com/watch?v=XO1PlvNN_7s&lc=UgwN6KRsub265bQLw654AaABAg,recall,general_discussion,,general_discussion
UgwWZV1ijBPOLoqxBpt4AaABAg,youtube,comment,It seems every game merely serves to further convolute the plot. There's no logical progression.,negative,general_discussion,0,https://www.youtube.com/watch?v=nS1DfiJAtEk&lc=UgwWZV1ijBPOLoqxBpt4AaABAg,recall,confusion_barrier,,general_discussion
UgzLYXUKbk8QVlcjYKZ4AaABAg,youtube,comment,Another banger of a video. Great work!,positive,general_discussion,1,https://www.youtube.com/watch?v=AaZjLq3cIpg&lc=UgzLYXUKbk8QVlcjYKZ4AaABAg,recall,general_discussion,,general_discussion
UgwZ1q-YVX0WvHMfa7p4AaABAg,youtube,comment,4:43:41 is that your logo lol??,positive,general_discussion,0,https://www.youtube.com/watch?v=nS1DfiJAtEk&lc=UgwZ1q-YVX0WvHMfa7p4AaABAg,recall,general_discussion,,general_discussion
Ugxl6jWDKpxVto7rOnt4AaABAg,youtube,comment,"Sora, being the master of masters makes a lot of sense. I don't understand why that would be a disappointment. Honestly, it's what I would want.",neutral,confusion_barrier,0,https://www.youtube.com/watch?v=zux8BX6EuxI&lc=Ugxl6jWDKpxVto7rOnt4AaABAg,precision,general_discussion,,confusion_barrier
UgxBMPXWIPMUrqwScnB4AaABAg,youtube,comment,This game’s lore was way too complicated for my 12 year old brain to be irrationally obsessed with. What the hell.,negative,confusion_barrier,0,https://www.youtube.com/watch?v=nS1DfiJAtEk&lc=UgxBMPXWIPMUrqwScnB4AaABAg,precision,frustrated_demand,,general_discussion
UgwvEsteQMfd2-By5uF4AaABAg,youtube,comment,this game is one of my personal favorites because sure the story is confusing and all but to combine square enix characters with disney characters on top of everything else makes it unique in its on right. The fact this game is coming to steam is huge and makes me very happy. i have a daughter who can enjoy it just as much as i can,positive,confusion_barrier,0,https://www.youtube.com/watch?v=G5_3qdf19BU&lc=UgwvEsteQMfd2-By5uF4AaABAg,precision,nostalgia_reactivation,,confusion_barrier
UgyEMGI5fh4XrHehpRJ4AaABAg,youtube,comment,What is Kingdom hearts this shit is confusing as hell,negative,confusion_barrier,0,https://www.youtube.com/watch?v=nS1DfiJAtEk&lc=UgyEMGI5fh4XrHehpRJ4AaABAg,precision,frustrated_demand,,confusion_barrier
Ugyx8_F_pNdjpzZibfV4AaABAg,youtube,comment,"My first experience in kingdom hearts is KH:Chains of Memories from gameboy advance, i drop it immediately since i don't understand why there are disney characters in it, so i boot up the game again when i was 14 trying to figure it out, then it give me more questions than closure in the end lolz.",positive,confusion_barrier,3,https://www.youtube.com/watch?v=eFfZqeXbioU&lc=Ugyx8_F_pNdjpzZibfV4AaABAg,precision,nostalgia_reactivation,,confusion_barrier
UgzIPpVhSWVeifBO8Ch4AaABAg,youtube,comment,"I think the real question that most people are asking is ""Which games are must play and which games should I skip?"" Kingdom Hearts makes it a bit confusing to deduce what is a mainline entry and what is a spin off; Kingdom Hearts 1, 2 and 3 are definitely mainline but what about Birth by sleep, Dream drop distance and chain of memories? 385/2 days and Re Coded are definitely skippable but what about the rest?",positive,confusion_barrier,1,https://www.youtube.com/watch?v=eFfZqeXbioU&lc=UgzIPpVhSWVeifBO8Ch4AaABAg,precision,general_discussion,,confusion_barrier
Ugw7whWbysCOOoGf2bl4AaABAg,youtube,comment,At least im not the only one who thought recoded was confusing as all hell,negative,confusion_barrier,0,https://www.youtube.com/watch?v=nS1DfiJAtEk&lc=Ugw7whWbysCOOoGf2bl4AaABAg,precision,frustrated_demand,,confusion_barrier
UgxqV1ytvAF8IO6eI8B4AaABAg,youtube,comment,"when you look at the similarities between unionX and monster hunter world I don't understand why unionX, dark road, missing link, can't be they're own game, yeah I know money right but doing what they do with the schedule release of game, I think it's what make it impossible for the most part other than that someone must hate nomura x) first versus 13 and now missing link ( I've seen the video I know that everything is bad right now for square on multiple lvl but I still have hope)",negative,confusion_barrier,0,https://www.youtube.com/watch?v=-3-bVFiTTCE&lc=UgxqV1ytvAF8IO6eI8B4AaABAg,precision,frustrated_demand,,confusion_barrier
Ugx4VeKmJp_XBhIjUx94AaABAg,youtube,comment,I just wanted to thank u again for this clear and concise retelling of a very convoluted and confusing narrative 💪,positive,confusion_barrier,2,https://www.youtube.com/watch?v=nS1DfiJAtEk&lc=Ugx4VeKmJp_XBhIjUx94AaABAg,precision,general_discussion,,confusion_barrier
Ugyo9WuDChl3XM7w40p4AaABAg,youtube,comment,watching KH4 trailer again and I still don't understand why (at least for now in the trailer) they are going for a dull color palette. Are we going back to the 2008-2012 era of thinking realism = dull colors again?,negative,confusion_barrier,2,https://www.youtube.com/watch?v=j2DSEkYFRh8&lc=Ugyo9WuDChl3XM7w40p4AaABAg,precision,general_discussion,,confusion_barrier
UgyqEmj6gNG_tAGcncl4AaABAg,youtube,comment,"The series really isn't any more confusing than any other long running series that has an overarching plot such as the Avengers series. The issue is the original release of the games were awful because you had to own so many consoles. It also didn't help that people thought anything not numbered was just a spin off that doesn't matter. If you actually just play the series in order and pay attention to the games, you'll understand the story. Some do just require a bit more attention than others (DREAM DROP DISTANCE)",negative,confusion_barrier,0,https://www.youtube.com/watch?v=nS1DfiJAtEk&lc=UgyqEmj6gNG_tAGcncl4AaABAg,precision,frustrated_demand,,confusion_barrier
Ugwab_2yIWTC9hMnLP14AaABAg,youtube,comment,"i dont care how old i am, i love this game. there's something about kingdom hearts that you'll love, even if the lore is confusing. you get to be friends with the characters you love. my summer vacations over, but i will forever play this game again and again #KHonSteam #Contest",positive,confusion_barrier,1,https://www.youtube.com/watch?v=G5_3qdf19BU&lc=Ugwab_2yIWTC9hMnLP14AaABAg,precision,nostalgia_reactivation,,confusion_barrier
UgwBzCyUHsLF8Q95fJB4AaABAg,youtube,comment,6 hours later I forgot who who was .Least confusing story ever told,positive,confusion_barrier,0,https://www.youtube.com/watch?v=nS1DfiJAtEk&lc=UgwBzCyUHsLF8Q95fJB4AaABAg,precision,frustrated_demand,,confusion_barrier
UgwApC9ZnRZqZtdkG7p4AaABAg,youtube,comment,"Ironic that the game called ""missing link"" became a literal missing link. Did they plan to be this confusing? Probably, its KH.",negative,confusion_barrier,0,https://www.youtube.com/watch?v=-3-bVFiTTCE&lc=UgwApC9ZnRZqZtdkG7p4AaABAg,precision,general_discussion,,confusion_barrier
UgzZRnaUAex8J9riJyR4AaABAg,youtube,comment,"I have never played KH with the JP voices, so the first 10 seconds of this video were quite a flash-bang! Genie calls himself Jini-chan in JP, that's SO CUTE, AWWW! And the interstitial jump-cuts to Cloud Strife playing chess with nobody and throwing jokers at the board is definitely keeping my attention! I don't understand it, but I'm captivated!",positive,confusion_barrier,14,https://www.youtube.com/watch?v=6g5otBrymgI&lc=UgzZRnaUAex8J9riJyR4AaABAg,precision,new_customer_interest,,new_customer_interest
UgzukjJGZwON5uQ4Xud4AaABAg,youtube,comment,"Anyway, because this is first video I see from channel, I don't know if this is channel's normal style, or if video is mimicking KH's style of writing to do the same ""telling info in less digestible way where you have to take a moment to think what they mean"" thing x'D Like I normally listen videos on background, but I kinda have to pause and focus on video to keep up with rapid pace of info overload. Though granted, I don't think that's because of the poetic way of describing themes of KH story points, you do very good job at being easy to understand while being poetic, its more of the rapid pace of speaking and delivery of the information. Like I have trouble internalizing all the behind the scenes info between poetic tellings of story points if I don't start to focus, don't usually have that problem even with my ADHD funnily enough xD (genuinely really informative video especially about Nomura's shenanigans and confusing his own team and disney executives)",positive,confusion_barrier,0,https://www.youtube.com/watch?v=6g5otBrymgI&lc=UgzukjJGZwON5uQ4Xud4AaABAg,precision,general_discussion,,confusion_barrier
Ugxgu6iAC4-gSXLT_6N4AaABAg,youtube,comment,"They really gotta stop putting these games on mobile, especially since they’re putting key info from the story in there. All of the mobile games were horrendously boring, I couldn’t get more than halfway in each one. They just gotta a sole type of short movie or something explaining all of it cause it’s incredibly confusing.",negative,confusion_barrier,1,https://www.youtube.com/watch?v=-3-bVFiTTCE&lc=Ugxgu6iAC4-gSXLT_6N4AaABAg,precision,frustrated_demand,,confusion_barrier
UgymHGTztjSmuN043dJ4AaABAg,youtube,comment,"Death is the most confusing part of this series. It's like the comic book version of how super heros never really die or stay dead for long, just on Broly type Super Saiyan steroids.",positive,confusion_barrier,0,https://www.youtube.com/watch?v=nS1DfiJAtEk&lc=UgymHGTztjSmuN043dJ4AaABAg,precision,confusion_barrier,,confusion_barrier
UgwUZztqFN8wdSwky7J4AaABAg,youtube,comment,"Maybe it'll be an opportunity to simplify the lore, which is needed. I don't think KH is too complicated, but it's needlessly complex and convoluted, as if they never dropped plot or lore ideas.",positive,confusion_barrier,7,https://www.youtube.com/watch?v=-3-bVFiTTCE&lc=UgwUZztqFN8wdSwky7J4AaABAg,precision,frustrated_demand,,general_discussion
UgywDI12SDAlV2z8mYJ4AaABAg,youtube,comment,"Bruh, this series is so confusing im already starting tonget lost 30 min. Not because of the recap, no, that part is great! Keep up the great work!",positive,confusion_barrier,0,https://www.youtube.com/watch?v=nS1DfiJAtEk&lc=UgywDI12SDAlV2z8mYJ4AaABAg,precision,confusion_barrier,,confusion_barrier
UgzsB3v_k_sRBZwH8AN4AaABAg,youtube,comment,"honestly, im convinced we will either get a (kh4 is restarting development) announcement, or they will slowly wait until everyone forgets. atp the game doesn't even exist to me unless we get a release date.",positive,frustrated_demand,0,https://www.youtube.com/watch?v=gNVWtjbGWdw&lc=UgzsB3v_k_sRBZwH8AN4AaABAg,precision,frustrated_demand,,general_discussion
UgxGlV2HtPaMMqNvpe54AaABAg,youtube,comment,Considering it was 14 years from KH2 to KH3. We've got at least until 2030s before it's coming close to the main line number releases.,positive,frustrated_demand,0,https://www.youtube.com/watch?v=gNVWtjbGWdw&lc=UgxGlV2HtPaMMqNvpe54AaABAg,precision,frustrated_demand,,frustrated_demand
UgxZdpf44za2oLVCwWp4AaABAg,youtube,comment,"Whats distressing about this to me is that means we're just gonna have to wait even longer for kh4, likely still with no news. And before anyone goes ""The gap between 2 and 3-"" we had games. We had things to tide us over and fill out the lore a bit more. Not to mention the collections and expanded versions of older titles. I hope they manage to rework what was in Missing Link into a new game or something (a movie is not sufficient as any fan will tell you), but that's not exactly an easy task, especially since they'd have to run it by Square, and Sqaure's buisness model lately has been ""Work on FF7R and nothing else for 10 years"". I hope this isnt where KH dies as a franchise, but im not hopeful given how KH has always operated releasing smaller titles and that not being allowed by Square anymore. I know that might seem dramatic, but i mean, ask Nier fans what happened to their franchise... or Twewy fans... or...",negative,frustrated_demand,1,https://www.youtube.com/watch?v=-3-bVFiTTCE&lc=UgxZdpf44za2oLVCwWp4AaABAg,precision,frustrated_demand,,frustrated_demand
UgxoQGKdXIZQVrSV2VN4AaABAg,youtube,comment,See you in another 4 years.,neutral,frustrated_demand,2,https://www.youtube.com/watch?v=j2DSEkYFRh8&lc=UgxoQGKdXIZQVrSV2VN4AaABAg,precision,frustrated_demand,,frustrated_demand
UgzOwvv6XSdU63c_w2h4AaABAg,youtube,comment,4 years ahhhh well wait 4 more year then finally will we have something took 13 years sinch kingdom hearts twos game just for kingdom hearts 3 I can gladly wait another 13 years,positive,frustrated_demand,0,https://www.youtube.com/watch?v=gNVWtjbGWdw&lc=UgzOwvv6XSdU63c_w2h4AaABAg,precision,frustrated_demand,,frustrated_demand
UgwKmzHsHjuPWJinD494AaABAg,youtube,comment,my prediction: in april 2026 we get a new KH4 after 4 years of waiting.... and 4 years later after that the game releases copium,neutral,frustrated_demand,2,https://www.youtube.com/watch?v=j2DSEkYFRh8&lc=UgwKmzHsHjuPWJinD494AaABAg,precision,frustrated_demand,,frustrated_demand
UgxM5xAp10FmvH2ilkx4AaABAg,youtube,comment,WHERE IS THE STEAM VERSION OF THE COMPLETE SERIES???? Steam Deck owners want to buy the game for their linux handheld devices! You would sell millions in a week!,positive,frustrated_demand,0,https://www.youtube.com/watch?v=j2DSEkYFRh8&lc=UgxM5xAp10FmvH2ilkx4AaABAg,precision,frustrated_demand,negative sentiment,frustrated_demand
Ugw1mMzrugTJKhSAD2Z4AaABAg,youtube,comment,Ah yes the long wait for KH2 from 2003-2005 due to it being revealed to early (simpler times) Now we have KH4 revealed 4 years ago and still no release date or even follow up trailer since the first one. Oh how much times change yet stay the same.,positive,frustrated_demand,1,https://www.youtube.com/watch?v=9d8LK9840IU&lc=Ugw1mMzrugTJKhSAD2Z4AaABAg,precision,frustrated_demand,,frustrated_demand
Ugw47Oz_fJIYBbwrD4t4AaABAg,youtube,comment,"Been a huge fan of the series since 2006 and been following this channel since 2013 (when 1.5 released on PS3). Always been someone with an outlook of the glass half full instead of half empty, but this huge period of silence has been incredibly difficult to keep positive. Really hope they re-reveal KH4 and the series as a whole in a huge way soon. It desperately needs it.",positive,frustrated_demand,0,https://www.youtube.com/watch?v=gNVWtjbGWdw&lc=Ugw47Oz_fJIYBbwrD4t4AaABAg,precision,nostalgia_reactivation,,frustrated_demand
UgxL_DfkS69ICLD3dX54AaABAg,youtube,comment,If we get a release date i hope you change the sticker from hollow bastion to radiant garden.,positive,frustrated_demand,4,https://www.youtube.com/watch?v=Xt_hGLer2gk&lc=UgxL_DfkS69ICLD3dX54AaABAg,precision,general_discussion,,general_discussion
UgwWrW6JtyrO2p7yWDV4AaABAg,youtube,comment,"I was 12 when KH1 came out now nearing 35!!!!! … this franchise is so ADHD I’m begging, It’s been 84 years… get on with KH4 😖 Sora’s mom is still waiting for him to come down for dinner and Haley Joel Osment ain’t getting any younger 🥲",neutral,frustrated_demand,2,https://www.youtube.com/watch?v=G5_3qdf19BU&lc=UgwWrW6JtyrO2p7yWDV4AaABAg,precision,frustrated_demand,,frustrated_demand
UgziSl1_tQhguxuQ7rp4AaABAg,youtube,comment,"No way I’m still waiting for this, man.",negative,frustrated_demand,3,https://www.youtube.com/watch?v=j2DSEkYFRh8&lc=UgziSl1_tQhguxuQ7rp4AaABAg,precision,frustrated_demand,,frustrated_demand
UgxbkJS4CLXuL8yE52t4AaABAg,youtube,comment,Bluett in regard to KH2’s release: “This anticipation however was also tinged with a certain frustration at the long wait.” *Me looking at KH3’s release date*,negative,frustrated_demand,5,https://www.youtube.com/watch?v=9d8LK9840IU&lc=UgxbkJS4CLXuL8yE52t4AaABAg,precision,frustrated_demand,,general_discussion
UgwUaOPGqfm4_-10EHt4AaABAg,youtube,comment,"It's crazy that we're getting all the 7 Remake Project being completed in between KH3 and KH4. Starting to get to me ngl. Starting to hate FF7 because of this. Like, where's the other game? I mean. looking at Capcom with Street Fighter, Dragon's Dogma 2, Monster Hunter, Resident Evil 9 and now Pragmata... WHERE THE F*** IS SQUARE ENIX LIKE WHERE IS NIER, WHERE IS DRAGON""S QUEST, WHERE IS KINGDOM HEARTS, LIKE H O L Y S * * *",positive,frustrated_demand,0,https://www.youtube.com/watch?v=gNVWtjbGWdw&lc=UgwUaOPGqfm4_-10EHt4AaABAg,precision,frustrated_demand,,frustrated_demand
Ugx0QDjeelop_cyyGOd4AaABAg,youtube,comment,"Just so we're keeping track of the scoreboard: KH3 was announced in 2013 and released in 2019. Wait time: 6 years. In that time, we got: 1. Several remix packages of all the games 2. 0.2 3. Back Cover 4. Slow drip of Union X over a span of all those years 5. Tons of trailers and tech demos for KH3 KH4 was announced in 2022 and still unreleased in 2026. Wait time: 4 years and counting. In that time, we've gotten: 1. The ending of Dark Road 2. ONE beta trailer for KH4 and a couple screenshots 3. Trailers and beta tests for a mobile game that got cancelled We've got a couple years to go before we match the wait time for KH3, but all in all, I'd say the franchise is in worse straits than it ever was during that period.",negative,frustrated_demand,81,https://www.youtube.com/watch?v=sz5gq0LgYWw&lc=Ugx0QDjeelop_cyyGOd4AaABAg,precision,frustrated_demand,,frustrated_demand
Ugw7WHcyrffOZBpBtDF4AaABAg,youtube,comment,Yeah I won't be surprised if we get no news this year for KH4 as square enix is probably going to focus on promotional work for FF7 Remake part 3,negative,frustrated_demand,2,https://www.youtube.com/watch?v=ZxKqFEAARYU&lc=Ugw7WHcyrffOZBpBtDF4AaABAg,precision,frustrated_demand,,frustrated_demand
UgwCN5FHevdpk7yJZxp4AaABAg,youtube,comment,He said the kingdom hearts 4 release date is inside the black box lol that was pretty funny 😂,positive,frustrated_demand,0,https://www.youtube.com/watch?v=zux8BX6EuxI&lc=UgwCN5FHevdpk7yJZxp4AaABAg,precision,general_discussion,,general_discussion
1htbrfp,reddit,post,"Kingdom Hearts 4: 1,000 Days of Silence",positive,frustrated_demand,1,https://reddit.com/r/SquareEnix/comments/1htbrfp/kingdom_hearts_4_1000_days_of_silence/,precision,frustrated_demand,,frustrated_demand
Ugz1qish3WvexnSieYB4AaABAg,youtube,comment,Imo if a game is nowhere near a release date stop dropping trailers 10 years before and the whole reboot thing is understandable but at least make an announcement or a tweet sayin hey we didn't forget about u guys this game is still comin or whatever the case jus communicate with the fans bettter instead of dropping trailers 4 years ago n goin ghost jus my opinion,negative,frustrated_demand,0,https://www.youtube.com/watch?v=sz5gq0LgYWw&lc=Ugz1qish3WvexnSieYB4AaABAg,precision,frustrated_demand,,frustrated_demand
UgwfMUwHYSFpYiO8ud14AaABAg,youtube,comment,So my fiancee and I are getting married in 2027 I will be so mad if the release dates on my wedding day lmao,negative,frustrated_demand,0,https://www.youtube.com/watch?v=Xt_hGLer2gk&lc=UgwfMUwHYSFpYiO8ud14AaABAg,precision,frustrated_demand,,general_discussion
Ugzc1uW0rFjuWLsJJJl4AaABAg,youtube,comment,"I wanted to see that kingdom hearts 4 trailer, I can't wait to see Mickey finally gonna have a story in the game as a playable, and I really love his Japenese voice in the japenese dub, I was wondering about the scream",positive,high_intent,1,https://www.youtube.com/watch?v=XO1PlvNN_7s&lc=Ugzc1uW0rFjuWLsJJJl4AaABAg,precision,general_discussion,,general_discussion
UgwkbT5ABUuxW-mfiwl4AaABAg,youtube,comment,"I may not have grown up playing Kingdom Hearts but it dose hold a very dear place in my heart and ill always love this series. I was ecstatic when the cloud versions came to Switch because i could finally play these games and experience this series myself. I was also going through a very dark time in my life and if it wasn't for those Saturday nights playing this series with my brother till we passed out in the living room, i might not be breathing today. It kept me going and im so excited to see it become more accessible to even more people. Myself included cuz lets be honest here fighting the internet to get through on the cloud versions was less then ideal, but it got me through nonetheless. I cant wait for the release and go through my beloved series again on Steam and have it on my Steam page and can't wait to work towards 100%ing the Steam achievements",positive,high_intent,1,https://www.youtube.com/watch?v=G5_3qdf19BU&lc=UgwkbT5ABUuxW-mfiwl4AaABAg,precision,nostalgia_reactivation,,high_intent
UgzNgy9QOS5aZsbdXa54AaABAg,youtube,comment,I know I'm not buying it. Try being 42. I was in high-school when the first one released. I barely felt like buying the 3rd one. I stopped caring about that franchise after they completely butchered KH iii game.,positive,high_intent,1,https://www.youtube.com/watch?v=gNVWtjbGWdw&lc=UgzNgy9QOS5aZsbdXa54AaABAg,precision,expectation_decay,negative sentiment,high_intent
UgzZZ165G1iXb4Bmxlh4AaABAg,youtube,comment,Can't wait for the year 2027 when we talk about KH4 possibly releasing in 2029 with no new trailer since the first one.,negative,high_intent,22,https://www.youtube.com/watch?v=Xt_hGLer2gk&lc=UgzZZ165G1iXb4Bmxlh4AaABAg,precision,frustrated_demand,,general_discussion
UgyxDBRkJO8_p_Sj92B4AaABAg,youtube,comment,"Listen, I've watched videos with 3 hour marks but this here? This definitely cut the cake but I ENJOYED every second of it. So much so that I just beat Birth By Sleep recently and now I'm gonna hop on KH1 and continue the journey! Thank you for this public service. I, as well as other fans here, can't wait for any KH4 updates and the release of it!!",positive,high_intent,5,https://www.youtube.com/watch?v=nS1DfiJAtEk&lc=UgyxDBRkJO8_p_Sj92B4AaABAg,precision,general_discussion,,general_discussion
UgyRkXa6_Mle-IWEMEV4AaABAg,youtube,comment,"Yeah, I’m not buying it lol they took 100% advantage of the fans by trying to save their own cancellation of missing link with screenshots. Screen. Shots. And everyone ate it up. A whole nothing burger lol Then they hit us with “keep an eye out for further updates."" This game ain’t coming out until 2028/2029",positive,high_intent,3,https://www.youtube.com/watch?v=XO1PlvNN_7s&lc=UgyRkXa6_Mle-IWEMEV4AaABAg,precision,expectation_decay,,high_intent
UgyxmJ8jBxFT8iex7dJ4AaABAg,youtube,comment,"This video is so interesting so far! I've always been incredibly curious about the japanese text! The ""those who know nothing can understand nothing"" line I always interpreted about seeinf but to see I was so accurate is sick! It literally mirrors the master of masters as he essentially got that thought through him yet ironically, Xehanort remained so blind. I did not, however, catch the platos cave parallel with them literally being in a cave. Got me good with that one. Had me jumping out of my seat. Can't wait to be more surprised later! Glad to see a video exploring how deep kh is. So many people just dismisses it as senseless nonsense when it isn't. Or just make unconvincing fallacy arguments. Just showing them and teaching is so much more effective in this adhd like format haha.",positive,high_intent,10,https://www.youtube.com/watch?v=6g5otBrymgI&lc=UgyxmJ8jBxFT8iex7dJ4AaABAg,precision,general_discussion,,general_discussion
UgxHXiiNQ49VlAcFez94AaABAg,youtube,comment,All the remasters and remakes had their difficulty nerfed big time. There is nothing like just buying an actual ps2 and playing the original.,negative,high_intent,1,https://www.youtube.com/watch?v=eFfZqeXbioU&lc=UgxHXiiNQ49VlAcFez94AaABAg,precision,general_discussion,,general_discussion
UgwqNeAfnrkeK55Tfnl4AaABAg,youtube,comment,"Couldn't watch it last night during the premier but I just woke up and here I am! This, may possibly be my favorite game of all time, I was 10 years old when it came out which is literally the perfect age, and I had progressed really far with my English and could actually understand the story without help unlike the first game. I remember completing the game after binging it for a week straight and starting a new save immediately, I kept on playing it almost constantly for something like 4 years until I got a PS3 and had well over 10 save files that had all been completed. This is such a special game, just like the first was, and I can't wait to watch this video!",positive,high_intent,0,https://www.youtube.com/watch?v=9d8LK9840IU&lc=UgwqNeAfnrkeK55Tfnl4AaABAg,precision,nostalgia_reactivation,,frustrated_demand
Ugw-Dq1rg5vU2Q7G46Z4AaABAg,youtube,comment,Great Summary! Can't wait for Phase 2 👍🏻,positive,high_intent,6,https://www.youtube.com/watch?v=1gnE_NzfmSc&lc=Ugw-Dq1rg5vU2Q7G46Z4AaABAg,precision,general_discussion,,general_discussion
UgxzfDGW8JM4XH5fHAF4AaABAg,youtube,comment,"I remember buying KH2 on my 7th birthday in a store in Disney Land Paris. My dad had bought KH1 for me the year before and I fell in love instantly, so I was head over heels when I saw that a sequel already existed. It completely overshadowed any other fun I might have had in Disney Land, still one of my fondest memories.",positive,high_intent,1,https://www.youtube.com/watch?v=9d8LK9840IU&lc=UgxzfDGW8JM4XH5fHAF4AaABAg,precision,nostalgia_reactivation,,nostalgia_reactivation
UgyBBw0ftSGXbZLwuxN4AaABAg,youtube,comment,not me about to cryyyyyy likeeeeee i loved this gameeee so much and till this day i still listen to Utada Hikaru her voice sounds amazing as always (The kids will never understand) I will be buying every copy,positive,high_intent,0,https://www.youtube.com/watch?v=G5_3qdf19BU&lc=UgyBBw0ftSGXbZLwuxN4AaABAg,precision,nostalgia_reactivation,,general_discussion
UgxtcCquUKuanHTZf2R4AaABAg,youtube,comment,"I hope dark road finale really gives us xehanort true reasoning for throwing the words into darkness , I'm not buying that reasoning in kh3 , and missing link why could they just make it a console game to hold us over until kh4 releases. i would have bought it or make it free to play on both mobile and consoles",positive,high_intent,1,https://www.youtube.com/watch?v=j2DSEkYFRh8&lc=UgxtcCquUKuanHTZf2R4AaABAg,precision,general_discussion,,general_discussion
UgyZJswT2ylfpLexIpJ4AaABAg,youtube,comment,#KHonSteam #Contest one of my all time favorite game! I played all episodes! I remember buying a Nintendo 3ds just for KH dream drop distance xD,positive,high_intent,0,https://www.youtube.com/watch?v=G5_3qdf19BU&lc=UgyZJswT2ylfpLexIpJ4AaABAg,precision,nostalgia_reactivation,,nostalgia_reactivation
UgwF_Kvrn2O3eJui-tF4AaABAg,youtube,comment,This game series is truly one of the best! I can't wait for KH4. I've played this game ever since it was available long ago on the PS2. The Disney worlds are always my favorites. :) #KHonSteam,positive,high_intent,0,https://www.youtube.com/watch?v=G5_3qdf19BU&lc=UgwF_Kvrn2O3eJui-tF4AaABAg,precision,nostalgia_reactivation,,general_discussion
UgxYcrSJCOmdbsA-tsx4AaABAg,youtube,comment,"Chain of Memories was my intro and I absolutely adored the game growing up. Zero clue WTF happened to it and most of my GBA games. Fast forward 15+ years and I’m trying to dip my toes back into gaming. I’ve got a Steam account + gaming desktop computer. I’ve also got a Switch Lite. I made the mistake of buying the Melody game off eBay, assuming it’d be a RPG from the jump 🙃😭 I’ll still keep it, but it was underwhelming when I opened my mail yesterday. Thanks for the video!!! Hoping to figure out next steps.",positive,high_intent,2,https://www.youtube.com/watch?v=eFfZqeXbioU&lc=UgxYcrSJCOmdbsA-tsx4AaABAg,precision,nostalgia_reactivation,,frustrated_demand
UgycH6aIa3slpVqjb0Z4AaABAg,youtube,comment,"Honestly might just buy KH4 from a third party instead of buying it directly from square, not a fan at all with how much they're keeping us in the dark like this. Seriously, the only reason we got ANY news this year was for damage control for when ML got cancelled, and it was just a couple screenshots. It's plain disrespectful.",neutral,high_intent,1,https://www.youtube.com/watch?v=Xt_hGLer2gk&lc=UgycH6aIa3slpVqjb0Z4AaABAg,precision,frustrated_demand,,high_intent
UgxiHTDp14kcyuCPNdp4AaABAg,youtube,comment,#KHonSteam #Contest I can't wait to binge the full series all over again!,neutral,high_intent,0,https://www.youtube.com/watch?v=G5_3qdf19BU&lc=UgxiHTDp14kcyuCPNdp4AaABAg,precision,nostalgia_reactivation,,general_discussion
UgzW1iu5kdnpDl9wgrt4AaABAg,youtube,comment,"This was the first game I ever preordered. When the first game came out I was at that age where I was trying to act like Disney was for little kids, and I wasn’t a big fan of Final Fantasy. Once I played KH1 and FF10 though it was over for me. The wait for KH2 was insane for me, it felt like it was a decade even though it was only a few years. I was so hyped playing it being blown away by the FF characters and the action. It’s still my favorite game ever.",positive,high_intent,7,https://www.youtube.com/watch?v=9d8LK9840IU&lc=UgzW1iu5kdnpDl9wgrt4AaABAg,precision,nostalgia_reactivation,,frustrated_demand
UgwWKek0SxrvKT4YBkB4AaABAg,youtube,comment,Oh it's so pretty🎉 nice I can't wait 👍🏻ahhh love it,positive,high_intent,0,https://www.youtube.com/watch?v=G5_3qdf19BU&lc=UgwWKek0SxrvKT4YBkB4AaABAg,precision,general_discussion,,general_discussion
UgzdhDuZTlpv-A8PBql4AaABAg,youtube,comment,2:35:23 remember when Star Wars thought it was cool enough to pull off a Goofy Death Sequence?,negative,new_customer_interest,1,https://www.youtube.com/watch?v=9d8LK9840IU&lc=UgzdhDuZTlpv-A8PBql4AaABAg,precision,general_discussion,,nostalgia_reactivation
UgyWKIO7udyaCiDeSrl4AaABAg,youtube,comment,Odin is gonna be in the Marvel world.,positive,new_customer_interest,0,https://www.youtube.com/watch?v=zux8BX6EuxI&lc=UgyWKIO7udyaCiDeSrl4AaABAg,precision,general_discussion,,general_discussion
UgzIsA1kRlC7XwIQDp14AaABAg,youtube,comment,New returning worlds will arrive in kingdom hearts 4 coming soon like Mulan Aladdin dinosaur pirates of the Caribbean toy story Moana raya emperor's new groove Coco hunchback of Notre Dame lion king Avatar marvel Star wars and Pokemon sun and moon anime in kingdom hearts 4 coming soon too same as Sanctuary will be in kingdom hearts 4 coming soon too & new trailers of kingdom hearts 4 coming soon too ❤🎉❤🎉❤🎉❤🎉❤🎉❤🎉❤🎉❤🎉❤❤❤🎉🎉🎉😂😊😮😅😮😊😊😊😮😮😮😅😅😅😂😂😂,positive,new_customer_interest,1,https://www.youtube.com/watch?v=ZxKqFEAARYU&lc=UgzIsA1kRlC7XwIQDp14AaABAg,precision,general_discussion,,general_discussion
UgwBc_6brjlLGQL2Tbd4AaABAg,youtube,comment,you know who he is xehanort is the true anti hero the master of master is true evil in carnet telling sora I AM YOUR FATHER bilabial not star wars,positive,new_customer_interest,0,https://www.youtube.com/watch?v=zux8BX6EuxI&lc=UgwBc_6brjlLGQL2Tbd4AaABAg,precision,general_discussion,,general_discussion
UgzvvGz68Bf8PPWGGQJ4AaABAg,youtube,comment,"Potential Spoilers: Look this is cool and all, but I am soooooo hype for Kingdom Hearts getting Star Wars. If they do that really well, and everything else is at least what people expect, then this will be the best game in the series. It already doesn't have to try very hard to beat Kingdom Hearts 3 and its wacky Frozen world, which they're probably going to do again in KH4. God help us all if that is the case. Frozen 2 land. Just end me now. I'd literally rather do another Winnie The Pooh storybook world, or Little Mermaid & Friends sing-a-long. Even still though, I'm sure the Frozen 2 world would at least beat out the Frozen 1 world, so KH4 would still have the edge on KH3 even if they do go that route. Doesn't mean I want it included though. Same for Marvel. Just keep Marvel out of my life, please. Marvel sucks these days as is, and I think most of us are tired of it, but more importantly there is no world in which Spider-Man and Iron Man talking with Donald and Goofy is a good thing, or even a little bit charming. If they release a Marvel world, and it is actually fun to play and well written, I will actually eat a shoe. At least I can laugh at the idea of Palpatine addressing Goofy, since Palpatine himself is 'goofy' as hell and a part-time meme. We already know the Star Wars world is happening though. The fine narrative details are the only thing in question.",positive,new_customer_interest,0,https://www.youtube.com/watch?v=G5_3qdf19BU&lc=UgzvvGz68Bf8PPWGGQJ4AaABAg,precision,general_discussion,,general_discussion
Ugyv13snXG2wn1TTQNB4AaABAg,youtube,comment,Mis mundos que quiero ver incluidos en Kingdom Hearts IV: 1: Endor (Star Wars VI: El Retorno del Jedi) 2: Toronto (Red) 3: Imperio de Kuzco (El Emperador y sus Locuras) 4: Springfield (Los Simpson: La Pelicula) 5: Radiador Springs (Cars) 6: Nueva York (Los Vengadores) 7: El Espacio (El Planeta del Tesoro) 8: Atlantis (Atlantis: El Imperio Perdido) 9: Antigua Inglaterra (Disney's Cuento de Navidad (A Christmas' Carol)) 10: Portorosso (Luca) 11: Tierra de los Muertos (Coco) 12: Danville (Phineas Y Ferb: A Través de la Segunda Dimensión) 13: Miauni (Star VS Las Fuerzas del Mal) 14: Free City (Sustituto para La Red) (Free Guy) 15: Kumandra (Raya y el Último Dragón),positive,new_customer_interest,0,https://www.youtube.com/watch?v=j2DSEkYFRh8&lc=Ugyv13snXG2wn1TTQNB4AaABAg,precision,general_discussion,,general_discussion
UgzBHh4uEfpeso8a7vt4AaABAg,youtube,comment,Let’s goooooo!!!!! I hope Kingdom Hearts 4 has Star Wars and Marvel worlds.,positive,new_customer_interest,1,https://www.youtube.com/watch?v=j2DSEkYFRh8&lc=UgzBHh4uEfpeso8a7vt4AaABAg,precision,new_customer_interest,,general_discussion
Ugy7ZwXbJfrreRqOLep4AaABAg,youtube,comment,I hope we get Star Wars,negative,new_customer_interest,0,https://www.youtube.com/watch?v=j2DSEkYFRh8&lc=Ugy7ZwXbJfrreRqOLep4AaABAg,precision,new_customer_interest,,general_discussion
UgyyyKzfaSYrEqi5tYB4AaABAg,youtube,comment,"I think Star Wars might be in Kingdom Hearts! The forest in the trailer looks like Endor, and you can see the back of the AT-ST's foor (or what looks to be)at 4:42!",positive,new_customer_interest,2,https://www.youtube.com/watch?v=j2DSEkYFRh8&lc=UgyyyKzfaSYrEqi5tYB4AaABAg,precision,general_discussion,,general_discussion
UgyjsQcGYmMppf3bBDJ4AaABAg,youtube,comment,Nomura really should have asked Disney to make a Disney Plus show to keep KH fans engaged during the wait for KH4.,positive,new_customer_interest,0,https://www.youtube.com/watch?v=gNVWtjbGWdw&lc=UgyjsQcGYmMppf3bBDJ4AaABAg,precision,general_discussion,,general_discussion
UgxLr6_TddeZIVMAB1N4AaABAg,youtube,comment,I don't think you understand what the retcon is. If nothing was mentioned about ansem being connected to a mentor that is not a retcon. A retcon is a fundamental change in the story or change in something that was previously established. For example spoilers for Dragon Ball super the Future Trunks saga. In Dragon Ball Z it is sad that the potara earrings will merge two people forever in fact they give us an example of this but then in Dragon Ball super apparently it's only temporary because they're humans that is a retcon. Also Star Wars did not retcon Anakin being Luke's father. That was always established. George Lucas always had this story written that way,positive,new_customer_interest,0,https://www.youtube.com/watch?v=9d8LK9840IU&lc=UgxLr6_TddeZIVMAB1N4AaABAg,precision,general_discussion,,general_discussion
UgxNumw-6-lH9rPxv594AaABAg,youtube,comment,Marvel has no place in kingdom hearts,positive,new_customer_interest,0,https://www.youtube.com/watch?v=78pm-aBw_Ck&lc=UgxNumw-6-lH9rPxv594AaABAg,precision,general_discussion,,general_discussion
UgxvBJhSJQatoBJu2wJ4AaABAg,youtube,comment,Olympus returning and star wars aaand maybe something else dude lets gooooooooo,negative,new_customer_interest,1,https://www.youtube.com/watch?v=j2DSEkYFRh8&lc=UgxvBJhSJQatoBJu2wJ4AaABAg,precision,general_discussion,,general_discussion
UgzOcauObMOePl95XHx4AaABAg,youtube,comment,I want a Star Wars world in kh4,negative,new_customer_interest,0,https://www.youtube.com/watch?v=78pm-aBw_Ck&lc=UgzOcauObMOePl95XHx4AaABAg,precision,new_customer_interest,,general_discussion
UgxS-Cd-85_3cWfmz7t4AaABAg,youtube,comment,"I absolutely hate the idea of Marvel and Star Wars in kingdom hearts. I hate it and I don’t care how many parallels there are to either franchises. I want them to stay separate. That said, it will be interesting to see how they balance the lores with KH because I - again don’t want them. Big Hero 6 is the only marvel thing I wanna see.",positive,new_customer_interest,0,https://www.youtube.com/watch?v=78pm-aBw_Ck&lc=UgxS-Cd-85_3cWfmz7t4AaABAg,precision,general_discussion,,general_discussion
UgxhLQcphc5MICa07pB4AaABAg,youtube,comment,"The way Disney has been handling both star wars and marvel, I'd rather just not see either get wrapped up in kingdom hearts",positive,new_customer_interest,1,https://www.youtube.com/watch?v=78pm-aBw_Ck&lc=UgxhLQcphc5MICa07pB4AaABAg,precision,general_discussion,,general_discussion
UgyEMYG859pGoQSpmGx4AaABAg,youtube,comment,Trailers of kingdom hearts 4 coming soon like Mulan Aladdin dinosaur pirates of the Caribbean toy story Moana raya emperor's new groove Coco hunchback of Notre Dame lion king Avatar marvel Star wars and Pokemon sun and moon anime in kingdom hearts 4 coming soon too same as Sanctuary will be in kingdom hearts 4 coming soon too ❤🎉❤🎉❤🎉❤🎉❤❤❤🎉🎉🎉❤🎉❤🎉❤🎉❤🎉❤🎉❤🎉❤🎉❤🎉❤🎉😊😊😊😂😂😂😮😮😮😅😂😅😅😅😮😮😮❤🎉❤❤❤🎉🎉🎉❤🎉❤🎉❤🎉,positive,new_customer_interest,1,https://www.youtube.com/watch?v=XO1PlvNN_7s&lc=UgyEMYG859pGoQSpmGx4AaABAg,precision,general_discussion,,general_discussion
UgzF_aUzFZ11q1dyfCF4AaABAg,youtube,comment,KINGDOM HEARTS 4 new hope trailer 🙏🏻😭star wars reference,positive,new_customer_interest,10,https://www.youtube.com/watch?v=XO1PlvNN_7s&lc=UgzF_aUzFZ11q1dyfCF4AaABAg,precision,general_discussion,,general_discussion
UgxVdwA5nWQdYA5XWUh4AaABAg,youtube,comment,I certainly hope this mystery box doesn't become a Disney Star Wars mystery box scenario.,positive,new_customer_interest,3,https://www.youtube.com/watch?v=zux8BX6EuxI&lc=UgxVdwA5nWQdYA5XWUh4AaABAg,precision,general_discussion,,general_discussion
UgyAIeYJUaJVqPYizgV4AaABAg,youtube,comment,kingdom hearts 4 dlc multiverso toy story 3 pirates of the caribbean 4 zootopia star wars 2 attack of the clones vingadores 2 era de ultron alien covenant final fantasy 10 dragon quest 10 nier automata gravity falls amphibia the owl house mulan 2 a lenda continua galáxia wander,negative,new_customer_interest,0,https://www.youtube.com/watch?v=G5_3qdf19BU&lc=UgyAIeYJUaJVqPYizgV4AaABAg,precision,general_discussion,,general_discussion
UgwYfyqDlZdosdzhnAF4AaABAg,youtube,comment,"1:01:22 I chose to play 358/2 before KH2 because without it, this Axel/Roxas stuff would've fell SO flat for me. All the Org 13 stuff would've. With the Days context, I was extremely invested.",positive,nostalgia_reactivation,0,https://www.youtube.com/watch?v=9d8LK9840IU&lc=UgwYfyqDlZdosdzhnAF4AaABAg,precision,nostalgia_reactivation,,general_discussion
msf9rc2,reddit,comment,"Calling KH1 mediocre gameplay is a choice when it has way better level design, respects rpg systems unlike KH2 and utilizes its rpg systems in the gameplay. Meanwhile it took KH2 a Final Mix version to add something like cavern of remembrance that actually respects rpg systems and it's still not close to kh2 lmao",positive,nostalgia_reactivation,1,https://reddit.com/r/JRPG/comments/1kmwpfq/official_kingdom_hearts_twitter_account_shares/msf9rc2/,precision,frustrated_demand,nostalgic undertone,general_discussion
UgzSX-5_Y4Eg0oX-JAl4AaABAg,youtube,comment,Sheesh nostalgia,neutral,nostalgia_reactivation,1,https://www.youtube.com/watch?v=G5_3qdf19BU&lc=UgzSX-5_Y4Eg0oX-JAl4AaABAg,precision,nostalgia_reactivation,,nostalgia_reactivation
UgxjieFbK6NXCQbB1tt4AaABAg,youtube,comment,I think playing 358/2 days before KH2 makes that beginning to KH2 hit different,positive,nostalgia_reactivation,1,https://www.youtube.com/watch?v=eFfZqeXbioU&lc=UgxjieFbK6NXCQbB1tt4AaABAg,precision,nostalgia_reactivation,,general_discussion
UgzTTbZRvvwb3GrmruZ4AaABAg,youtube,comment,"finally, a good take on the KH2 gummy ship...which is simply not as good as the first",positive,nostalgia_reactivation,1,https://www.youtube.com/watch?v=9d8LK9840IU&lc=UgzTTbZRvvwb3GrmruZ4AaABAg,precision,general_discussion,,general_discussion
UgzKsuZh3Gw2y2PsI794AaABAg,youtube,comment,"I think it's laughable that you didn't mention the reason behind all this is : FF Versus XIII. I don't know why KH fans are still so ignorant about Versus XIII. Hmm, maybe they were only obsessed with KH3? I challenge anyone to prove that Verum Rex or Yozora existed from 2006 to 2013. They didn't exist. But their existence happened between 2014 and 2019, and we have proof of their existence in Sep 2017. The 2014-2017 period was when Nomura,Nojima and Tokyo team (FF7/FF8/KH1&2/Dissidia) were removed from FF15.. it was the Tabata FF15 Reboot.. and it was the same period when Nomura was so angry. But you don't want to notice any of this because you're too busy with Star Wars and Marvel nonsense, because ultimately you're Disney fans, not Square fans.",negative,nostalgia_reactivation,3,https://www.youtube.com/watch?v=78pm-aBw_Ck&lc=UgzKsuZh3Gw2y2PsI794AaABAg,precision,general_discussion,,general_discussion
UgyPkjCaQHfVv7mC2zx4AaABAg,youtube,comment,"not gonna lie i didnt even think this was on the table for ""mysteries"" but i swear to god i hope they NEVER show us the explanation for king triton. That cutscene plus kairi's grandmother's fairytale scene are one of the few scenes that really solidify that the kh universe is a UNIVERSE even by the first game. something that has unknown stories behind every world and character. Its why i was always excited to see what they did with chi/key/X. It was a self contained story that other than a few easter eggs relating to malificent had little or nothing to do with the modern series. Then they had to throw ventus, larium and elrena and it took alot of the mystique out of it. To be clear i like UX as well but i kinda feel it did to X/chi/key what kh2 did to kh1. It not worse, in many ways its better, but its different in a way that feels conflicting with what the original idea was. tldr: ""leave triton the fuck alone, no one wants to go back to atlantica anyways"" - an atlantica fan.",positive,nostalgia_reactivation,0,https://www.youtube.com/watch?v=zux8BX6EuxI&lc=UgyPkjCaQHfVv7mC2zx4AaABAg,precision,general_discussion,,general_discussion
UgyFyAoRBRvfqc3NAg94AaABAg,youtube,comment,"Best kh trailer ever. This brings me back🥹. Especially ""like is any of this real or not""? ""They are my power. First ps2 now it'll be ps5.",positive,nostalgia_reactivation,0,https://www.youtube.com/watch?v=G5_3qdf19BU&lc=UgyFyAoRBRvfqc3NAg94AaABAg,precision,nostalgia_reactivation,,general_discussion
Ugz2jMUN3qSBKEDK6qh4AaABAg,youtube,comment,The black box is gonna hold something stupid like a group photo from long ago or a childhood memento,negative,nostalgia_reactivation,2,https://www.youtube.com/watch?v=zux8BX6EuxI&lc=Ugz2jMUN3qSBKEDK6qh4AaABAg,precision,general_discussion,,general_discussion
Ugzqd2bRC_XJWF0XZYZ4AaABAg,youtube,comment,Isn't it the 20th anniversary of KH2,neutral,nostalgia_reactivation,0,https://www.youtube.com/watch?v=wwgOM_BiRQo&lc=Ugzqd2bRC_XJWF0XZYZ4AaABAg,precision,general_discussion,,general_discussion
UgyHL2jeXRvZ0m-6Sgx4AaABAg,youtube,comment,this is a LOT to play and honestly I'm not even sure my PC can handle the newer games but I'll definitely check out from kh1 to kh2 at the very least cuz it does seem fun :],positive,nostalgia_reactivation,2,https://www.youtube.com/watch?v=eFfZqeXbioU&lc=UgyHL2jeXRvZ0m-6Sgx4AaABAg,precision,new_customer_interest,,general_discussion
Ugxw-h2kxGSgtSuGRWZ4AaABAg,youtube,comment,"The plot of Kingdom Hearts is basically that of Star Wars, Naruto and Matrix fused into one. The Keyblade and the Kingdom Hearts represent lightsabers and the Force, the dichotomy between the light, represented by positive emotions like love and altruism, and the darkness, negative emotions like fear, anger, hatred and suffering. In a distant Golden Age, the Keybladers founded their own Jedi Order on a faraway world. Some members grew greedy and selfish, starting a fratricidal civil war over the control of Kingdom Hearts, cataclysm that destroyed their world and began an endless cycle of conflict between Light and Darkness. After the cataclysm, the Order rebuilt itself in a new headquarters, but the Darkness resurfaced, and the survivors relocated once more.The new Grand Master decided to indoctrinate the new Keyblade wielders from childhood to completely reject the Darkness, to prevent them from falling into it. However, the brightest light casts the darkest shadow. The new enemy, disguised as an ally, manipulated a young man who had been rejected as a Master into embracing the Darkness, convincing him that he would gain the power to protect what mattered.. His friend, a dutiful and composed young woman recently appointed Master, faced the fallen keyblader in a bitter battle, which she won, but still ended up forced into exile, powerless to stop the Darkness, with only her regrets for company. The villain, in his boundless arrogance, aspired to become a god with dominion over life and death, as well as time and space themselves. Kingdom Hearts, enraged by such blasphemy against nature, retaliated by creating a boy who would end the upstart's reign, whom ancient legends identified as a Chosen One who would open the door to the Light, restoring the balance lost centuries ago. Years later,this seemingly ordinary young man with no Jedi training or education was chosen by Destiny to wield the Keyblade and vanquish the evil his predecessors had failed to stop. His adventure began by saving a beautiful princess from the clutches of the fallen hero, then his friend, and finally the keybladers lost to the darkness. The hero managed to defeat evil through empathy, forgiveness, and self-sacrifice, symbolizing the birth of a new Order of Keyblade Bearers. The attachments and love that had led so many into darkness became the very things that saved them from it. Like Naruto there are three main trios (Wayfinder trio, clock tower trio, Destiny islands trio) / (Sanins, team Minato, team 7), in which the same pattern is repeated: The rival / love interest of the main hero falls into darkness (Terra, Axel, Riku) / (Orochimaru, Obito, Sasuke) and one of them dies / is unconscious (Jiraiya, Rin, Naruto) / (Ven, Xion, Sora) and somehow all these nine people are related to each other. The series begins with the protagonist's call to adventure, facing a villain who tries to possess his rival (Orochimaru / Ansem), while in the second part the heroes face an organization of misfits dressed in black who seek to remake the world (Akatsuki / Organization XIII). The plot revolves around the conflict between two ideologically antagonistic factions (Light/Darkness - Senju/Uchiha) that are two sides of the same coin. One believes that love is the key to achieving peace, the other believes that power born from hatred is the key. Both authors give increasingly insane plot twists at the end of the play, such as resurrecting dead villains, stuffing bullshit powers into the plot (Rinnegan Sharingan / time travel, Power of Waking) and by abusing the man behind the man trope in a ridiculous way. , to the point that we thought it would be the final boss (Madara / Xehanorth) ends up being the pawn of his supposed right hand working for someone else (Zetsu / Xigbar) (Kaguya / Master of Masters). Well, I think Kingdom Hearts 2 and then Recoded explain the franchise's similarities to The Matrix quite well. A boy discovers that the entire reality he believed in is false and is forced to leave the cave to attain knowledge. However, we can compare Agent Smith and his clones to Xehanort and his extensions—a program that malfunctioned and became a virus which began to spread, threatening to destroy the entire system. The programmers created an antivirus in the form of Sora, who essentially turned the virus's weapons against it to defeat it. Sadly, the antivirus was discarded once it had served its purpose, lest it malfunction and become a glitch that would mess up the system.",negative,nostalgia_reactivation,21,https://www.youtube.com/watch?v=6g5otBrymgI&lc=Ugxw-h2kxGSgtSuGRWZ4AaABAg,precision,general_discussion,,frustrated_demand
Ugz6a2EmLpoJxWapKUR4AaABAg,youtube,comment,"Played a little bit of kingdom hearts 1 when I was young in the PS2. Bought it all for Xbox, but have 2 kids. Thinking about jumping back in after coming across this video. This video inspired me. Lol",positive,nostalgia_reactivation,1,https://www.youtube.com/watch?v=eFfZqeXbioU&lc=Ugz6a2EmLpoJxWapKUR4AaABAg,precision,nostalgia_reactivation,returning customer ,general_discussion
Ugx2i9q6b0GOC1YGMHZ4AaABAg,youtube,comment,"Regarding Master's Defender and No Name/Gazing Eye, Luxu shouldn't have access to NN after passing it on to his first apprentice, who passed it on to theirs and so forth, eventually becoming an heirloom in Scala, so there's no reason to believe the resident Master of Scala wouldn't be able to use it once it became a piece of Keyblade tradition. The MD was passed down by Ephemer in the same way, so they're both pieces of history that represent some degree of rank and authority in Scala's Keyblade society, but functionally are just like any other Keyblade, so any wielder who is given them by their current user can use them too. It's like Aqua and Sora being able to call their personal Keyblades or the MD when they were in possession of both. Re: Subject X The reports indicated that Ansem didn't move her, but Braig did. Xehanort only assumed Ansem did. Re: Maleficent isn't FROM the Age of Fairytails. She time traveled there after being defeated in KH1, and became trapped within the loop of the digital projection of her world in UX, until a Darkness helped her escape to travel back to the present in KH2. Re: Triton It wouldn't make sense for a KH UX or X visit to Atlantica be used to explain his bias because those worlds and their inhabitants were never real. They were either projections from the Book of Prophecies or Data Recreations of those projections. The real versions of those characters never interacted with the X characters. His quote also doesn't confirm a personal experience with Keybearers, as the legend of the Keyblade War is known in various worlds, but kept secret by the oldest and most knowledgeable characters or diluted into a less detailed fairy tale (see Kairi's grandma's knowledge and Genie recognizing the Keyhole and Keyblade, neither of which ever had an explanatiom either), and Triton could've only heard the least flattering version of the legend.",negative,nostalgia_reactivation,0,https://www.youtube.com/watch?v=zux8BX6EuxI&lc=Ugx2i9q6b0GOC1YGMHZ4AaABAg,precision,general_discussion,,general_discussion
UgxzvoM_PNHB24ai25Z4AaABAg,youtube,comment,"KH4 isn't out yet and we're talking about verum rex lmao. People need to stop being a b*tch, grow up and let go of versus13 already (and by people I include that petty a** nomura) 🤭 Versus13 isn't even a real, finished game. All we know so far are just speculations not yet proven and a bunch of trailers that loosely connected. Verum rex is even worse considering nomura tried to force his dream versus13 into KH world, which doesn't make any sense. Then again, KH stop making sense since KH2 lol",positive,nostalgia_reactivation,0,https://www.youtube.com/watch?v=mU1zHAA9j8k&lc=UgxzvoM_PNHB24ai25Z4AaABAg,precision,frustrated_demand,,general_discussion
UgyFc6XdAct_XytuH194AaABAg,youtube,comment,"Great video, perfect to enjoy on my workday. My friends had a running gag when KH2 launched. Whenever we’d play anything we’d randomly say “quick! Use the reaction command!”",positive,nostalgia_reactivation,5,https://www.youtube.com/watch?v=9d8LK9840IU&lc=UgyFc6XdAct_XytuH194AaABAg,precision,general_discussion,,general_discussion
1k1ghxg,reddit,post,"Kingdom Hearts and my journey with it throught the years... A rant! (No spoilers, so relax) Kingdom Hearts. Oh boy... I remember Kingdom Hearts. Really fun memories of it too. I had an entire journey with it. My youth was filled with love for this... Until it grew to be just pure hatred. I had every possible version of most of the games. Bought consoles because of this franchise. Spent thousands upon thousands of money's worth to be with the characters I loved so much, even though they had really big problems... I'd like to share my story with this franchise and my thoughs/feelings towards all of this, since they're releasing a new compilation, KH4 is coming (probably this century) and I saw a post where people asked about it. Oh, and KH fans, this will probably piss you off. But oh well. Let me start by saying that **this franchise is the most ridiculous cashgrab that SE ever put their hands on**. Not even Final Fantasy had it this dirty. And the fanbase just eat it up like they've been hungry for years... Welp, because they are, since SE blueballs the hell out of them with teasers among teasers, a couple of good/great games and absolute trash for many years... With the promise of a masterpiece... That may never come. Kingdom Hearts has an amazing premise and the story (up until BBS) was very touching and epic, dramatic and emotional. That's how I saw it growing up. And I even maintain that view for some of the titles. Then I grew tired of SE's greedy sheenanigans. Not to mention Nomura's bullshit. Practically every console had its Kingdom Hearts back in the day and it was a real blast to buy a console just to play the ""Next Kingdom Hearts!"". I could not wait for the new ideas that could emerge... But they just kept getting worse and worse. So, here we go in order. Buckle-up, because its going to be long... and wild. **Kingdom Hearts** \- An amazing gem. A little rough, but it was awesome for what is was. The ideas were new (at the time). They had everything to be perfect: Two completely different fantasy visions clashing together to tell a completely original story. And what a story it was. It was dramatic, touching, really cliché... but it worked! Gameplay-wise it was just on point. I knew a bunch of people who thought Final Fantasy looked and sounded amazing, but were put-off because of the turn-based gameplay. Kingdom Hearts was just what they've been asking for YEARS. The beauty, the music, the story of Final Fantasy, but with an action-focused gameplay to match. It was fantastic indeed. **Chain of Memories/Re**: It was an interesting idea to expand the franchise to portable consoles at the time. Simpler narrative that connected to the story and all. Cool for the time. Then came the remake on PS2... Which showed it flaws. Not only that, it cranked it up to eleven. The story was tedious. The gameplay was... Also tedious. It worked on the GBA, but here... It was just for the remade cutscenes. **Kingdom Hearts II** \- Basically when the series peaked. It's (almost) perfect in every way, with very few problems, but that does not invalid its merits. The perfect equilibrium between Final Fantasy and Disney vision story-wise. The atmosphere was just it. Things got more serious. It wasn't just a goofy ""lets not meddle!"" but then meddles anyway. It was more serious. More... Consequential. Things were at stake. Things got real. The drama was on point. The epicness was... Epic. The fantasy was amzing. And it had just the right amount of fan-service too. It was... Amazing. This was the Definitive Fantasy experience I was looking for at the time. This was just... it! It had its problems, of course, especially with that bullshit of japan-exclusive version that expanded the universe and all, but still, it was worth every minute. Not to mention that sick teaser of people with amazing armour and keyblades in epic battles. The keyblade wars? What? HOLY CRAP, I NEED THIS! But then... **358/2 Days**: Not Kingdom Hearts 3. The DS deserved its shot too, I guess. You wanted to know more about the Organization? Here is a (veeeeeeeeeeery) depressive and absolutely tedious/sleep-inducing story about it. Not only that, it didn't even tried anything different with the gameplay. It was KH2 gameplay adapted to the DS. It was clunky as fuck. Technology-wise, though? It was kinda impressive, not gonna lie. A fully 3D game of that caliber running on the DS was nothing short of a miracle... Or a very skilled team. Kudos to them, honestly. **Coded/RE**: Once again, Not Kingdom Hearts 3. I can't, for the life of me, undertand why this shit even exists. Its just bad all around. But, hey! It has a cool less-than-a-minute cutscene that leads to the (true) sequel, so its worth it, right? FUCKING NO! It story is just so tedious that, holy shit, it could've been an YouTube video or an OVA (that was popular at the time) to just tease the next game. Instead, they made this very definition of a cashgrab. And. Called. It. CANON. Fuck off. **Birth By Sleep**: ...Not Kingdom Harts 3, but this... actually gives me a mixed feeling. It was teased on KH2:FM (the JPN Special Edition) as some big moment in the franchise's lore. (Keyblade Wars) Possibly even KH3! (suspiscions at the time), but then... Came this PSP game. And don't get me wrong, this was... Surpringly delightful. It had amazing ideas on how to draw the portable's power and to work around its limitations. The gameplay is amazing for what it is. Especially for the time. The story is... not perfect, but is has its moments. It was just... Fun. Like, KH1 fun. It had promise. This was it! It was really going somewhere! The remaster/port just shows that this was made for a portable device, just like MGS Peace Walker had with its remaster (transpharing. :v). It fucking SHOWS. I would say to you, if you're planning to play it, to do it on the PSP, but this would be hard as fuck, but at least keep it in mind when you feel weird about the PS4 version. Moving on. And then again... a new era was upon us. **Dream Drop Distance (3D)**: Oh boy... Where to even start. This fucking title led to so much confusion. Was it Kingdom Hearts 3? FINALLY? Nope. Its 3D! (because 3DS). Just another build-up for the real 3! That letdown aside, it was visually impressive. Trully. And the tease to it, holy crap, it was fun to accompany it. But then the game launched and... It was a fucking mess. The story was so, so bad. It had its moments, not gonna lie. Answered some questions, but then it threw WAY TOO MANY MORE IN YOUR FACE! Time-travel shit? Because they could not work properlly on what they've built before? Really? Gameplay-wise it was fine. They've worked on the basis they've built with BBS. Really interesting, with some new mechanics and all... But FOR SOME FUCKING REASON, the focus on the mini-games was cranked up to eleven. It was a portable console game, so whats the problem, right? This was kinda their thing after all... But boy oh boy, things would just get worse after this. ***Kingdom Hearts χ***: I don't need to say it at this point, do I? Of course there was a gacha. To be fair, it was SE's attempt at gacha, so it had its merits. They know how to build an interesting game. They just (AWAYS) fuck up the monetization. Many people say it was a really cool gacha though, and having played Mobius FF, I honestly believe them. But I here I was getting really tired. I just accepted that I was not going to play it for many reasons (not having a good mobile at the time, not really being into gacha, that kind of thing). HOWEVER, what I cannot accept is the fact that this is SOMEHOW canon... Of course it is. SE knows how to rip the wallets of the KH fanbase. The ones that didn't leave already would do almost everything to get to that sooooooooo anticipated KH3. (I was one of them, so I know what I'm talking about... even though I didn't went with the hype for this one). Then came the announcement: ""Hey, we are changing engines!"" This would be an amazing oportunity for the franchise. What was shown was really cool! **χ Back Cover**: ""Say, how can we expand on **χ**'s lore without making a wave o people hate us... More than they already do? You know... Because of the gacha thingy. Welp, let's launch a (sort of) movie and compile it with the remasters that covers the general concept of the gacha!"" Honestly, it was quite pretty to see that art-style with modern visuals, but that story was so... convoluded and boring (not tedious, just meh), that I had to force myself to see it. It was canon after all. At least it was over quickly. Like needle-quick. Whatever. **2.8 Final Chapter Prologue**: A collection of remasters for the PS4 that included the promised \*teaser\* *Kingdom Hearts 0.2: Birth by Sleep – A Fragmentary Passage.* Finally the story about a returning character that we aways wanted to see! Even if it was just a teaser for KH3. It ran like shit on PS4. Frames were all over the place. Stuttered like hell. But hey, finally something new and that was half good. We got to see what happened to a long-forgotten loved character, new mechanics, the new vision for the gameplay that was perfected in KH2, reworked on BBS, worked upon on 3D for this new style. It was interesting. It was like... 2h of gameplay? But it was an ""extra"" included in the collection nonetheless, so it got its money's worth. This was it, guys! Finally, the moment had come! IT WAS TIME FOR THE GAME'S FINALLE! KH3 WAS UPON US! We survived. Endured. Spent thousands of moneys-worth in consoles and games that got relauched, remade, remastered, re-re-re-re... And, to be fair, I'm not against it. The exclusivity bullshit for the consoles really worked to its detriment. It was really good to compile everything to the current-at-the-time consoles and let it be more accessible. But finally, it was here. This was it. The culmination of EVERYTHING we've been through. Finally closure! And... AND... Came another annoucement: ""Kingdom Hearts 3 won't be the franchise's end. It would only finish the Xehanorth saga. Sora' story would continue on!"" ...Oh no... no-no-no-no-no-no-no-no-no... This should not come as a surprise to ANYONE. It printed money, for crying out loud. It was obvious they wouldn't let the bone go. But this... Got me panicking for what was to come... Oh boy. **Kingom Hearts III** \- (This time for reals) It was here. It was finally here. I could not believe it. I had bought consoles for this franchise. In hope that they would release the ending to the epic saga. With many ups and way too many downs, but here it was at last. I've been waiting for what? Almost *fifteen years*? But... Oh, crap... Fucking hell. This franchise... It just can't let the fans have it. For fuck sake, why? I know Nomura has his quirks. I know SE misses more than it lands, but, fuck me, why.. AND HOW they fucked this up so badly? This piece of crap is just the culmination of everything that could be wrong with a franchise. The story is an absolute mess, convoluted as fuck, filled to the bone with retcons (in a way that shit on the fans intelligence), fan-service that leads to fucking NOWHERE (after blueballing you to hell and back) and, not only that, it was incomplete for the first couple of years. After what felt an eternity of endless teases and build-up and all.. For this piece os shit. Gameplay-wise... It's also a mess. It has its moments, but in general is just a mini-game galore. The series was already known for featuring mini-games, but they were fun little extras. NOT PART OF THE CORE, FFS! It didn't expand on the mechanics that did the other games good. They just thought ""Hey, woudn't this be cool? Lets add it to the game!"". Its almost had no general direction. And that intro... It. Was. A. Mess. It just added more bullshit for spectacle. Which was really tiresome after a quick while. I cannot put it enought into words how much I hate this game. For many reasons. Technical issues. Its quality in general... Maybe even my own ingenuity and expectation... But this was just... Terrible. In the end I had finished the original games when they launched and then replayed the re-releases when they launched... And then played again in the build-up for 3. Playing again made me understand some things, like some more, hate other way more... But it was quite a journey. It was interesting. A couple of years later I decided to give it another change... then I played 3 again. After a couple of hours I could not stand the having some of the most ultrageous retcons I've ever seen thrown in my face like that. This was it for me. I really couldn't stand it. A few weeks after that my whole Kingdom Hearts collection was gone. I sold it for almost nothing. Out of pure spite. I'm not rich, I pretty much needed the money. I like to collect figures and games and all, but I just wanted to get rid of it. I was done with this franchise. But hey, if you want to try and experience for yourself, I really think you should. This is video game history and a pretty important part on it too. It has many ups and way too many downs, but the personal experience should count more in this case. Who knows? Maybe you'll love it even with its many problems. The Whole remastered collection (without the last DLC and the musical game, which I really didn't play because at this point I was way done) is not really cheap, but you can get your money's worth out of a bunch of games. A lot of them are pretty much filler, though, so keep that in mind. Thats it. Thanks for reading this rant! =)",positive,nostalgia_reactivation,1,https://reddit.com/r/JRPG/comments/1k1ghxg/kingdom_hearts_and_my_journey_with_it_throught/,precision,nostalgia_reactivation,,frustrated_demand
UgxqVwYtEB_xIaH3i-l4AaABAg,youtube,comment,This game was my childhood. Nothing can match the nostalgia this game brings me. I will love it for all time,positive,nostalgia_reactivation,0,https://www.youtube.com/watch?v=bUM2sSVjCLQ&lc=UgxqVwYtEB_xIaH3i-l4AaABAg,precision,nostalgia_reactivation,,nostalgia_reactivation
UgywGSHqwofOxyitkvN4AaABAg,youtube,comment,"I was in 7th grade when I first started seeing videos of people playing KH2FM. I was such an unhinged kid that I saved up my allowance, bought an imported copy of the game and the Swap Magic software to play non-NA games on a NA PS2. Played the whole game on Critical Mode with Japanese captioning. Best summer ever.",positive,nostalgia_reactivation,4,https://www.youtube.com/watch?v=9d8LK9840IU&lc=UgywGSHqwofOxyitkvN4AaABAg,precision,nostalgia_reactivation,,general_discussion
UgzWmbCg9uWoEPP-pFV4AaABAg,youtube,comment,I’m 40. I remember being a teenager when KH1 came out. I am ancient. 😂,positive,nostalgia_reactivation,0,https://www.youtube.com/watch?v=gNVWtjbGWdw&lc=UgzWmbCg9uWoEPP-pFV4AaABAg,precision,nostalgia_reactivation,,nostalgia_reactivation
