target,model,origin,horizon_step,period_index,actual,forecast,lower,upper,signed_error,absolute_error,interval_hit,interval_width,rolling_mae,rolling_bias,rolling_wape
actionable_probability_mass,exponential_smoothing,12,1,12,0.0,0.7429855443843065,0.0,1.3962382965207483,0.7429855443843065,0.7429855443843065,1,1.3962382965207483,0.7429855443843065,0.7429855443843065,
actionable_probability_mass,exponential_smoothing,12,2,13,0.4747068174892888,0.7429855443843065,0.0,1.6668244461132122,0.26827872689501775,0.26827872689501775,1,1.6668244461132122,0.5056321356396621,0.5056321356396621,2.1302922857267417
actionable_probability_mass,exponential_smoothing,14,1,14,0.0,0.47470681041560614,0.0,1.0904619200885473,0.47470681041560614,0.47470681041560614,1,1.0904619200885473,0.49532369389831016,0.49532369389831016,3.1302922708255814
actionable_probability_mass,exponential_smoothing,14,2,15,0.0,0.47470681041560614,0.0,1.3455160376156121,0.47470681041560614,0.47470681041560614,1,1.3455160376156121,0.49016947302763414,0.49016947302763414,4.13029225592442
actionable_probability_mass,exponential_smoothing,16,1,16,0.0,1.05406086173955e-16,0.0,0.5754555944572268,1.05406086173955e-16,1.05406086173955e-16,1,0.5754555944572268,0.3044230869315575,0.3044230869315575,2.5651461130610493
actionable_probability_mass,exponential_smoothing,16,2,17,0.0,1.05406086173955e-16,0.0,0.8138171062248819,1.05406086173955e-16,1.05406086173955e-16,1,0.8138171062248819,0.23735340520780313,0.23735340520780313,
actionable_probability_mass,exponential_smoothing,18,1,18,0.8475107055686442,2.3404852761189643e-32,0.0,0.5351560792415128,-0.8475107055686442,0.8475107055686442,0,0.5351560792415128,0.33055437899606266,-0.09320097378825945,1.5601189546002232
actionable_probability_mass,exponential_smoothing,18,2,19,0.0,2.3404852761189643e-32,0.0,0.7568249852497582,2.3404852761189643e-32,2.3404852761189643e-32,1,0.7568249852497582,0.2118776763921611,-0.21187767639216099,1.0000000000000002
actionable_probability_mass,exponential_smoothing,20,1,20,0.0,1.2628893449004748e-08,0.0,0.6828825114136968,1.2628893449004748e-08,1.2628893449004748e-08,1,0.6828825114136968,0.21187767954938444,-0.21187767323493764,1.0000000149011612
actionable_probability_mass,exponential_smoothing,20,2,21,0.0,1.2628893449004748e-08,0.0,0.9657417039175911,1.2628893449004748e-08,1.2628893449004748e-08,1,0.9657417039175911,0.21187768270660776,-0.21187767007771433,1.000000029802322
actionable_probability_mass,exponential_smoothing,22,1,22,0.0,2.8041776565245753e-24,0.0,0.6560546248886554,2.8041776565245753e-24,2.8041776565245753e-24,1,0.6560546248886554,6.314446724502375e-09,6.314446724502375e-09,
actionable_probability_mass,exponential_smoothing,22,2,23,0.0,2.8041776565245753e-24,0.0,0.92780134817513,2.8041776565245753e-24,2.8041776565245753e-24,1,0.92780134817513,6.314446724502376e-09,6.314446724502376e-09,
actionable_probability_mass,exponential_smoothing,24,1,24,0.0,6.226525198825995e-40,0.0,0.6157551096729407,6.226525198825995e-40,6.226525198825995e-40,1,0.6157551096729407,3.1572233622511882e-09,3.1572233622511882e-09,
actionable_probability_mass,exponential_smoothing,24,2,25,0.0,6.226525198825995e-40,0.0,0.8708092272000053,6.226525198825995e-40,6.226525198825995e-40,1,0.8708092272000053,1.4020888288041431e-24,1.4020888288041431e-24,
actionable_probability_mass,exponential_smoothing,26,1,26,0.0,1.38256632782907e-55,0.0,0.5754555944572267,1.38256632782907e-55,1.38256632782907e-55,1,0.5754555944572267,7.010444146729993e-25,7.010444146729993e-25,
actionable_probability_mass,exponential_smoothing,26,2,27,0.0,1.38256632782907e-55,0.0,0.8138171062248818,1.38256632782907e-55,1.38256632782907e-55,1,0.8138171062248818,5.4185553157193106e-34,5.4185553157193106e-34,
actionable_probability_mass,exponential_smoothing,28,1,28,0.0,3.0699139404545716e-71,0.0,0.5351560792415128,3.0699139404545716e-71,3.0699139404545716e-71,1,0.5351560792415128,5.4185537590880105e-34,5.4185537590880105e-34,
actionable_probability_mass,exponential_smoothing,28,2,29,0.0,3.0699139404545716e-71,0.0,0.7568249852497582,3.0699139404545716e-71,3.0699139404545716e-71,1,0.7568249852497582,5.418552202456711e-34,5.418552202456711e-34,
actionable_probability_mass,exponential_smoothing,30,1,30,0.0,6.8165782806208145e-87,0.0,0.4948565640257988,6.8165782806208145e-87,6.8165782806208145e-87,1,0.4948565640257988,5.418552202456711e-34,5.418552202456711e-34,
actionable_probability_mass,exponential_smoothing,30,2,31,0.0,6.8165782806208145e-87,0.0,0.6998328642746345,6.8165782806208145e-87,6.8165782806208145e-87,1,0.6998328642746345,5.418552202456711e-34,5.418552202456711e-34,
actionable_probability_mass,exponential_smoothing,32,1,32,0.0,1.513584431260998e-102,0.0,0.4719049336657282,1.513584431260998e-102,1.513584431260998e-102,1,0.4719049336657282,5.418552202456711e-34,5.418552202456711e-34,
actionable_probability_mass,exponential_smoothing,32,2,33,0.0,1.513584431260998e-102,0.0,0.6673743573408487,1.513584431260998e-102,1.513584431260998e-102,1,0.6673743573408487,5.418552202456711e-34,5.418552202456711e-34,
actionable_probability_mass,exponential_smoothing,34,1,34,0.3572097058644798,3.360832570600265e-118,0.0,0.4663011881613016,-0.3572097058644798,0.3572097058644798,1,0.4663011881613016,0.08930242646611995,-0.08930242646611995,1.0
actionable_probability_mass,exponential_smoothing,34,2,35,0.0,3.360832570600265e-118,0.0,0.6594494644484012,3.360832570600265e-118,3.360832570600265e-118,1,0.6594494644484012,0.08930242646611995,-0.08930242646611995,1.0
actionable_probability_mass,exponential_smoothing,36,1,36,0.0,5.322839327777034e-09,0.0,0.4606974479797144,5.322839327777034e-09,5.322839327777034e-09,1,0.4606974479797144,0.08930242779682979,-0.08930242513541012,1.000000014901161
actionable_probability_mass,exponential_smoothing,36,2,37,0.0,5.322839327777034e-09,0.0,0.6515245768787933,5.322839327777034e-09,5.322839327777034e-09,1,0.6515245768787933,0.08930242912753962,-0.08930242380470028,1.000000029802322
actionable_probability_mass,exponential_smoothing,38,1,38,0.0,1.1819077556156708e-24,0.0,0.45509369715244863,1.1819077556156708e-24,1.1819077556156708e-24,1,0.45509369715244863,2.6614196638885176e-09,2.6614196638885176e-09,
actionable_probability_mass,exponential_smoothing,38,2,39,0.0,1.1819077556156708e-24,0.0,0.6435996786635069,1.1819077556156708e-24,1.1819077556156708e-24,1,0.6435996786635069,2.6614196638885176e-09,2.6614196638885176e-09,
actionable_probability_mass,exponential_smoothing,40,1,40,0.0,2.6243624065351208e-40,0.0,0.449489951648022,2.6243624065351208e-40,2.6243624065351208e-40,1,0.449489951648022,1.3307098319442592e-09,1.3307098319442592e-09,
actionable_probability_mass,exponential_smoothing,40,2,41,0.0,2.6243624065351208e-40,0.0,0.6356747857710595,2.6243624065351208e-40,2.6243624065351208e-40,1,0.6356747857710595,5.909538774919254e-25,5.909538774919254e-25,
actionable_probability_mass,exponential_smoothing,42,1,42,0.0,5.827255137391953e-56,0.0,0.43774024159267566,5.827255137391953e-56,5.827255137391953e-56,1,0.43774024159267566,2.9547693858800773e-25,2.9547693858800773e-25,
actionable_probability_mass,exponential_smoothing,42,2,43,0.0,5.827255137391953e-56,0.0,0.6190581864568372,5.827255137391953e-56,5.827255137391953e-56,1,0.6190581864568372,0.0,0.0,
actionable_probability_mass,exponential_smoothing,44,1,44,0.0,1.2939105647795552e-71,0.0,0.41984456698641026,1.2939105647795552e-71,1.2939105647795552e-71,1,0.41984456698641026,0.0,0.0,
actionable_probability_mass,exponential_smoothing,44,2,45,0.0,1.2939105647795552e-71,0.0,0.5937498807208408,1.2939105647795552e-71,1.2939105647795552e-71,1,0.5937498807208408,0.0,0.0,
actionable_probability_mass,exponential_smoothing,46,1,46,0.0,2.8730586016480047e-87,0.0,0.40194889238014425,2.8730586016480047e-87,2.8730586016480047e-87,1,0.40194889238014425,0.0,0.0,
actionable_probability_mass,exponential_smoothing,46,2,47,0.0,2.8730586016480047e-87,0.0,0.5684415749848436,2.8730586016480047e-87,2.8730586016480047e-87,1,0.5684415749848436,0.0,0.0,
actionable_probability_mass,exponential_smoothing,48,1,48,0.0,6.379471621293941e-103,0.0,0.38405321777387885,6.379471621293941e-103,6.379471621293941e-103,1,0.38405321777387885,0.0,0.0,
actionable_probability_mass,exponential_smoothing,48,2,49,0.0,6.379471621293941e-103,0.0,0.5431332692488473,6.379471621293941e-103,6.379471621293941e-103,1,0.5431332692488473,0.0,0.0,
actionable_probability_mass,exponential_smoothing,50,1,50,0.518681738066498,1.416527255780662e-118,0.0,0.36615754316761284,-0.518681738066498,0.518681738066498,0,0.36615754316761284,0.1296704345166245,-0.1296704345166245,1.0
actionable_probability_mass,exponential_smoothing,50,2,51,0.5545450699846328,1.416527255780662e-118,0.0,0.5178249635128501,-0.5545450699846328,0.5545450699846328,0,0.5178249635128501,0.2683067020127827,-0.2683067020127827,1.0
actionable_probability_mass,exponential_smoothing,52,1,52,0.0,0.5545450694502274,0.0826401328522181,0.9922853110429031,0.5545450694502274,0.5545450694502274,0,0.9096451781906849,0.4069429693753396,-0.12967043465022585,1.5167081788212353
actionable_probability_mass,exponential_smoothing,52,2,53,0.0,0.5545450694502274,0.0,1.1736032559070646,0.5545450694502274,0.5545450694502274,1,1.1736032559070646,0.5455792367378964,0.008965832712331007,2.0334163576424706
actionable_probability_mass,exponential_smoothing,54,1,54,0.0,1.231337408591998e-16,0.0,0.4198445669864104,1.231337408591998e-16,1.231337408591998e-16,1,0.4198445669864104,0.4159088022212719,0.13863626722895553,2.999999998072635
actionable_probability_mass,exponential_smoothing,54,2,55,0.0,1.231337408591998e-16,0.0,0.5937498807208409,1.231337408591998e-16,1.231337408591998e-16,1,0.5937498807208409,0.27727253472511376,0.27727253472511376,
actionable_probability_mass,exponential_smoothing,56,1,56,0.0,2.7341182842022204e-32,0.0,0.40194889238014425,2.7341182842022204e-32,2.7341182842022204e-32,1,0.40194889238014425,0.1386362673625569,0.1386362673625569,
actionable_probability_mass,exponential_smoothing,56,2,57,0.0,2.7341182842022204e-32,0.0,0.5684415749848436,2.7341182842022204e-32,2.7341182842022204e-32,1,0.5684415749848436,6.156687042959991e-17,6.156687042959991e-17,
actionable_probability_mass,exponential_smoothing,58,1,58,0.0,6.070962142339865e-48,0.0,0.38405321777387885,6.070962142339865e-48,6.070962142339865e-48,1,0.38405321777387885,3.078343521479996e-17,3.078343521479996e-17,
actionable_probability_mass,exponential_smoothing,58,2,59,0.0,6.070962142339865e-48,0.0,0.5431332692488473,6.070962142339865e-48,6.070962142339865e-48,1,0.5431332692488473,1.3096323621833207e-32,1.3096323621833207e-32,
actionable_probability_mass,exponential_smoothing,60,1,60,0.0,1.348024390410677e-63,0.0,0.36615754316761284,1.348024390410677e-63,1.348024390410677e-63,1,0.36615754316761284,6.261027911327656e-33,6.261027911327656e-33,
actionable_probability_mass,exponential_smoothing,60,2,61,0.0,1.348024390410677e-63,0.0,0.5178249635128501,1.348024390410677e-63,1.348024390410677e-63,1,0.5178249635128501,0.0,0.0,
actionable_probability_mass,exponential_smoothing,62,1,62,0.0,2.9932154319804493e-79,0.0,0.3250750692427409,2.9932154319804493e-79,2.9932154319804493e-79,1,0.3250750692427409,0.0,0.0,
actionable_probability_mass,exponential_smoothing,62,2,63,0.3486549908129756,2.9932154319804493e-79,0.0,0.45972557171245715,-0.3486549908129756,0.3486549908129756,1,0.45972557171245715,0.0871637477032439,-0.0871637477032439,1.0
actionable_probability_mass,exponential_smoothing,64,1,64,0.0,0.3486549856176114,0.0,0.7032982769666399,0.3486549856176114,0.3486549856176114,1,0.7032982769666399,0.17432749410764675,-1.2988410486025614e-09,1.999999985098839
actionable_probability_mass,exponential_smoothing,64,2,65,0.0,0.3486549856176114,0.0,0.8501963380480406,0.3486549856176114,0.3486549856176114,1,0.8501963380480406,0.2614912405120496,0.0871637451055618,2.9999999701976776
actionable_probability_mass,exponential_smoothing,66,1,66,0.0,7.741695853660499e-17,0.0,0.3529323483387277,7.741695853660499e-17,7.741695853660499e-17,1,0.3529323483387277,0.2614912405120496,0.08716374510556181,2.9999999701976776
actionable_probability_mass,exponential_smoothing,66,2,67,0.0,7.741695853660499e-17,0.0,0.49912171362081426,7.741695853660499e-17,7.741695853660499e-17,1,0.49912171362081426,0.17432749280880572,0.17432749280880575,
actionable_probability_mass,exponential_smoothing,68,1,68,0.0,1.7190017972757985e-32,0.0,0.3512214053284269,1.7190017972757985e-32,1.7190017972757985e-32,1,0.3512214053284269,0.08716374640440289,0.08716374640440289,
actionable_probability_mass,exponential_smoothing,68,2,69,0.5081170016051968,1.7190017972757985e-32,0.0,0.4967020748111994,-0.5081170016051968,0.5081170016051968,0,0.4967020748111994,0.12702925040129925,-0.12702925040129914,1.0000000000000004
actionable_probability_mass,exponential_smoothing,70,1,70,0.0,0.5081169940336634,0.05862704797642887,0.8742745372012762,0.5081169940336634,0.5081169940336634,0,0.8156474892248473,0.2540584989097151,-1.892883322307526e-09,1.999999985098839
actionable_probability_mass,exponential_smoothing,70,2,71,0.0,0.5081169940336634,0.0,1.0259419575465136,0.5081169940336634,0.5081169940336634,1,1.0259419575465136,0.3810877474181309,0.12702924661553253,2.9999999701976776
actionable_probability_mass,exponential_smoothing,72,1,72,0.530184517595778,1.1282463719589928e-16,0.0,0.3563542343593295,-0.5301845175957779,0.5301845175957779,0,0.3563542343593295,0.5136338768170754,-0.005516882783411947,1.9787465098282528
actionable_probability_mass,exponential_smoothing,72,2,73,0.0,1.1282463719589928e-16,0.0,0.5039609912400441,1.1282463719589928e-16,1.1282463719589928e-16,1,0.5039609912400441,0.38660462641577625,0.12151236761788728,2.916755307521299
actionable_probability_mass,exponential_smoothing,74,1,74,0.0,7.900364841452436e-09,0.0,0.4198445748867751,7.900364841452436e-09,7.900364841452436e-09,1,0.4198445748867751,0.2595753798824516,-0.005516878915437358,1.9583776686618106
actionable_probability_mass,exponential_smoothing,74,2,75,0.5015799755223989,7.900364841452436e-09,0.0,0.5937498886212056,-0.501579967622034,0.501579967622034,1,0.5937498886212056,0.2579411232795442,-0.2579411193293617,1.0
actionable_probability_mass,exponential_smoothing,76,1,76,0.3528092722819265,0.5015799680482748,0.010168065823639938,0.9622774107051498,0.14877069576634827,0.14877069576634827,1,0.9521093448815099,0.16258766782218684,-0.08820231598883019,0.7611877993081819
actionable_probability_mass,exponential_smoothing,76,2,77,0.0,0.5015799680482748,0.0,1.1531045396042288,0.5015799680482748,0.5015799680482748,1,1.1531045396042288,0.2879826598342555,0.037192676023238475,1.348250393245633
actionable_probability_mass,exponential_smoothing,78,1,78,0.0,5.2572678699908044e-09,0.0,0.4550937024097163,5.2572678699908044e-09,5.2572678699908044e-09,1,0.4550937024097163,0.28798265917348126,0.037192675362464234,1.3482503901520815
actionable_probability_mass,exponential_smoothing,78,2,79,0.0,5.2572678699908044e-09,0.0,0.6435996839207745,5.2572678699908044e-09,5.2572678699908044e-09,1,0.6435996839207745,0.1625876685822897,0.1625876685822897,1.8433491561113786
actionable_probability_mass,exponential_smoothing,80,1,80,0.0,1.167347967177169e-24,0.0,0.4494899516480222,1.167347967177169e-24,1.167347967177169e-24,1,0.4494899516480222,0.12539499464070264,0.12539499464070264,
actionable_probability_mass,exponential_smoothing,80,2,81,0.0,1.167347967177169e-24,0.0,0.6356747857710597,1.167347967177169e-24,1.167347967177169e-24,1,0.6356747857710597,2.6286339627509783e-09,2.6286339558120843e-09,
actionable_probability_mass,exponential_smoothing,82,1,82,0.0,2.592033181818929e-40,0.0,0.4377402415926763,2.592033181818929e-40,2.592033181818929e-40,1,0.4377402415926763,1.3143169952532773e-09,1.3143169883143834e-09,
actionable_probability_mass,exponential_smoothing,82,2,83,0.3594509757342988,2.592033181818929e-40,0.0,0.6190581864568381,-0.3594509757342988,0.3594509757342988,1,0.6190581864568381,0.08986274393357473,-0.08986274393357467,1.0000000000000002
actionable_probability_mass,exponential_smoothing,84,1,84,0.0,0.35945097037806184,0.0,0.7799679183254178,0.35945097037806184,0.35945097037806184,1,0.7799679183254178,0.17972548652809017,-1.3390592107365151e-09,1.9999999850988388
actionable_probability_mass,exponential_smoothing,84,2,85,0.0,0.35945097037806184,0.0,0.9541517413729536,0.35945097037806184,0.35945097037806184,1,0.9541517413729536,0.26958822912260566,0.08986274125545625,2.999999970197678
actionable_probability_mass,exponential_smoothing,86,1,86,0.0,7.981414870751587e-17,0.0,0.4030695273150538,7.981414870751587e-17,7.981414870751587e-17,1,0.4030695273150538,0.26958822912260566,0.08986274125545626,2.999999970197678
actionable_probability_mass,exponential_smoothing,86,2,87,0.0,7.981414870751587e-17,0.0,0.5700263921082619,7.981414870751587e-17,7.981414870751587e-17,1,0.5700263921082619,0.179725485189031,0.179725485189031,
actionable_probability_mass,exponential_smoothing,88,1,88,0.0,1.772230111718806e-32,0.0,0.38562210668275154,1.772230111718806e-32,1.772230111718806e-32,1,0.38562210668275154,0.08986274259451553,0.08986274259451553,
actionable_probability_mass,exponential_smoothing,88,2,89,0.0,1.772230111718806e-32,0.0,0.5453520132216318,1.772230111718806e-32,1.772230111718806e-32,1,0.5453520132216318,6.766264996938686e-17,6.766264996938686e-17,
actionable_probability_mass,exponential_smoothing,90,1,90,0.0,3.935141349928464e-48,0.0,0.3681746860504505,3.935141349928464e-48,3.935141349928464e-48,1,0.3681746860504505,4.770911279250789e-17,4.770911279250789e-17,
actionable_probability_mass,exponential_smoothing,90,2,91,0.0,3.935141349928464e-48,0.0,0.5206776343350035,3.935141349928464e-48,3.935141349928464e-48,1,0.5206776343350035,2.775557561562892e-17,2.775557561562892e-17,
actionable_probability_mass,exponential_smoothing,92,1,92,0.0,8.737769063690201e-64,0.0,0.3592268487473169,8.737769063690201e-64,8.737769063690201e-64,1,0.3592268487473169,2.7755575615628914e-17,2.7755575615628914e-17,
actionable_probability_mass,exponential_smoothing,92,2,93,0.0,8.737769063690201e-64,0.0,0.508023481467004,8.737769063690201e-64,8.737769063690201e-64,1,0.508023481467004,2.7755575615628914e-17,2.7755575615628914e-17,
actionable_probability_mass,exponential_smoothing,94,1,94,0.0,1.9401744796732515e-79,0.0,0.3587785947733531,1.9401744796732515e-79,1.9401744796732515e-79,1,0.3587785947733531,2.7755575615628914e-17,2.7755575615628914e-17,
actionable_probability_mass,exponential_smoothing,94,2,95,0.0,1.9401744796732515e-79,0.0,0.5073895546176368,1.9401744796732515e-79,1.9401744796732515e-79,1,0.5073895546176368,2.7755575615628914e-17,2.7755575615628914e-17,
actionable_probability_mass,exponential_smoothing,96,1,96,0.0,4.308052758246753e-95,0.0,0.3583303407993893,4.308052758246753e-95,4.308052758246753e-95,1,0.3583303407993893,2.7755575615628914e-17,2.7755575615628914e-17,
actionable_probability_mass,exponential_smoothing,96,2,97,0.0,4.308052758246753e-95,0.0,0.5067556277682695,4.308052758246753e-95,4.308052758246753e-95,1,0.5067556277682695,2.7755575615628914e-17,2.7755575615628914e-17,
actionable_probability_mass,exponential_smoothing,98,1,98,0.0,9.565798727010917e-111,0.0,0.3578820868254255,9.565798727010917e-111,9.565798727010917e-111,1,0.3578820868254255,2.7755575615628914e-17,2.7755575615628914e-17,
actionable_probability_mass,exponential_smoothing,98,2,99,0.0,9.565798727010917e-111,0.0,0.5061217009189023,9.565798727010917e-111,9.565798727010917e-111,1,0.5061217009189023,2.7755575615628914e-17,2.7755575615628914e-17,
actionable_probability_mass,exponential_smoothing,100,1,100,0.0,2.1240339991315065e-126,0.0,0.35743383285146174,2.1240339991315065e-126,2.1240339991315065e-126,1,0.35743383285146174,2.7755575615628914e-17,2.7755575615628914e-17,
actionable_probability_mass,exponential_smoothing,100,2,101,0.0,2.1240339991315065e-126,0.0,0.5054877740695352,2.1240339991315065e-126,2.1240339991315065e-126,1,0.5054877740695352,2.7755575615628914e-17,2.7755575615628914e-17,
actionable_probability_mass,exponential_smoothing,102,1,102,0.0,4.7163029018448965e-142,0.0,0.35635423435932945,4.7163029018448965e-142,4.7163029018448965e-142,1,0.35635423435932945,2.7755575615628914e-17,2.7755575615628914e-17,
actionable_probability_mass,exponential_smoothing,102,2,103,0.0,4.7163029018448965e-142,0.0,0.5039609912400441,4.7163029018448965e-142,4.7163029018448965e-142,1,0.5039609912400441,2.7755575615628914e-17,2.7755575615628914e-17,
actionable_probability_mass,exponential_smoothing,104,1,104,0.43524416262512,1.0472296145469288e-157,0.0,0.35464329134902856,-0.43524416262512,0.43524416262512,0,0.35464329134902856,0.10881104065628003,-0.10881104065627997,1.0000000000000002
actionable_probability_mass,exponential_smoothing,104,2,105,0.0,1.0472296145469288e-157,0.0,0.5015413524304292,1.0472296145469288e-157,1.0472296145469288e-157,1,0.5015413524304292,0.10881104065628003,-0.10881104065627997,1.0000000000000002
actionable_probability_mass,exponential_smoothing,106,1,106,0.0,6.485643329314539e-09,0.0,0.35833034728503266,6.485643329314539e-09,6.485643329314539e-09,1,0.35833034728503266,0.10881104227769087,-0.10881103903486913,1.0000000149011612
actionable_probability_mass,exponential_smoothing,106,2,107,0.0,6.485643329314539e-09,0.0,0.5067556342539129,6.485643329314539e-09,6.485643329314539e-09,1,0.5067556342539129,0.10881104389910169,-0.10881103741345831,1.0000000298023222
actionable_probability_mass,exponential_smoothing,108,1,108,0.0,1.4401021107423115e-24,0.0,0.3578820868254255,1.4401021107423115e-24,1.4401021107423115e-24,1,0.3578820868254255,3.2428216924128454e-09,3.2428216924128454e-09,
actionable_probability_mass,exponential_smoothing,108,2,109,0.0,1.4401021107423115e-24,0.0,0.5061217009189023,1.4401021107423115e-24,1.4401021107423115e-24,1,0.5061217009189023,3.2428216924128458e-09,3.2428216924128458e-09,
actionable_probability_mass,exponential_smoothing,110,1,110,0.0,3.1976690423148024e-40,0.0,0.35743383285146174,3.1976690423148024e-40,3.1976690423148024e-40,1,0.35743383285146174,1.621410860084211e-09,1.621410860084211e-09,
actionable_probability_mass,exponential_smoothing,110,2,111,3.509451635020036,3.1976690423148024e-40,0.0,0.5054877740695352,-3.509451635020036,3.509451635020036,0,0.5054877740695352,0.877362908755009,-0.877362908755009,1.0
actionable_probability_mass,exponential_smoothing,112,1,112,2.0633935052843557,3.5094515827251316,3.150224739330712,3.8686784314724485,1.4460580774407759,1.4460580774407759,0,0.7184536921417366,1.2388774281152029,-0.515848389394815,0.8892243706219584
actionable_probability_mass,exponential_smoothing,112,2,113,4.245418176804714,3.5094515827251316,3.0014281088282675,4.017475064192135,-0.7359665940795823,0.7359665940795823,0,1.0160469553638678,1.4228690766350987,-0.6998400379147106,0.579682589753174
actionable_probability_mass,exponential_smoothing,114,1,114,2.7657077257749734,3.8099143984046933,3.4507672392654976,4.222410103849582,1.04420667262972,1.04420667262972,0,0.7716428645840847,1.6839207447925286,-0.43878836975728064,0.5352589382330926
actionable_probability_mass,exponential_smoothing,114,2,115,0.7875207210164566,3.8099143984046933,3.302003615062274,4.393271419465513,3.0223936773882367,3.0223936773882367,0,1.0912678044032393,1.5621562553845787,1.1941729583447875,0.6336036905020823
actionable_probability_mass,exponential_smoothing,116,1,116,0.5435059971769587,1.3320446292622299,0.9433669567072613,1.7293527853607098,0.7885386320852712,0.7885386320852712,0,0.7859858286534485,1.3977763940457024,1.0297930970059115,0.6702233620444908
actionable_probability_mass,exponential_smoothing,116,2,117,0.5277457521369908,1.3320446292622299,0.7823713933433843,1.893923212058147,0.8042988771252391,0.8042988771252391,0,1.1115518187147626,1.4148594648071167,1.4148594648071167,1.2237997827290303
actionable_probability_mass,exponential_smoothing,118,1,118,0.0,0.5523983888735582,0.14193429679279906,0.9348272409480048,0.5523983888735582,0.5523983888735582,0,0.7928929441552057,1.291907393868076,1.2919073938680763,2.7801302515276287
actionable_probability_mass,exponential_smoothing,118,2,119,0.0,0.5523983888735582,0.0,1.0932344581200149,0.5523983888735582,0.5523983888735582,1,1.0932344581200149,0.6744085717394066,0.6744085717394066,2.5182075909656563
actionable_probability_mass,exponential_smoothing,120,1,120,0.0,0.017302777405982742,0.0,0.3876708791071062,0.017302777405982742,0.017302777405982742,1,0.3876708791071062,0.4815996080695846,0.4815996080695846,3.6502395793387437
actionable_probability_mass,exponential_smoothing,120,2,121,0.5080002896059868,0.017302777405982742,0.0,0.5410823699020894,-0.490697512200004,0.490697512200004,1,0.5410823699020894,0.4031992668382758,0.15785051073827377,3.174795566758465
actionable_probability_mass,exponential_smoothing,122,1,122,0.5280101413359624,0.4181631215379971,0.0012036377892291061,0.8461660938309403,-0.10984701979796524,0.10984701979796524,1,0.8449624560417113,0.29256142456937756,-0.007710841429607082,1.1295694167997066
actionable_probability_mass,exponential_smoothing,122,2,123,0.3527232785155428,0.4181631215379971,0.0,1.0234507296906734,0.06543984302245431,0.06543984302245431,1,1.0234507296906734,0.1708217881066016,-0.12945047789238306,0.4920217229358767
actionable_probability_mass,exponential_smoothing,124,1,124,0.0,0.3803602882387884,0.0,0.7939786419736898,0.3803602882387884,0.3803602882387884,1,0.7939786419736898,0.261586165814803,-0.03868610018418164,0.7534523401667595
actionable_probability_mass,exponential_smoothing,124,2,125,0.990931679097512,0.3803602882387884,0.0,0.9653049737371183,-0.6105713908587236,0.6105713908587236,0,0.9653049737371183,0.2915546354794829,-0.06865456984886154,0.6230914614867745
actionable_probability_mass,exponential_smoothing,126,1,126,0.0,0.8199205330853322,0.40905777405262833,1.2606712583699,0.8199205330853322,0.8199205330853322,0,0.8516134843172717,0.4690730138013246,0.1637873183719628,1.396409133590703
actionable_probability_mass,exponential_smoothing,126,2,127,0.5578843566286896,0.8199205330853322,0.23887284698725353,1.4432361864085463,0.26203617645664257,0.26203617645664257,1,1.2043633394212927,0.5182220971598717,0.2129364017305099,1.3383696583871956
actionable_probability_mass,exponential_smoothing,128,1,128,0.0,0.47598381639552556,0.052705391031762916,0.9144129157563636,0.47598381639552556,0.47598381639552556,0,0.8617075247246007,0.542127979199056,0.23684228376969418,1.4001094169840915
actionable_probability_mass,exponential_smoothing,128,2,129,0.0,0.47598381639552556,0.0,1.0960161948506442,0.47598381639552556,0.47598381639552556,1,1.0960161948506442,0.5084810855832564,0.5084810855832564,3.645781277367385
actionable_probability_mass,exponential_smoothing,130,1,130,0.0,0.02138573731409769,0.0,0.45768719195792446,0.02138573731409769,0.02138573731409769,1,0.45768719195792446,0.30884738664044786,0.30884738664044786,2.2144186906893824
actionable_probability_mass,exponential_smoothing,130,2,131,0.0,0.02138573731409769,0.0,0.6384091717545073,0.02138573731409769,0.02138573731409769,1,0.6384091717545073,0.2486847768548116,0.24868477685481163,
actionable_probability_mass,exponential_smoothing,132,1,132,0.0,0.00095998293544544,0.0,0.43154967834781666,0.00095998293544544,0.00095998293544544,1,0.43154967834781666,0.12992881848979157,0.1299288184897916,
actionable_probability_mass,exponential_smoothing,132,2,133,0.5016993406604939,0.00095998293544544,0.0,0.6099057700057209,-0.5007393577250485,0.5007393577250485,1,0.6099057700057209,0.1361177038221723,-0.11425197504035192,1.0852532007952933
actionable_probability_mass,exponential_smoothing,134,1,134,0.0,0.39536603464972075,0.0,0.8380120040882604,0.39536603464972075,0.39536603464972075,1,0.8380120040882604,0.22961277815607808,-0.02075690070644616,1.8306803262192035
actionable_probability_mass,exponential_smoothing,134,2,135,0.0,0.39536603464972075,0.0,1.02136196795949,0.39536603464972075,0.39536603464972075,1,1.02136196795949,0.32310785248998386,0.0727381736274596,2.576107451643114
actionable_probability_mass,exponential_smoothing,136,1,136,0.4951377072503446,0.018407666275469303,0.0,0.4588891193203156,-0.4767300409748753,0.4767300409748753,0,0.4588891193203156,0.4420503669998413,-0.04668433235012058,1.7738119502130711
actionable_probability_mass,exponential_smoothing,136,2,137,0.0,0.018407666275469303,0.0,0.6413425111452986,0.018407666275469303,0.018407666275469303,1,0.6413425111452986,0.3214674441374465,0.08310242365000887,2.5969942456829336
actionable_probability_mass,exponential_smoothing,138,1,138,0.0,0.08660527647436861,0.0,0.5412476520132286,0.08660527647436861,0.08660527647436861,1,0.5412476520132286,0.24427725459360847,0.005912234106170838,1.9734086175755579
actionable_probability_mass,exponential_smoothing,138,2,139,0.5396641573325185,0.08660527647436861,0.0,0.7295666899909461,-0.4530588808581499,0.4530588808581499,1,0.7295666899909461,0.25870046614571574,-0.2061939947707968,0.9999999999999998
actionable_probability_mass,exponential_smoothing,140,1,140,0.0,0.42323113724941835,0.0025921266550114064,0.8993688189298702,0.42323113724941835,0.42323113724941835,0,0.8967766922748588,0.2453257402143515,0.018796299785276596,1.8183585986289026
actionable_probability_mass,exponential_smoothing,140,2,141,0.6278749398712453,0.42323113724941835,0.0,1.096591504238797,-0.20464380262182696,0.20464380262182696,1,1.096591504238797,0.2918847743009409,-0.03696656743904747,0.9999999999999998
actionable_probability_mass,exponential_smoothing,142,1,142,0.96589936027426,0.5042879789767306,0.08624978299092911,0.9830143964143676,-0.46161138129752943,0.46161138129752943,1,0.8967646134234385,0.38563630050673114,-0.174020731882022,0.7230324346221804
actionable_probability_mass,exponential_smoothing,142,2,143,0.0,0.5042879789767306,0.0,1.1813093711833207,0.5042879789767306,0.5042879789767306,1,1.1813093711833207,0.3984435750363763,0.06531598307669816,0.9999999999999999
actionable_probability_mass,exponential_smoothing,144,1,144,0.3770402746510757,0.20504844176421047,0.0,0.6816426662595153,-0.17199183288686523,0.17199183288686523,1,0.6816426662595153,0.335633748945738,-0.08348975945737275,0.681208172981734
actionable_probability_mass,exponential_smoothing,144,2,145,1.172227718728394,0.20504844176421047,0.0,0.8790544577941581,-0.9671792769641836,0.9671792769641836,0,0.8790544577941581,0.5262676175313272,-0.2741236280429619,0.8369504586115585
actionable_probability_mass,exponential_smoothing,146,1,146,1.7652090817688133,0.9688545564490784,0.5279300620356022,1.4574677127716826,-0.7963545253197349,0.7963545253197349,0,0.9295376507360804,0.6099534035368785,-0.3578094140485133,0.7361081578874283
actionable_probability_mass,exponential_smoothing,146,2,147,0.5660047874385372,0.9688545564490784,0.3452931564670403,1.6598579088744305,0.40284976901054115,0.40284976901054115,1,1.3145647524073902,0.5845938510453312,-0.3831689665400606,0.6025992356069174
actionable_probability_mass,exponential_smoothing,148,1,148,0.8156505367465017,0.8170350353080393,0.3370703971455348,1.3164897647547946,0.0013844985615376615,0.0013844985615376615,1,0.9794193676092598,0.5419420174639993,-0.33982488367795993,0.501903642542813
actionable_probability_mass,exponential_smoothing,148,2,149,0.5902084427940546,0.8170350353080393,0.13826253455913018,1.5233706874830255,0.22682659251398474,0.22682659251398474,1,1.3851081529238953,0.35685384635144957,-0.04132341630841785,0.38196081349713285
actionable_probability_mass,exponential_smoothing,150,1,150,0.0,0.6467699919320571,0.1758835996100892,1.145836808327438,0.6467699919320571,0.6467699919320571,0,0.9699532087173488,0.3194577130045301,0.3194577130045302,0.6480320159114057
actionable_probability_mass,exponential_smoothing,150,2,151,0.3648498768331665,0.6467699919320571,0.0,1.3525570522087682,0.2819201150988906,0.2819201150988906,1,1.3525570522087682,0.28922529952661746,0.2892252995266175,0.6533548380594401
actionable_probability_mass,exponential_smoothing,152,1,152,0.939098412871056,0.3140490274810949,0.0,0.8107104168663107,-0.625049385389961,0.625049385389961,0,0.8107104168663107,0.4451415212337233,0.13261682853874285,0.9400310198124077
actionable_probability_mass,exponential_smoothing,152,2,153,0.3870357403693867,0.3140490274810949,0.0,1.016434300256732,-0.07298671288829178,0.07298671288829178,1,1.016434300256732,0.40668155132730005,0.05766350218817372,0.9619997447512193
actionable_probability_mass,exponential_smoothing,154,1,154,0.0,0.4873502288316117,0.0,0.9876453006037246,0.4873502288316117,0.4873502288316117,1,0.9876453006037246,0.36682661055218874,0.017808561413062376,0.8677234179112162
actionable_probability_mass,exponential_smoothing,154,2,155,1.4620299364864542,0.4873502288316117,0.0,1.1948743045201549,-0.9746797076548425,0.9746797076548425,0,1.1948743045201549,0.5400165086911767,-0.2963413942753709,0.7747270122026021
actionable_probability_mass,exponential_smoothing,156,1,156,0.3893157544060801,1.1012008549028758,0.6092405550958339,1.6031505576328675,0.7118851004967957,0.7118851004967957,0,0.9939100025370337,0.5617254374678853,0.03789222719631827,1.0038064641220763
actionable_probability_mass,exponential_smoothing,156,2,157,0.6409618424161188,1.1012008549028758,0.40546392676662313,1.8110649321327736,0.460239012486757,0.460239012486757,1,1.4056010053661505,0.6585385123675016,0.17119865854008048,1.0569137292511592
actionable_probability_mass,exponential_smoothing,158,1,158,0.0,0.6261706806192082,0.1297139688560392,1.1259728555632154,0.6261706806192082,0.6261706806192082,0,0.9962588867071762,0.6932436253144008,0.2059037714869796,1.1126132967934144
actionable_probability_mass,exponential_smoothing,158,2,159,0.0,0.6261706806192082,0.0,1.3329976949285935,0.6261706806192082,0.6261706806192082,1,1.3329976949285935,0.6061163685554922,0.6061163685554922,2.35321575631657
actionable_probability_mass,exponential_smoothing,160,1,160,0.5800632125254277,0.05224995867557302,0.0,0.5523401529502505,-0.5278132538498547,0.5278132538498547,0,0.5523401529502505,0.560098406893757,0.2961917799688297,1.8348465647842758
actionable_probability_mass,exponential_smoothing,160,2,161,1.4442202720108246,0.05224995867557302,0.0,0.7594842938286179,-1.3919703133352517,1.3919703133352517,0,0.7594842938286179,0.7930312321058807,-0.16686055148667245,1.5670359179708624
actionable_probability_mass,exponential_smoothing,162,1,162,1.1627587476068455,1.1572056129745814,0.6553180781423134,1.6642018288321259,-0.005553134632264145,0.005553134632264145,1,1.0088837506898125,0.6378768456091446,-0.32479150529954054,0.8005878794774679
actionable_probability_mass,exponential_smoothing,162,2,163,0.0,1.1572056129745814,0.4474294544287888,1.8742065375121584,1.1572056129745814,1.1572056129745814,0,1.4267770830833695,0.7706355786979879,-0.19203277221069726,0.9672110032627727
actionable_probability_mass,exponential_smoothing,164,1,164,0.0,0.3389183082093451,0.0,0.8444442924562754,0.3389183082093451,0.3389183082093451,1,0.8444442924562754,0.7234118422878606,0.024650118304102686,1.1099618935850946
actionable_probability_mass,exponential_smoothing,164,2,165,0.0,0.3389183082093451,0.0,1.0538400112633615,0.3389183082093451,0.3389183082093451,1,1.0538400112633615,0.4601488410063839,0.4573722736902519,1.5829555080224447
actionable_probability_mass,exponential_smoothing,166,1,166,0.0,0.02607437017810808,0.0,0.5304821354017224,0.02607437017810808,0.02607437017810808,1,0.5304821354017224,0.4652791498928449,0.4652791498928449,
actionable_probability_mass,exponential_smoothing,166,2,167,0.0,0.02607437017810808,0.0,0.7394146727236475,0.02607437017810808,0.02607437017810808,1,0.7394146727236475,0.1824963391937266,0.18249633919372663,
actionable_probability_mass,exponential_smoothing,168,1,168,0.0,0.0020679806704194553,0.0,0.5051937864836903,0.0020679806704194553,0.0020679806704194553,1,0.5051937864836903,0.09828375730899518,0.0982837573089952,
actionable_probability_mass,exponential_smoothing,168,2,169,0.0,0.0020679806704194553,0.0,0.7135953188314393,0.0020679806704194553,0.0020679806704194553,1,0.7135953188314393,0.014071175424263768,0.014071175424263796,
actionable_probability_mass,exponential_smoothing,170,1,170,0.0,0.0001643340238538608,0.0,0.5019917588424128,0.0001643340238538608,0.0001643340238538608,1,0.5019917588424128,0.007593666385700213,0.007593666385700241,
actionable_probability_mass,exponential_smoothing,170,2,171,0.0,0.0001643340238538608,0.0,0.7098554841730246,0.0001643340238538608,0.0001643340238538608,1,0.7098554841730246,0.001116157347136658,0.0011161573471366857,
actionable_probability_mass,exponential_smoothing,172,1,172,0.0,1.3059432041355535e-05,0.0,0.5011614683130031,1.3059432041355535e-05,1.3059432041355535e-05,1,0.5011614683130031,0.0006024270375421331,0.0006024270375421609,
actionable_probability_mass,exponential_smoothing,172,2,173,0.0,1.3059432041355535e-05,0.0,0.7087439360331947,1.3059432041355535e-05,1.3059432041355535e-05,1,0.7087439360331947,8.869672794760818e-05,8.869672794763593e-05,
actionable_probability_mass,exponential_smoothing,174,1,174,0.5096123265386545,1.0378177277643817e-06,0.0,0.5010900407181174,-0.5096112887209268,0.5096112887209268,0,0.5010900407181174,0.12745043540221584,-0.1273552089582475,1.0003716846323074
actionable_probability_mass,exponential_smoothing,174,2,175,0.350265813717976,1.0378177277643817e-06,0.0,0.70864790167547,-0.35026477590024824,0.35026477590024824,1,0.70864790167547,0.21497554587131446,-0.21496248643927302,1.0000279612046192
actionable_probability_mass,exponential_smoothing,176,1,176,1.044097448719256,0.3546623393615082,0.0,0.8590698993022241,-0.6894351093577478,0.6894351093577478,0,0.8590698993022241,0.38733105835274106,-0.3873245286367203,0.8137311436037462
actionable_probability_mass,exponential_smoothing,176,2,177,0.991478440361898,0.3546623393615082,0.0,1.0680023515931885,-0.6368161010003899,0.6368161010003899,1,1.0680023515931885,0.5465318187448283,-0.546531818744828,0.7550205435239803
actionable_probability_mass,exponential_smoothing,178,1,178,0.516949552947876,0.9530245456950386,0.45716086081530755,1.461299581834891,0.43607499274716255,0.43607499274716255,1,1.0041387210195836,0.5281477447513871,-0.31011024837780576,0.727779159050103
actionable_probability_mass,exponential_smoothing,178,2,179,0.0,0.9530245456950386,0.25176739744982424,1.671833995219693,0.9530245456950386,0.9530245456950386,0,1.4200665977698688,0.6788376872000847,0.015712082021015927,1.063789885926417
actionable_probability_mass,exponential_smoothing,180,1,180,1.0181224121612886,0.1757943267690615,0.0,0.6836981045017035,-0.8423280853922271,0.8423280853922271,0,0.6836981045017035,0.7170609312087045,-0.022511161987603917,1.1352410459034752
actionable_probability_mass,exponential_smoothing,180,2,181,0.9917573043956356,0.1757943267690615,0.0,0.894078737619094,-0.8159629776265741,0.8159629776265741,0,0.894078737619094,0.7618476503652506,-0.06729788114414997,1.206013654439827
actionable_probability_mass,exponential_smoothing,182,1,182,0.5524034726320426,0.9303578486174987,0.42976809983181585,1.439770552757769,0.3779543759854561,0.3779543759854561,1,1.0100024529259533,0.7473174961748239,-0.08182803533457658,1.1666430928914935
actionable_probability_mass,exponential_smoothing,182,2,183,0.5489732535461163,0.9303578486174987,0.22241703669984536,1.650776203657822,0.38138459507138245,0.38138459507138245,1,1.4283591669579767,0.6044075085189099,-0.22473802299049064,0.7770590687633318
actionable_probability_mass,exponential_smoothing,184,1,184,0.3927136215779211,0.5817905262487209,0.08315269760683036,1.0905560857730507,0.18907690467079974,0.18907690467079974,1,1.0074033881662203,0.4410947133385531,0.033113224525266105,0.7097695033028233
actionable_probability_mass,exponential_smoothing,184,2,185,0.0,0.5817905262487209,0.0,1.3012936805963644,0.5817905262487209,0.5817905262487209,1,1.3012936805963644,0.38255160049408976,0.38255160049408987,1.024172603935579
actionable_probability_mass,exponential_smoothing,186,1,186,5.445023606427111,0.12824903128799434,0.0,0.6368708693822364,-5.316774575139116,5.316774575139116,0,0.6368708693822364,1.617256650282505,-1.0411306372870532,1.0128886568158448
actionable_probability_mass,exponential_smoothing,186,2,187,1.030309381271616,0.12824903128799434,0.0,0.847548932840004,-0.9020603499836216,0.9020603499836216,0,0.847548932840004,1.7474255890105643,-1.3619918735508043,1.0177132966164337
actionable_probability_mass,exponential_smoothing,188,1,188,0.4735216110230121,1.864547682381983,1.3358548321269288,2.3657120318967055,1.391026071358971,1.391026071358971,0,1.0298571997697767,2.047912880682607,-1.0615045818787614,1.178849176702777
actionable_probability_mass,exponential_smoothing,188,2,189,0.8077451971850533,1.864547682381983,1.1168630832215976,2.5733011024435934,1.0568024851969298,1.0568024851969298,0,1.456438019221996,2.1666658704196595,-0.9427515921417093,1.1173276577002325
actionable_probability_mass,exponential_smoothing,190,1,190,1.131864055764921,1.1085094935241235,0.5747599204844092,1.594932002926752,-0.02335456224079757,0.02335456224079757,1,1.0201720824423428,0.8433108671950797,0.38060341108287044,0.9796143474360488
actionable_probability_mass,exponential_smoothing,190,2,191,0.0,1.1085094935241235,0.35367360842051054,1.796414803364875,1.1085094935241235,1.1085094935241235,0,1.4427411949443645,0.8949231530802052,0.8832458719598067,1.483422497206473
actionable_probability_mass,exponential_smoothing,192,1,192,0.0,0.6726549977956097,0.1273698690600974,1.1638198234186037,0.6726549977956097,0.6726549977956097,0,1.0364499543585062,0.7153303846893649,0.7036531035689664,1.4752051395948138
actionable_probability_mass,exponential_smoothing,192,2,193,0.0,0.6726549977956097,0.0,1.3672669555522639,0.6726549977956097,0.6726549977956097,1,1.3672669555522639,0.6192935128390349,0.6076162317186363,2.1885791308056417
actionable_probability_mass,exponential_smoothing,194,1,194,0.6126734219088188,0.2055971535616878,0.0,0.697686898486735,-0.40707626834713095,0.40707626834713095,1,0.697686898486735,0.7152239393656183,0.511685805192053,4.669528096304864
actionable_probability_mass,exponential_smoothing,194,2,195,4.264519576005112,0.2055971535616878,0.0,0.9015171447394066,-4.058922422443424,4.058922422443424,0,0.9015171447394066,1.4528271715954435,-0.780172173799834,1.1915273168126383
actionable_probability_mass,exponential_smoothing,196,1,196,0.0,1.8361279819022112,1.2788461971291207,2.3205486616336244,1.8361279819022112,1.8361279819022112,0,1.0417024645045037,1.743695417622094,-0.4893039277731836,1.4300811293446094
actionable_probability_mass,exponential_smoothing,196,2,197,0.4230449608798826,1.8361279819022112,1.0480125238126223,2.521202277072369,1.4130830210223286,1.4130830210223286,0,1.4731897532597469,1.9288024234287735,-0.30419692196650383,1.4556345872951828
actionable_probability_mass,exponential_smoothing,198,1,198,0.0,0.9249663245263898,0.300059370362705,1.3965814778709977,0.9249663245263898,0.9249663245263898,0,1.0965221075082927,2.058274937473588,0.028813726251876365,1.7563704318331275
actionable_probability_mass,exponential_smoothing,198,2,199,0.3945118938878325,0.9249663245263898,0.041214434726844607,1.5919308706070012,0.5304544306385574,0.5304544306385574,1,1.5507164358801566,1.1761579395223718,1.1761579395223718,5.754501024184027
actionable_probability_mass,exponential_smoothing,200,1,200,0.4202580433090189,0.6311742854366922,0.0,1.1028094211437076,0.2109162421276733,0.2109162421276733,1,1.1028094211437076,0.7698550045787372,0.7698550045787372,2.4877871668046856
actionable_probability_mass,exponential_smoothing,200,2,201,1.2967426572310905,0.6311742854366922,0.0,1.2981670908452285,-0.6655683717943983,0.6655683717943983,1,1.2981670908452285,0.5829763422717547,0.25019215637455555,1.1043767274894167
actionable_probability_mass,exponential_smoothing,202,1,202,0.0,0.7517885132585791,0.10466295703956463,1.233660816211124,0.7517885132585791,0.7517885132585791,0,1.1289978591715593,0.5396818894548021,0.20689770355760287,1.0223607301779123
actionable_probability_mass,exponential_smoothing,202,2,203,0.0,0.7517885132585791,0.0,1.433258859426025,0.7517885132585791,0.7517885132585791,1,1.433258859426025,0.5950154101098075,0.2622312242126083,1.3861739483801867
actionable_probability_mass,exponential_smoothing,204,1,204,0.0,0.4366604260761517,0.0,0.9169016046482408,0.4366604260761517,0.4366604260761517,1,0.9169016046482408,0.6514514560969271,0.3186672701997279,2.0095011217968533
actionable_probability_mass,exponential_smoothing,204,2,205,0.3930719218750153,0.4366604260761517,0.0,1.1158240140228395,0.04358850420113641,0.04358850420113641,1,1.1158240140228395,0.49595648919861157,0.49595648919861157,5.046979563768591
actionable_probability_mass,exponential_smoothing,206,1,206,6.851075948132078,0.34106557095060097,0.0,0.8203822849983005,-6.5100103771814775,6.5100103771814775,0,0.8203822849983005,1.935511955179336,-1.3194932334114027,1.0687313345399398
actionable_probability_mass,exponential_smoothing,206,2,207,21.041781745643704,0.34106557095060097,0.0,1.0189217686289642,-20.700716174693103,20.700716174693103,0,1.0189217686289642,6.922743870537967,-6.682619405399323,0.9789664281293503
actionable_probability_mass,exponential_smoothing,208,1,208,4.993485945755758,21.04178153418571,20.48656363476066,21.604575135931942,16.04829558842995,16.04829558842995,0,1.1180115011712815,10.825652661126416,-2.779710614810873,1.301183026024135
actionable_probability_mass,exponential_smoothing,208,2,209,26.107650735133177,21.04178153418571,20.256584850746503,21.837691878592036,-5.065869200947468,5.065869200947468,0,1.5811070278455333,12.081222835313,-4.057075041098024,0.8191493363603359
actionable_probability_mass,mean,12,1,12,0.0,0.2332347529380182,0.0,1.1985853395481487,0.2332347529380182,0.2332347529380182,1,1.1985853395481487,0.2332347529380182,0.2332347529380182,
actionable_probability_mass,mean,12,2,13,0.4747068174892888,0.2332347529380182,0.0,1.598446644966888,-0.24147206455127057,0.24147206455127057,1,1.598446644966888,0.2373534087446444,-0.004118655806626181,1.0
actionable_probability_mass,mean,14,1,14,0.0,0.29257310512417933,0.0,1.0973409430831502,0.29257310512417933,0.29257310512417933,1,1.0973409430831502,0.25575997420448937,0.09477859783697566,1.6163237904852312
actionable_probability_mass,mean,14,2,15,0.0,0.29257310512417933,0.0,1.4306866961274296,0.29257310512417933,0.29257310512417933,1,1.4306866961274296,0.26496325693441186,0.14422722465877658,2.2326475809704625
actionable_probability_mass,mean,16,1,16,0.0,0.2367370952622032,0.0,0.996096546618151,0.2367370952622032,0.2367370952622032,1,0.996096546618151,0.2658388425154581,0.14510281023982283,2.240025487069871
actionable_probability_mass,mean,16,2,17,0.0,0.2367370952622032,0.0,1.310633530085977,0.2367370952622032,0.2367370952622032,1,1.310633530085977,0.2646551001931913,0.2646551001931913,
actionable_probability_mass,mean,18,1,18,0.8475107055686442,0.15221154661811784,0.0,0.8948521501531526,-0.6952991589505263,0.6952991589505263,1,0.8948521501531526,0.365336613649778,0.017687034174514865,1.7242808202860513
actionable_probability_mass,mean,18,2,19,0.0,0.15221154661811784,0.0,1.2024639601063045,0.15221154661811784,0.15221154661811784,1,1.2024639601063045,0.33024622402326265,-0.01740335545200051,1.5586645542214421
actionable_probability_mass,mean,20,1,20,0.0,0.16527719038224162,0.0,0.8876803887898451,0.16527719038224162,0.16527719038224162,1,0.8876803887898451,0.31238124780327226,-0.0352683316719909,1.4743471474790517
actionable_probability_mass,mean,20,2,21,0.0,0.16527719038224162,0.0,1.1869095910719765,0.16527719038224162,0.16527719038224162,1,1.1869095910719765,0.29451627158328186,-0.053133307891981306,1.3900297407366615
actionable_probability_mass,mean,22,1,22,0.0,0.10593883819608052,0.0,0.8370581905573453,0.10593883819608052,0.10593883819608052,1,0.8370581905573453,0.1471761913946704,0.1471761913946704,
actionable_probability_mass,mean,22,2,23,0.0,0.10593883819608052,0.0,1.1398977420188152,0.10593883819608052,0.10593883819608052,1,1.1398977420188152,0.13560801428916106,0.13560801428916106,
actionable_probability_mass,mean,24,1,24,0.0,0.10593883819608052,0.0,0.8161531605347471,0.10593883819608052,0.10593883819608052,1,0.8161531605347471,0.1207734262426208,0.12077342624262079,
actionable_probability_mass,mean,24,2,25,0.0,0.10593883819608052,0.0,1.1103335650390398,0.10593883819608052,0.10593883819608052,1,1.1103335650390398,0.10593883819608052,0.10593883819608052,
actionable_probability_mass,mean,26,1,26,0.0,0.10593883819608052,0.0,0.795248130512149,0.10593883819608052,0.10593883819608052,1,0.795248130512149,0.10593883819608052,0.10593883819608052,
actionable_probability_mass,mean,26,2,27,0.0,0.10593883819608052,0.0,1.0807693880592648,0.10593883819608052,0.10593883819608052,1,1.0807693880592648,0.10593883819608052,0.10593883819608052,
actionable_probability_mass,mean,28,1,28,0.0,0.0,0.0,0.7743431004895511,0.0,0.0,1,0.7743431004895511,0.07945412864706039,0.07945412864706039,
actionable_probability_mass,mean,28,2,29,0.0,0.0,0.0,1.0950865146423556,0.0,0.0,1,1.0950865146423556,0.05296941909804026,0.05296941909804025,
actionable_probability_mass,mean,30,1,30,0.0,0.0,0.0,0.7534380704669531,0.0,0.0,1,0.7534380704669531,0.02648470954902013,0.026484709549020123,
actionable_probability_mass,mean,30,2,31,0.0,0.0,0.0,1.0655223376625809,0.0,0.0,1,1.0655223376625809,0.0,0.0,
actionable_probability_mass,mean,32,1,32,0.0,0.0,0.0,0.736307438825357,0.0,0.0,1,0.736307438825357,0.0,0.0,
actionable_probability_mass,mean,32,2,33,0.0,0.0,0.0,1.0412959660630179,0.0,0.0,1,1.0412959660630179,0.0,0.0,
actionable_probability_mass,mean,34,1,34,0.3572097058644798,0.0,0.0,0.7229512055647626,-0.3572097058644798,0.3572097058644798,1,0.7229512055647626,0.08930242646611995,-0.08930242646611997,1.0
actionable_probability_mass,mean,34,2,35,0.0,0.0,0.0,1.0224073998436667,0.0,0.0,1,1.0224073998436667,0.08930242646611995,-0.08930242646611995,1.0
actionable_probability_mass,mean,36,1,36,0.0,0.044651213233059976,0.0,0.7095949723041685,0.044651213233059976,0.044651213233059976,1,0.7095949723041685,0.10046522977438495,-0.07813962315785496,1.125
actionable_probability_mass,mean,36,2,37,0.0,0.044651213233059976,0.0,0.9850236955267694,0.044651213233059976,0.044651213233059976,1,0.9850236955267694,0.11162803308264994,-0.06697681984958996,1.25
actionable_probability_mass,mean,38,1,38,0.0,0.044651213233059976,0.0,0.6962387390435746,0.044651213233059976,0.044651213233059976,1,0.6962387390435746,0.03348840992479498,0.03348840992479498,
actionable_probability_mass,mean,38,2,39,0.0,0.044651213233059976,0.0,0.966135129307419,0.044651213233059976,0.044651213233059976,1,0.966135129307419,0.044651213233059976,0.044651213233059976,
actionable_probability_mass,mean,40,1,40,0.0,0.044651213233059976,0.0,0.6828825057829802,0.044651213233059976,0.044651213233059976,1,0.6828825057829802,0.044651213233059976,0.044651213233059976,
actionable_probability_mass,mean,40,2,41,0.0,0.044651213233059976,0.0,0.9472465630880677,0.044651213233059976,0.044651213233059976,1,0.9472465630880677,0.044651213233059976,0.044651213233059976,
actionable_probability_mass,mean,42,1,42,0.0,0.044651213233059976,0.0,0.6560546319863433,0.044651213233059976,0.044651213233059976,1,0.6560546319863433,0.044651213233059976,0.044651213233059976,
actionable_probability_mass,mean,42,2,43,0.0,0.044651213233059976,0.0,0.90930622011523,0.044651213233059976,0.044651213233059976,1,0.90930622011523,0.044651213233059976,0.044651213233059976,
actionable_probability_mass,mean,44,1,44,0.0,0.0,0.0,0.6157551176536653,0.0,0.0,1,0.6157551176536653,0.03348840992479498,0.03348840992479498,
actionable_probability_mass,mean,44,2,45,0.0,0.0,0.0,0.8708092384864543,0.0,0.0,1,0.8708092384864543,0.022325606616529988,0.022325606616529988,
actionable_probability_mass,mean,46,1,46,0.0,0.0,0.0,0.5754556033209859,0.0,0.0,1,0.5754556033209859,0.011162803308264994,0.011162803308264994,
actionable_probability_mass,mean,46,2,47,0.0,0.0,0.0,0.8138171187601302,0.0,0.0,1,0.8138171187601302,0.0,0.0,
actionable_probability_mass,mean,48,1,48,0.0,0.0,0.0,0.5351560889883079,0.0,0.0,1,0.5351560889883079,0.0,0.0,
actionable_probability_mass,mean,48,2,49,0.0,0.0,0.0,0.7568249990338081,0.0,0.0,1,0.7568249990338081,0.0,0.0,
actionable_probability_mass,mean,50,1,50,0.518681738066498,0.0,0.0,0.4948565746556285,-0.518681738066498,0.518681738066498,0,0.4948565746556285,0.1296704345166245,-0.1296704345166245,1.0
actionable_probability_mass,mean,50,2,51,0.5545450699846328,0.0,0.0,0.6998328793074838,-0.5545450699846328,0.5545450699846328,1,0.6998328793074838,0.2683067020127827,-0.2683067020127827,1.0
actionable_probability_mass,mean,52,1,52,0.0,0.13415335100639136,0.0,0.5509587367928193,0.13415335100639136,0.13415335100639136,1,0.5509587367928193,0.30184503976438054,-0.23476836426118486,1.125
actionable_probability_mass,mean,52,2,53,0.0,0.13415335100639136,0.0,0.7236051804557078,0.13415335100639136,0.13415335100639136,1,0.7236051804557078,0.33538337751597835,-0.20123002650958702,1.2499999999999998
actionable_probability_mass,mean,54,1,54,0.0,0.13415335100639136,0.0,0.5437860704091925,0.13415335100639136,0.13415335100639136,1,0.5437860704091925,0.23925128075095173,-0.03802125424136468,1.7257481398767585
actionable_probability_mass,mean,54,2,55,0.0,0.13415335100639136,0.0,0.7134614983776052,0.13415335100639136,0.13415335100639136,1,0.7134614983776052,0.13415335100639136,0.13415335100639136,
actionable_probability_mass,mean,56,1,56,0.0,0.13415335100639136,0.0,0.5366134040255655,0.13415335100639136,0.13415335100639136,1,0.5366134040255655,0.13415335100639136,0.13415335100639136,
actionable_probability_mass,mean,56,2,57,0.0,0.13415335100639136,0.0,0.7033178162995022,0.13415335100639136,0.13415335100639136,1,0.7033178162995022,0.13415335100639136,0.13415335100639136,
actionable_probability_mass,mean,58,1,58,0.0,0.13415335100639136,0.0,0.5294407376419386,0.13415335100639136,0.13415335100639136,1,0.5294407376419386,0.13415335100639136,0.13415335100639136,
actionable_probability_mass,mean,58,2,59,0.0,0.13415335100639136,0.0,0.6931741342213996,0.13415335100639136,0.13415335100639136,1,0.6931741342213996,0.13415335100639136,0.13415335100639136,
actionable_probability_mass,mean,60,1,60,0.0,0.0,0.0,0.5222680712583115,0.0,0.0,1,0.5222680712583115,0.10061501325479352,0.10061501325479352,
actionable_probability_mass,mean,60,2,61,0.0,0.0,0.0,0.7385985895679422,0.0,0.0,1,0.7385985895679422,0.06707667550319568,0.06707667550319568,
actionable_probability_mass,mean,62,1,62,0.0,0.0,0.0,0.514284246008777,0.0,0.0,1,0.514284246008777,0.03353833775159784,0.03353833775159784,
actionable_probability_mass,mean,62,2,63,0.3486549908129756,0.0,0.0,0.7273077556204337,-0.3486549908129756,0.3486549908129756,1,0.7273077556204337,0.0871637477032439,-0.0871637477032439,1.0
actionable_probability_mass,mean,64,1,64,0.0,0.04358187385162195,0.0,0.5054892618933353,0.04358187385162195,0.04358187385162195,1,0.5054892618933353,0.09805921616614938,-0.07626827924033841,1.125
actionable_probability_mass,mean,64,2,65,0.0,0.04358187385162195,0.0,0.6968175665805451,0.04358187385162195,0.04358187385162195,1,0.6968175665805451,0.10895468462905486,-0.06537281077743293,1.25
actionable_probability_mass,mean,66,1,66,0.0,0.04358187385162195,0.0,0.4966942777778934,0.04358187385162195,0.04358187385162195,1,0.4966942777778934,0.11985015309196036,-0.05447734231452743,1.375
actionable_probability_mass,mean,66,2,67,0.0,0.04358187385162195,0.0,0.6843795807636311,0.04358187385162195,0.04358187385162195,1,0.6843795807636311,0.04358187385162195,0.04358187385162195,
actionable_probability_mass,mean,68,1,68,0.0,0.04358187385162195,0.0,0.4878992936624517,0.04358187385162195,0.04358187385162195,1,0.4878992936624517,0.04358187385162195,0.04358187385162195,
actionable_probability_mass,mean,68,2,69,0.5081170016051968,0.04358187385162195,0.0,0.6719415949467176,-0.46453512775357486,0.46453512775357486,1,0.6719415949467176,0.14882018732711016,-0.08344737654967727,1.1715426711326016
actionable_probability_mass,mean,70,1,70,0.0,0.10709649905227155,0.0,0.509173475251327,0.10709649905227155,0.10709649905227155,1,0.509173475251327,0.16469884362727258,-0.06756872024951487,1.2965426711326018
actionable_probability_mass,mean,70,2,71,0.0,0.10709649905227155,0.0,0.67571921191094,0.10709649905227155,0.10709649905227155,1,0.67571921191094,0.18057749992743496,-0.05169006394935247,1.4215426711326016
actionable_probability_mass,mean,72,1,72,0.530184517595778,0.0635146252006496,0.0,0.504775983193606,-0.4666698923951284,0.4666698923951284,0,0.504775983193606,0.2863495045633116,-0.17925300551104006,1.1031458560656713
actionable_probability_mass,mean,72,2,73,0.0,0.0635146252006496,0.0,0.6875524222254581,0.0635146252006496,0.0635146252006496,1,0.6875524222254581,0.18609437892508024,-0.047240567272483935,1.4039970821400851
actionable_probability_mass,mean,74,1,74,0.0,0.12978768990012185,0.0,0.5155123171281076,0.12978768990012185,0.12978768990012185,1,0.5155123171281076,0.19176717663704285,-0.041567769560521356,1.4467957495752413
actionable_probability_mass,mean,74,2,75,0.5015799755223989,0.12978768990012185,0.0,0.6752846890672457,-0.371792285622277,0.371792285622277,1,0.6752846890672457,0.2579411232795442,-0.1612899657291585,1.0
actionable_probability_mass,mean,76,1,76,0.3528092722819265,0.1924851868404217,0.0,0.5133993698358474,-0.16032408544150478,0.16032408544150478,1,0.5133993698358474,0.18135467154113832,-0.08470351399075259,0.8490494093047046
actionable_probability_mass,mean,76,2,77,0.0,0.1924851868404217,0.0,0.646326376790434,0.1924851868404217,0.1924851868404217,1,0.646326376790434,0.21359731195108134,-0.05246087358080956,1.0
actionable_probability_mass,mean,78,1,78,0.0,0.17307172067501292,0.0,0.5112864225435871,0.17307172067501292,0.17307172067501292,1,0.5112864225435871,0.2244183196448041,-0.04163986588708679,1.0506607859194457
actionable_probability_mass,mean,78,2,79,0.0,0.17307172067501292,0.0,0.6513795390515236,0.17307172067501292,0.17307172067501292,1,0.6513795390515236,0.1747381784079881,0.09457613568723569,1.981106417955552
actionable_probability_mass,mean,80,1,80,0.0,0.17307172067501292,0.0,0.5091734752513271,0.17307172067501292,0.17307172067501292,1,0.5091734752513271,0.1779250872163651,0.17792508721636513,
actionable_probability_mass,mean,80,2,81,0.0,0.17307172067501292,0.0,0.6483913803342298,0.17307172067501292,0.17307172067501292,1,0.6483913803342298,0.17307172067501292,0.17307172067501292,
actionable_probability_mass,mean,82,1,82,0.0,0.10679865597554067,0.0,0.507463298996917,0.10679865597554067,0.10679865597554067,1,0.507463298996917,0.15650345450014486,0.15650345450014486,
actionable_probability_mass,mean,82,2,83,0.3594509757342988,0.10679865597554067,0.0,0.6734240280997459,-0.2526523197587581,0.2526523197587581,1,0.6734240280997459,0.17639860427108117,0.050072444391702095,1.9629781659179313
actionable_probability_mass,mean,84,1,84,0.0,0.08903253100202815,0.0,0.5061558937803574,0.08903253100202815,0.08903253100202815,1,0.5061558937803574,0.15538880685283496,0.029062646973455904,1.729179413525323
actionable_probability_mass,mean,84,2,85,0.0,0.08903253100202815,0.0,0.6789340478258141,0.08903253100202815,0.08903253100202815,1,0.6789340478258141,0.13437900943458878,0.008052849555209712,1.4953806611327147
actionable_probability_mass,mean,86,1,86,0.0,0.04493137196678735,0.0,0.5048484885637978,0.04493137196678735,0.04493137196678735,1,0.5048484885637978,0.11891218843240045,-0.007413971446978617,1.3232646058560007
actionable_probability_mass,mean,86,2,87,0.0,0.04493137196678735,0.0,0.6953523958258077,0.04493137196678735,0.04493137196678735,1,0.6953523958258077,0.06698195148440775,0.06698195148440775,
actionable_probability_mass,mean,88,1,88,0.0,0.04493137196678735,0.0,0.5035410833472382,0.04493137196678735,0.04493137196678735,1,0.5035410833472382,0.05595666172559755,0.055956661725597545,
actionable_probability_mass,mean,88,2,89,0.0,0.04493137196678735,0.0,0.6935034456370317,0.04493137196678735,0.04493137196678735,1,0.6935034456370317,0.04493137196678735,0.04493137196678735,
actionable_probability_mass,mean,90,1,90,0.0,0.04493137196678735,0.0,0.5022336781306787,0.04493137196678735,0.04493137196678735,1,0.5022336781306787,0.04493137196678735,0.04493137196678735,
actionable_probability_mass,mean,90,2,91,0.0,0.04493137196678735,0.0,0.6916544954482559,0.04493137196678735,0.04493137196678735,1,0.6916544954482559,0.04493137196678735,0.04493137196678735,
actionable_probability_mass,mean,92,1,92,0.0,0.0,0.0,0.498892659719088,0.0,0.0,1,0.498892659719088,0.033698528975090514,0.03369852897509051,
actionable_probability_mass,mean,92,2,93,0.0,0.0,0.0,0.7055407655431198,0.0,0.0,1,0.7055407655431198,0.022465685983393675,0.02246568598339367,
actionable_probability_mass,mean,94,1,94,0.0,0.0,0.0,0.4935180281124659,0.0,0.0,1,0.4935180281124659,0.011232842991696837,0.011232842991696836,
actionable_probability_mass,mean,94,2,95,0.0,0.0,0.0,0.6979398886322757,0.0,0.0,1,0.6979398886322757,0.0,0.0,
actionable_probability_mass,mean,96,1,96,0.0,0.0,0.0,0.4881433965058438,0.0,0.0,1,0.4881433965058438,0.0,0.0,
actionable_probability_mass,mean,96,2,97,0.0,0.0,0.0,0.6903390117214316,0.0,0.0,1,0.6903390117214316,0.0,0.0,
actionable_probability_mass,mean,98,1,98,0.0,0.0,0.0,0.4827687648992217,0.0,0.0,1,0.4827687648992217,0.0,0.0,
actionable_probability_mass,mean,98,2,99,0.0,0.0,0.0,0.6827381348105876,0.0,0.0,1,0.6827381348105876,0.0,0.0,
actionable_probability_mass,mean,100,1,100,0.0,0.0,0.0,0.4773941332926,0.0,0.0,1,0.4773941332926,0.0,0.0,
actionable_probability_mass,mean,100,2,101,0.0,0.0,0.0,0.6751372578997441,0.0,0.0,1,0.6751372578997441,0.0,0.0,
actionable_probability_mass,mean,102,1,102,0.0,0.0,0.0,0.47190494362994095,0.0,0.0,1,0.47190494362994095,0.0,0.0,
actionable_probability_mass,mean,102,2,103,0.0,0.0,0.0,0.6673743714323734,0.0,0.0,1,0.6673743714323734,0.0,0.0,
actionable_probability_mass,mean,104,1,104,0.43524416262512,0.0,0.0,0.46630119591124486,-0.43524416262512,0.43524416262512,1,0.46630119591124486,0.10881104065628,-0.10881104065628,1.0
actionable_probability_mass,mean,104,2,105,0.0,0.0,0.0,0.6594494754084761,0.0,0.0,1,0.6594494754084761,0.10881104065628,-0.10881104065628,1.0
actionable_probability_mass,mean,106,1,106,0.0,0.05440552032814,0.0,0.4606974481925487,0.05440552032814,0.05440552032814,1,0.4606974481925487,0.122412420738315,-0.095209660574245,1.125
actionable_probability_mass,mean,106,2,107,0.0,0.05440552032814,0.0,0.628989074996698,0.05440552032814,0.05440552032814,1,0.628989074996698,0.13601380082035,-0.08160828049221,1.25
actionable_probability_mass,mean,108,1,108,0.0,0.05440552032814,0.0,0.4550937004738526,0.05440552032814,0.05440552032814,1,0.4550937004738526,0.040804140246105,0.040804140246105,
actionable_probability_mass,mean,108,2,109,0.0,0.05440552032814,0.0,0.6210641789728006,0.05440552032814,0.05440552032814,1,0.6210641789728006,0.05440552032814,0.05440552032814,
actionable_probability_mass,mean,110,1,110,0.0,0.05440552032814,0.0,0.44948995275515696,0.05440552032814,0.05440552032814,1,0.44948995275515696,0.05440552032814,0.05440552032814,
actionable_probability_mass,mean,110,2,111,3.509451635020036,0.05440552032814,0.0,0.613139282948904,-3.455046114691896,3.455046114691896,0,0.613139282948904,0.904565668919079,-0.8229573884268689,1.0310051403958609
actionable_probability_mass,mean,112,1,112,2.0633935052843557,0.4930869747056445,0.0,0.47190494362994095,-1.5703065305787112,1.5703065305787112,0,0.47190494362994095,1.2835409214817217,-1.2291354011535818,0.9212823174997568
actionable_probability_mass,mean,112,2,113,4.245418176804714,0.4930869747056445,0.0,0.46313105907977614,-3.7523312020990693,3.7523312020990693,0,0.46313105907977614,2.2080223419244542,-2.180819581760384,0.899557190761751
actionable_probability_mass,mean,114,1,114,2.7657077257749734,1.2272829146386384,0.0,0.5061558937803574,-1.538424811136335,1.538424811136335,0,0.5061558937803574,2.5790271646265026,-2.579027164626503,0.8197816590129164
actionable_probability_mass,mean,114,2,115,0.7875207210164566,1.2272829146386384,0.0,0.20745530154715164,0.4397621936221817,0.4397621936221817,0,0.20745530154715164,1.8252061843590743,-1.6053250875479834,0.740295582052662
actionable_probability_mass,mean,116,1,116,0.5435059971769587,1.671436470487567,0.0,0.524433127831138,1.1279304733106084,1.1279304733106084,0,0.524433127831138,1.7146121700420487,-0.9307658365756536,0.8221437549691573
actionable_probability_mass,mean,116,2,117,0.5277457521369908,1.671436470487567,0.0,0.04932878721557077,1.1436907183505762,1.1436907183505762,0,0.04932878721557077,1.0624520491049254,0.2932396435367578,0.9189807321477521
actionable_probability_mass,mean,118,1,118,0.0,1.8053429391518108,0.0,0.5341809614701323,1.8053429391518108,1.8053429391518108,1,0.5341809614701323,1.1291815811087942,1.1291815811087942,2.4299511621410583
actionable_probability_mass,mean,118,2,119,0.0,1.8053429391518108,0.0,0.007648430341375301,1.8053429391518108,1.8053429391518108,1,0.007648430341375301,1.4705767674912016,1.4705767674912016,5.491059476665452
actionable_probability_mass,mean,120,1,120,0.0,1.3666614847743062,0.0,0.5315166655538962,1.3666614847743062,1.3666614847743062,1,0.5315166655538962,1.5302595203571259,1.5302595203571259,11.598460161247534
actionable_probability_mass,mean,120,2,121,0.5080002896059868,1.3666614847743062,0.0,0.18558835488717573,0.8586611951683194,0.8586611951683194,0,0.18558835488717573,1.4590021395615618,1.4590021395615618,11.488199274005828
actionable_probability_mass,mean,122,1,122,0.5280101413359624,0.6415600607139207,0.0,0.5299406410498992,0.11354991937795833,0.11354991937795833,1,0.5299406410498992,1.0360538846180987,1.0360538846180987,4.000167773122168
actionable_probability_mass,mean,122,2,123,0.3527232785155428,0.6415600607139207,0.0,0.4837063636008475,0.2888367821983779,0.2888367821983779,1,0.4837063636008475,0.6569273453797404,0.6569273453797404,1.8921621644407804
actionable_probability_mass,mean,124,1,124,0.0,0.30749818234643017,0.0,0.5295322047178334,0.30749818234643017,0.30749818234643017,1,0.5295322047178334,0.3921365197727714,0.3921365197727714,1.1294793727617063
actionable_probability_mass,mean,124,2,125,0.990931679097512,0.30749818234643017,0.0,0.6215017080923197,-0.6834334967510818,0.6834334967510818,0,0.6215017080923197,0.34832959516846207,0.006612846792921151,0.7444271848934024
actionable_probability_mass,mean,126,1,126,0.0,0.2974581735693755,0.0,0.5368452573863683,0.2974581735693755,0.2974581735693755,1,0.5368452573863683,0.3943066587163163,0.05258991034077544,1.1738330781491257
actionable_probability_mass,mean,126,2,127,0.5578843566286896,0.2974581735693755,0.0,0.6360026341603117,-0.26042618305931414,0.26042618305931414,1,0.6360026341603117,0.3872040089315504,-0.08472583097364757,1.0
actionable_probability_mass,mean,128,1,128,0.0,0.36719371814796165,0.0,0.5468177190192609,0.36719371814796165,0.36719371814796165,1,0.5468177190192609,0.40212789288193324,-0.0698019470232647,1.0385426896574852
actionable_probability_mass,mean,128,2,129,0.0,0.36719371814796165,0.0,0.6212204163078697,0.36719371814796165,0.36719371814796165,1,0.6212204163078697,0.32306794823115326,0.19285485670149616,2.316379331253966
actionable_probability_mass,mean,130,1,130,0.0,0.30369368194721336,0.0,0.5446099044577262,0.30369368194721336,0.30369368194721336,1,0.5446099044577262,0.3246268253256127,0.1944137337959556,2.3275563938543926
actionable_probability_mass,mean,130,2,131,0.0,0.30369368194721336,0.0,0.644400671217275,0.30369368194721336,0.30369368194721336,1,0.644400671217275,0.3354437000475875,0.3354437000475875,
actionable_probability_mass,mean,132,1,132,0.0,0.1936020044657752,0.0,0.5421738492188407,0.1936020044657752,0.1936020044657752,1,0.5421738492188407,0.2920457716270409,0.29204577162704093,
actionable_probability_mass,mean,132,2,133,0.5016993406604939,0.1936020044657752,0.0,0.6865570347769694,-0.30809733619471874,0.30809733619471874,1,0.6865570347769694,0.27727167613873016,0.1232230080413708,2.2106600799889295
actionable_probability_mass,mean,134,1,134,0.0,0.13244796216114796,0.0,0.5395095533026045,0.13244796216114796,0.13244796216114796,1,0.5395095533026045,0.2344602461922138,0.08041157809485444,1.8693287169446444
actionable_probability_mass,mean,134,2,135,0.0,0.13244796216114796,0.0,0.7081199850745676,0.13244796216114796,0.13244796216114796,1,0.7081199850745676,0.19164881624569746,0.03760014814833809,1.5279973539003597
actionable_probability_mass,mean,136,1,136,0.4951377072503446,0.06271241758256174,0.0,0.5368452573863683,-0.4324252896677829,0.4324252896677829,1,0.5368452573863683,0.2513546375461994,-0.11890667538505142,1.0086087312785414
actionable_probability_mass,mean,136,2,137,0.0,0.06271241758256174,0.0,0.7332375099995752,0.06271241758256174,0.06271241758256174,1,0.7332375099995752,0.19000840789316015,-0.026204236940731304,1.5349944478948014
actionable_probability_mass,mean,138,1,138,0.0,0.12460463098885483,0.0,0.5341809614701322,0.12460463098885483,0.12460463098885483,1,0.5341809614701322,0.18804757510008685,-0.028165069733804587,1.5191537412440201
actionable_probability_mass,mean,138,2,139,0.5396641573325185,0.12460463098885483,0.0,0.7038330323824822,-0.41505952634366367,0.41505952634366367,1,0.7038330323824822,0.2587004661457158,-0.16504194186000748,1.0
actionable_probability_mass,mean,140,1,140,0.0,0.19206265065541964,0.0,0.5400483413169626,0.19206265065541964,0.19206265065541964,1,0.5400483413169626,0.19860980639262496,-0.008919956779206865,1.4720992950454548
actionable_probability_mass,mean,140,2,141,0.6278749398712453,0.19206265065541964,0.0,0.6841887339007422,-0.4358122892158257,0.4358122892158257,1,0.6841887339007422,0.29188477430094095,-0.13355113347880374,1.0
actionable_probability_mass,mean,142,1,142,0.96589936027426,0.20783460055676356,0.0,0.5431218131925146,-0.7580647597174965,0.7580647597174965,0,0.5431218131925146,0.4502498064831014,-0.35421848115539156,0.8441767887044651
actionable_probability_mass,mean,142,2,143,0.0,0.20783460055676356,0.0,0.6820023239565146,0.20783460055676356,0.20783460055676356,1,0.6820023239565146,0.3984435750363764,-0.19849494943028478,1.0000000000000002
actionable_probability_mass,mean,144,1,144,0.3770402746510757,0.32857202059104607,0.0,0.5512333481423308,-0.048468254060029636,0.048468254060029636,1,0.5512333481423308,0.3625449758875289,-0.25862767560914707,0.7358276735394027
actionable_probability_mass,mean,144,2,145,1.172227718728394,0.32857202059104607,0.0,0.643462689830071,-0.843655698137348,0.843655698137348,0,0.643462689830071,0.4645058281179094,-0.36058852783952766,0.7387275084389621
actionable_probability_mass,mean,146,1,146,1.7652090817688133,0.4603383063571867,0.0,0.5562147133066613,-1.3048707754116267,1.3048707754116267,0,0.5562147133066613,0.6012073320414419,-0.4972900317630602,0.7255531637847217
actionable_probability_mass,mean,146,2,147,0.5660047874385372,0.4603383063571867,0.0,0.5959280213767356,-0.10566648108135052,0.10566648108135052,1,0.5959280213767356,0.5756653021725887,-0.5756653021725887,0.5933956890486138
actionable_probability_mass,mean,148,1,148,0.8156505367465017,0.6842820203415407,0.0,0.5845658331683503,-0.13136851640496094,0.13136851640496094,0,0.5845658331683503,0.5963903677588215,-0.5963903677588215,0.5523293789920701
actionable_probability_mass,mean,148,2,149,0.5902084427940546,0.6842820203415407,0.0,0.5432620360530809,0.09407357754748613,0.09407357754748613,0,0.5432620360530809,0.4089948376113561,-0.361958048837613,0.43777025941400993
actionable_probability_mass,mean,150,1,150,0.0,0.7815300253002047,0.0,0.6327078847993888,0.7815300253002047,0.7815300253002047,1,0.6327078847993888,0.2781596500835006,0.15964215134034482,0.5642573381418591
actionable_probability_mass,mean,150,2,151,0.3648498768331665,0.7815300253002047,0.0,0.5710637358225565,0.41668014846703816,0.41668014846703816,1,0.5710637358225565,0.3559130669299225,0.290228808727442,0.804001325568124
actionable_probability_mass,mean,152,1,152,0.939098412871056,0.7063988398700679,0.0,0.6241082901635264,-0.2326995730009881,0.2326995730009881,0,0.6241082901635264,0.3812458310789293,0.2648960445784352,0.8050988063191357
actionable_probability_mass,mean,152,2,153,0.3870357403693867,0.7063988398700679,0.0,0.5900224284199397,0.3193630995006812,0.3193630995006812,1,0.5900224284199397,0.437568211567228,0.321218425066734,1.0350617244993863
actionable_probability_mass,mean,154,1,154,0.0,0.6785071098526896,0.0,0.6617055543682525,0.6785071098526896,0.6785071098526896,1,0.6617055543682525,0.41181248270534926,0.2954626962048552,0.9741368939774621
actionable_probability_mass,mean,154,2,155,1.4620299364864542,0.6785071098526896,0.0,0.6547461222176346,-0.7835228266337646,0.7835228266337646,0,0.6547461222176346,0.5035231522470309,-0.004588047570345477,0.7223723368395458
actionable_probability_mass,mean,156,1,156,0.3893157544060801,0.5698591182625775,0.0,0.7095949723041685,0.18054336385649744,0.18054336385649744,1,0.7095949723041685,0.4904840999609082,0.0987226866440259,0.8764977999024778
actionable_probability_mass,mean,156,2,157,0.6409618424161188,0.5698591182625775,0.0,0.7674754581979827,-0.07110272415354124,0.07110272415354124,1,0.7674754581979827,0.4284190061241232,0.001106230730470295,0.6875861030767375
actionable_probability_mass,mean,158,1,158,0.0,0.5229114454227828,0.0,0.696238739043575,0.5229114454227828,0.5229114454227828,1,0.696238739043575,0.3895200900166465,-0.03779268537700642,0.6251557399090965
actionable_probability_mass,mean,158,2,159,0.0,0.5229114454227828,0.0,0.7680332547907308,0.5229114454227828,0.5229114454227828,1,0.7680332547907308,0.32436724471390105,0.2888158826371304,1.259339213875497
actionable_probability_mass,mean,160,1,160,0.5800632125254277,0.47730521081863697,0.0,0.6828825057829797,-0.10275800170679072,0.10275800170679072,1,0.6828825057829797,0.30492090417647433,0.21799054124630837,0.9989013835299937
actionable_probability_mass,mean,160,2,161,1.4442202720108246,0.47730521081863697,0.0,0.7680354094731847,-0.9669150611921876,0.9669150611921876,0,0.7680354094731847,0.528873988436136,-0.005962543013353222,1.0450591381617618
actionable_probability_mass,mean,162,1,162,1.1627587476068455,0.5645738772306133,0.0,0.7363074388253572,-0.5981848703762322,0.5981848703762322,0,0.7363074388253572,0.5476923446744983,-0.28623662196310695,0.6873989169653489
actionable_probability_mass,mean,162,2,163,0.0,0.5645738772306133,0.0,0.8074418091525355,0.5645738772306133,0.5645738772306133,1,0.8074418091525355,0.558107952626456,-0.27582101401114933,0.7004713611857742
actionable_probability_mass,mean,164,1,164,0.0,0.5271649786206621,0.0,0.7741601713482166,0.5271649786206621,0.5271649786206621,1,0.7741601713482166,0.6642096968549238,-0.11834026892928612,1.0191254963798433
actionable_probability_mass,mean,164,2,165,0.0,0.5271649786206621,0.0,0.8764689300169262,0.5271649786206621,0.5271649786206621,1,0.8764689300169262,0.5542721762120424,0.25517974102392627,1.9067486780136582
actionable_probability_mass,mean,166,1,166,0.0,0.39838027901788725,0.0,0.7652531382360552,0.39838027901788725,0.39838027901788725,1,0.7652531382360552,0.5043210283724562,0.5043210283724562,
actionable_probability_mass,mean,166,2,167,0.0,0.39838027901788725,0.0,0.9172168521908157,0.39838027901788725,0.39838027901788725,1,0.9172168521908157,0.4627726288192747,0.46277262881927467,
actionable_probability_mass,mean,168,1,168,0.0,0.39838027901788725,0.0,0.7563461051238953,0.39838027901788725,0.39838027901788725,1,0.7563461051238953,0.43057645391858096,0.43057645391858096,
actionable_probability_mass,mean,168,2,169,0.0,0.39838027901788725,0.0,0.9046204051630928,0.39838027901788725,0.39838027901788725,1,0.9046204051630928,0.39838027901788725,0.39838027901788725,
actionable_probability_mass,mean,170,1,170,0.0,0.1453448434508557,0.0,0.7474390720117339,0.1453448434508557,0.1453448434508557,1,0.7474390720117339,0.3351214201261294,0.33512142012612933,
actionable_probability_mass,mean,170,2,171,0.0,0.1453448434508557,0.0,0.9968346673082158,0.1453448434508557,0.1453448434508557,1,0.9968346673082158,0.27186256123437147,0.27186256123437147,
actionable_probability_mass,mean,172,1,172,0.0,0.0,0.0,0.7363074388253572,0.0,0.0,1,0.7363074388253572,0.17226749147989967,0.17226749147989964,
actionable_probability_mass,mean,172,2,173,0.0,0.0,0.0,1.0412959660630183,0.0,0.0,1,1.0412959660630183,0.07267242172542784,0.07267242172542782,
actionable_probability_mass,mean,174,1,174,0.5096123265386545,0.0,0.0,0.7229512055647638,-0.5096123265386545,0.5096123265386545,1,0.7229512055647638,0.16373929249737756,-0.09106687077194973,1.2852066872833603
actionable_probability_mass,mean,174,2,175,0.350265813717976,0.0,0.0,1.0224073998436685,-0.350265813717976,0.350265813717976,1,1.0224073998436685,0.2149695350641576,-0.21496953506415767,1.0
actionable_probability_mass,mean,176,1,176,1.044097448719256,0.1074847675320788,0.0,0.7095949723041685,-0.9366126811871772,0.9366126811871772,0,0.7095949723041685,0.44912270536095195,-0.44912270536095195,0.9435471924354383
actionable_probability_mass,mean,176,2,177,0.991478440361898,0.1074847675320788,0.0,0.9589971851640096,-0.8839936728298192,0.8839936728298192,0,0.9589971851640096,0.6701211235684068,-0.6701211235684068,0.9257561912964224
actionable_probability_mass,mean,178,1,178,0.516949552947876,0.3619317536672231,0.0,0.7959596657354705,-0.15501779928065296,0.15501779928065296,1,0.7959596657354705,0.5814724917539064,-0.5814724917539064,0.8012598089548398
actionable_probability_mass,mean,178,2,179,0.0,0.3619317536672231,0.0,0.9757399133626158,0.3619317536672231,0.3619317536672231,1,0.9757399133626158,0.5843889767412181,-0.4034230999076066,0.9157816288431289
actionable_probability_mass,mean,180,1,180,1.0181224121612886,0.4265504477857076,0.0,0.790333702589461,-0.591571964375581,0.591571964375581,0,0.790333702589461,0.49812879753831907,-0.31716292070470753,0.7886306902243583
actionable_probability_mass,mean,180,2,181,0.9917573043956356,0.4265504477857076,0.0,0.9410176604934031,-0.565206856609928,0.565206856609928,0,0.9410176604934031,0.41843209348334626,-0.23746621664973472,0.6623828503701783
actionable_probability_mass,mean,182,1,182,0.5524034726320426,0.6777854123553231,0.0,0.8443246886864301,0.1253819397232805,0.1253819397232805,1,0.8443246886864301,0.41102312859400314,-0.16736628189875136,0.6416513683237384
actionable_probability_mass,mean,182,2,183,0.5489732535461163,0.6777854123553231,0.0,0.9133075156105752,0.12881215880920682,0.12881215880920682,1,0.9133075156105752,0.3527432298794991,-0.22564618061325542,0.4535058248935662
actionable_probability_mass,mean,184,1,184,0.3927136215779211,0.7079727355955142,0.0,0.837952654922002,0.3152591140175931,0.3152591140175931,1,0.837952654922002,0.2836650172900021,0.0010615889850381088,0.45644795173906266
actionable_probability_mass,mean,184,2,185,0.0,0.7079727355955142,0.0,0.891792100343194,0.7079727355955142,0.7079727355955142,1,0.891792100343194,0.31935648703639863,0.31935648703639863,0.854985744378922
actionable_probability_mass,mean,186,1,186,5.445023606427111,0.50261495215761,0.0,0.8315806211575729,-4.942408654269501,4.942408654269501,0,0.8315806211575729,1.5236131656729537,-0.9475911614617968,0.9542396951132264
actionable_probability_mass,mean,186,2,187,1.030309381271616,0.50261495215761,0.0,0.9678426628124961,-0.527694429114006,0.527694429114006,0,0.9678426628124961,1.6233337332491535,-1.1117178084426,0.9454413026589086
actionable_probability_mass,mean,188,1,188,0.4735216110230121,1.2474128815014665,0.0,0.9471386970920175,0.7738912704784544,0.7738912704784544,1,0.9471386970920175,1.737991772364369,-0.9970597693273846,1.0004479142125537
actionable_probability_mass,mean,188,2,189,0.8077451971850533,1.2474128815014665,0.0,0.822761057479104,0.4396676843164131,0.4396676843164131,1,0.822761057479104,1.6709155095445936,-1.06413603214716,0.8616742147384457
actionable_probability_mass,mean,190,1,190,1.131864055764921,1.156336267957859,0.0,0.9417785076113763,0.024472212192937937,0.024472212192937937,0,0.9417785076113763,0.44143139902545264,0.17758418446844987,0.5127795083827231
actionable_probability_mass,mean,190,2,191,0.0,1.156336267957859,0.0,0.8529057733634668,1.156336267957859,1.156336267957859,1,0.8529057733634668,0.5985918587364158,0.5985918587364161,0.9922244461303559
actionable_probability_mass,mean,192,1,192,0.0,1.1601471841562043,0.0,0.9632192655339398,1.1601471841562043,1.1601471841562043,1,0.9632192655339398,0.6951558371558534,0.6951558371558536,1.4335997543805954
actionable_probability_mass,mean,192,2,193,0.0,1.1601471841562043,0.0,0.8816490508306927,1.1601471841562043,1.1601471841562043,1,0.8816490508306927,0.8752757121158012,0.8752757121158015,3.0932185103246668
actionable_probability_mass,mean,194,1,194,0.6126734219088188,1.1110579814589643,0.0,0.9578590760532992,0.4983845595501455,0.4983845595501455,1,0.9578590760532992,0.9937537989551031,0.9937537989551033,6.487983734362145
actionable_probability_mass,mean,194,2,195,4.264519576005112,1.1110579814589643,0.0,0.8944020116935599,-3.1534615945461475,3.1534615945461475,0,0.8944020116935599,1.4930351306021752,-0.08369566667089834,1.2245036284114859
actionable_probability_mass,mean,196,1,196,0.0,0.9112904827358647,0.0,0.978415519685886,0.9112904827358647,0.9112904827358647,1,0.978415519685886,1.4308209552470903,-0.14590984202598326,1.1734790531021264
actionable_probability_mass,mean,196,2,197,0.4230449608798826,0.9112904827358647,0.0,1.00621962036538,0.4882455218559821,0.4882455218559821,1,1.00621962036538,1.2628455396720346,-0.3138852576010388,0.9530481834890471
actionable_probability_mass,mean,198,1,198,0.0,0.8040127518198418,0.0,0.9734090559212359,0.8040127518198418,0.8040127518198418,1,0.9734090559212359,1.3392525877394588,-0.2374782095336147,1.1428131407696211
actionable_probability_mass,mean,198,2,199,0.3945118938878325,0.8040127518198418,0.0,1.0435753024959105,0.4095008579320093,0.4095008579320093,1,1.0435753024959105,0.6532624035859242,0.6532624035859245,3.196168681242504
actionable_probability_mass,mean,200,1,200,0.4202580433090189,0.7118437315852058,0.0,0.9684025921565851,0.29158568827618686,0.29158568827618686,1,0.9684025921565851,0.4983362049710047,0.49833620497100495,1.6103739121101193
actionable_probability_mass,mean,200,2,201,1.2967426572310905,0.7118437315852058,0.0,1.0746727517522383,-0.5848989256458847,0.5848989256458847,0,1.0746727517522383,0.5224995559184804,0.23005009309553826,0.9898109199960283
actionable_probability_mass,mean,202,1,202,0.0,0.9264688191527194,0.0,0.988428447215187,0.9264688191527194,0.9264688191527194,1,0.988428447215187,0.5531135727516998,0.26066410992875766,1.0478053963993545
actionable_probability_mass,mean,202,2,203,0.0,0.9264688191527194,0.0,1.0140929654782536,0.9264688191527194,0.9264688191527194,1,1.0140929654782536,0.6823555630568774,0.38990610023393524,1.589645392322162
actionable_probability_mass,mean,204,1,204,0.0,0.316819694413478,0.0,0.9834219834505369,0.316819694413478,0.316819694413478,1,0.9834219834505369,0.6886640645912001,0.39621460176825796,2.1242890738604716
actionable_probability_mass,mean,204,2,205,0.3930719218750153,0.316819694413478,0.0,1.2595376922786365,-0.07625222746153726,0.07625222746153726,1,1.2595376922786365,0.5615023900451133,0.5233762763143448,5.713991346587749
actionable_probability_mass,mean,206,1,206,6.851075948132078,0.31307306453786965,0.0,0.978415519685886,-6.538002883594209,6.538002883594209,0,0.978415519685886,1.9643859061554858,-1.3427416493723872,1.0846746595489152
actionable_probability_mass,mean,206,2,207,21.041781745643704,0.31307306453786965,0.0,1.2540093882308072,-20.728708681105832,20.728708681105832,0,1.2540093882308072,6.914945871643764,-6.756536024437025,0.9778636892057706
actionable_probability_mass,mean,208,1,208,4.993485945755758,3.750366289523863,0.0,0.9915620995720191,-1.2431196562318947,1.2431196562318947,0,0.9915620995720191,7.146520862098368,-7.1465208620983685,0.8589719190124288
actionable_probability_mass,mean,208,2,209,26.107650735133177,3.750366289523863,0.0,-0.15117201183775508,-22.357284445609313,22.357284445609313,0,-0.15117201183775508,12.716778916635311,-12.716778916635313,0.8622422706875802
actionable_probability_mass,naive,12,1,12,0.0,0.7429855554556539,0.0,1.419189944608337,0.7429855554556539,0.7429855554556539,1,1.419189944608337,0.7429855554556539,0.7429855554556539,
actionable_probability_mass,naive,12,2,13,0.4747068174892888,0.7429855554556539,0.0,1.6992829735315924,0.26827873796636514,0.26827873796636514,1,1.6992829735315924,0.5056321467110095,0.5056321467110095,2.1302923323717318
actionable_probability_mass,naive,14,1,14,0.0,0.4747068174892888,0.0,1.110611692309293,0.4747068174892888,0.4747068174892888,1,1.110611692309293,0.4953237036371026,0.4953237036371026,3.1302923323717318
actionable_probability_mass,naive,14,2,15,0.0,0.4747068174892888,0.0,1.3740121158389043,0.4747068174892888,0.4747068174892888,1,1.3740121158389043,0.49016948210014916,0.49016948210014916,4.130292332371732
actionable_probability_mass,naive,16,1,16,0.0,0.0,0.0,0.5956053604873253,0.0,0.0,1,0.5956053604873253,0.3044230932362357,0.3044230932362357,2.565146166185866
actionable_probability_mass,naive,16,2,17,0.0,0.0,0.0,0.8423131786232918,0.0,0.0,1,0.8423131786232918,0.2373534087446444,0.2373534087446444,
actionable_probability_mass,naive,18,1,18,0.8475107055686442,0.0,0.0,0.5553058461546465,-0.8475107055686442,0.8475107055686442,0,0.5553058461546465,0.33055438076448324,-0.09320097201983885,1.5601189629466454
actionable_probability_mass,naive,18,2,19,0.0,0.0,0.0,0.7853210588969686,0.0,0.0,1,0.7853210588969686,0.21187767639216104,-0.21187767639216104,1.0
actionable_probability_mass,naive,20,1,20,0.0,0.0,0.0,0.6895606224132771,0.0,0.0,1,0.6895606224132771,0.21187767639216104,-0.21187767639216104,1.0
actionable_probability_mass,naive,20,2,21,0.0,0.0,0.0,0.9751859842952894,0.0,0.0,1,0.9751859842952894,0.21187767639216104,-0.21187767639216104,1.0
actionable_probability_mass,naive,22,1,22,0.0,0.0,0.0,0.676204389152683,0.0,0.0,1,0.676204389152683,0.0,0.0,
actionable_probability_mass,naive,22,2,23,0.0,0.0,0.0,0.9562974180759386,0.0,0.0,1,0.9562974180759386,0.0,0.0,
actionable_probability_mass,naive,24,1,24,0.0,0.0,0.0,0.6359048748200042,0.0,0.0,1,0.6359048748200042,0.0,0.0,
actionable_probability_mass,naive,24,2,25,0.0,0.0,0.0,0.8993052983496154,0.0,0.0,1,0.8993052983496154,0.0,0.0,
actionable_probability_mass,naive,26,1,26,0.0,0.0,0.0,0.5956053604873256,0.0,0.0,1,0.5956053604873256,0.0,0.0,
actionable_probability_mass,naive,26,2,27,0.0,0.0,0.0,0.8423131786232922,0.0,0.0,1,0.8423131786232922,0.0,0.0,
actionable_probability_mass,naive,28,1,28,0.0,0.0,0.0,0.555305846154647,0.0,0.0,1,0.555305846154647,0.0,0.0,
actionable_probability_mass,naive,28,2,29,0.0,0.0,0.0,0.7853210588969692,0.0,0.0,1,0.7853210588969692,0.0,0.0,
actionable_probability_mass,naive,30,1,30,0.0,0.0,0.0,0.5150063318219675,0.0,0.0,1,0.5150063318219675,0.0,0.0,
actionable_probability_mass,naive,30,2,31,0.0,0.0,0.0,0.728328939170645,0.0,0.0,1,0.728328939170645,0.0,0.0,
actionable_probability_mass,naive,32,1,32,0.0,0.0,0.0,0.4747068174892888,0.0,0.0,1,0.4747068174892888,0.0,0.0,
actionable_probability_mass,naive,32,2,33,0.0,0.0,0.0,0.6713368194443218,0.0,0.0,1,0.6713368194443218,0.0,0.0,
actionable_probability_mass,naive,34,1,34,0.3572097058644798,0.0,0.0,0.4691030697705928,-0.3572097058644798,0.3572097058644798,1,0.4691030697705928,0.08930242646611995,-0.08930242646611995,1.0
actionable_probability_mass,naive,34,2,35,0.0,0.0,0.0,0.6634119234204247,0.0,0.0,1,0.6634119234204247,0.08930242646611995,-0.08930242646611995,1.0
actionable_probability_mass,naive,36,1,36,0.0,0.0,0.0,0.4634993220518968,0.0,0.0,1,0.4634993220518968,0.08930242646611995,-0.08930242646611995,1.0
actionable_probability_mass,naive,36,2,37,0.0,0.0,0.0,0.6554870273965275,0.0,0.0,1,0.6554870273965275,0.08930242646611995,-0.08930242646611995,1.0
actionable_probability_mass,naive,38,1,38,0.0,0.0,0.0,0.45789557433320066,0.0,0.0,1,0.45789557433320066,0.0,0.0,
actionable_probability_mass,naive,38,2,39,0.0,0.0,0.0,0.6475621313726301,0.0,0.0,1,0.6475621313726301,0.0,0.0,
actionable_probability_mass,naive,40,1,40,0.0,0.0,0.0,0.4522918266145048,0.0,0.0,1,0.4522918266145048,0.0,0.0,
actionable_probability_mass,naive,40,2,41,0.0,0.0,0.0,0.6396372353487331,0.0,0.0,1,0.6396372353487331,0.0,0.0,
actionable_probability_mass,naive,42,1,42,0.0,0.0,0.0,0.4466880788958087,0.0,0.0,1,0.4466880788958087,0.0,0.0,
actionable_probability_mass,naive,42,2,43,0.0,0.0,0.0,0.6317123393248358,0.0,0.0,1,0.6317123393248358,0.0,0.0,
actionable_probability_mass,naive,44,1,44,0.0,0.0,0.0,0.4287924042895433,0.0,0.0,1,0.4287924042895433,0.0,0.0,
actionable_probability_mass,naive,44,2,45,0.0,0.0,0.0,0.6064040335888394,0.0,0.0,1,0.6064040335888394,0.0,0.0,
actionable_probability_mass,naive,46,1,46,0.0,0.0,0.0,0.4108967296832773,0.0,0.0,1,0.4108967296832773,0.0,0.0,
actionable_probability_mass,naive,46,2,47,0.0,0.0,0.0,0.5810957278528422,0.0,0.0,1,0.5810957278528422,0.0,0.0,
actionable_probability_mass,naive,48,1,48,0.0,0.0,0.0,0.3930010550770112,0.0,0.0,1,0.3930010550770112,0.0,0.0,
actionable_probability_mass,naive,48,2,49,0.0,0.0,0.0,0.555787422116845,0.0,0.0,1,0.555787422116845,0.0,0.0,
actionable_probability_mass,naive,50,1,50,0.518681738066498,0.0,0.0,0.3751053804707458,-0.518681738066498,0.518681738066498,0,0.3751053804707458,0.1296704345166245,-0.1296704345166245,1.0
actionable_probability_mass,naive,50,2,51,0.5545450699846328,0.0,0.0,0.5304791163808487,-0.5545450699846328,0.5545450699846328,0,0.5304791163808487,0.2683067020127827,-0.2683067020127827,1.0
actionable_probability_mass,naive,52,1,52,0.0,0.5545450699846328,0.07983825249534388,1.0012331488804416,0.5545450699846328,0.5545450699846328,0,0.9213948963850978,0.40694296950894093,-0.1296704345166245,1.5167081793191781
actionable_probability_mass,naive,52,2,53,0.0,0.5545450699846328,0.0,1.1862574093094687,0.5545450699846328,0.5545450699846328,1,1.1862574093094687,0.5455792370050991,0.008965832979533711,2.0334163586383562
actionable_probability_mass,naive,54,1,54,0.0,0.0,0.0,0.4287924042895433,0.0,0.0,1,0.4287924042895433,0.4159088024884746,0.1386362674961582,3.0
actionable_probability_mass,naive,54,2,55,0.0,0.0,0.0,0.6064040335888394,0.0,0.0,1,0.6064040335888394,0.2772725349923164,0.2772725349923164,
actionable_probability_mass,naive,56,1,56,0.0,0.0,0.0,0.4108967296832773,0.0,0.0,1,0.4108967296832773,0.1386362674961582,0.1386362674961582,
actionable_probability_mass,naive,56,2,57,0.0,0.0,0.0,0.5810957278528422,0.0,0.0,1,0.5810957278528422,0.0,0.0,
actionable_probability_mass,naive,58,1,58,0.0,0.0,0.0,0.3930010550770112,0.0,0.0,1,0.3930010550770112,0.0,0.0,
actionable_probability_mass,naive,58,2,59,0.0,0.0,0.0,0.555787422116845,0.0,0.0,1,0.555787422116845,0.0,0.0,
actionable_probability_mass,naive,60,1,60,0.0,0.0,0.0,0.3751053804707458,0.0,0.0,1,0.3751053804707458,0.0,0.0,
actionable_probability_mass,naive,60,2,61,0.0,0.0,0.0,0.5304791163808487,0.0,0.0,1,0.5304791163808487,0.0,0.0,
actionable_probability_mass,naive,62,1,62,0.0,0.0,0.0,0.3572097058644798,0.0,0.0,1,0.3572097058644798,0.0,0.0,
actionable_probability_mass,naive,62,2,63,0.3486549908129756,0.0,0.0,0.5051708106448515,-0.3486549908129756,0.3486549908129756,1,0.5051708106448515,0.0871637477032439,-0.0871637477032439,1.0
actionable_probability_mass,naive,64,1,64,0.0,0.3486549908129756,0.0,0.7041537536671545,0.3486549908129756,0.3486549908129756,1,0.7041537536671545,0.1743274954064878,0.0,2.0
actionable_probability_mass,naive,64,2,65,0.0,0.3486549908129756,0.0,0.8514061626482121,0.3486549908129756,0.3486549908129756,1,0.8514061626482121,0.2614912431097317,0.0871637477032439,3.0000000000000004
actionable_probability_mass,naive,66,1,66,0.0,0.0,0.0,0.35378781984387814,0.0,0.0,1,0.35378781984387814,0.2614912431097317,0.0871637477032439,3.0000000000000004
actionable_probability_mass,naive,66,2,67,0.0,0.0,0.0,0.5003315330256217,0.0,0.0,1,0.5003315330256217,0.1743274954064878,0.1743274954064878,
actionable_probability_mass,naive,68,1,68,0.0,0.0,0.0,0.35207687683357725,0.0,0.0,1,0.35207687683357725,0.0871637477032439,0.0871637477032439,
actionable_probability_mass,naive,68,2,69,0.5081170016051968,0.0,0.0,0.49791189421600673,-0.5081170016051968,0.5081170016051968,0,0.49791189421600673,0.1270292504012992,-0.1270292504012992,1.0
actionable_probability_mass,naive,70,1,70,0.0,0.5081170016051968,0.05582517499069206,0.8832223820759426,0.5081170016051968,0.5081170016051968,0,0.8273972070852506,0.2540585008025984,0.0,2.0
actionable_probability_mass,naive,70,2,71,0.0,0.5081170016051968,0.0,1.0385961179860455,0.5081170016051968,0.5081170016051968,1,1.0385961179860455,0.3810877512038976,0.1270292504012992,3.0
actionable_probability_mass,naive,72,1,72,0.530184517595778,0.0,0.0,0.3572097058644798,-0.530184517595778,0.530184517595778,0,0.3572097058644798,0.5136338806028421,-0.0055168789976453025,1.9787465244127127
actionable_probability_mass,naive,72,2,73,0.0,0.0,0.0,0.5051708106448515,0.0,0.0,1,0.5051708106448515,0.3866046302015429,0.1215123714036539,2.916755336083179
actionable_probability_mass,naive,74,1,74,0.0,0.0,0.0,0.4287924042895427,0.0,0.0,1,0.4287924042895427,0.2595753798002437,-0.0055168789976453025,1.9583776680415894
actionable_probability_mass,naive,74,2,75,0.5015799755223989,0.0,0.0,0.6064040335888387,-0.5015799755223989,0.5015799755223989,1,0.6064040335888387,0.2579411232795442,-0.2579411232795442,1.0
actionable_probability_mass,naive,76,1,76,0.3528092722819265,0.5015799755223989,0.006827047563565225,0.9650792975742959,0.14877070324047237,0.14877070324047237,1,0.9582522500107307,0.1625876696907178,-0.08820231807048162,0.7611878080560962
actionable_probability_mass,naive,76,2,77,0.0,0.5015799755223989,0.0,1.1570670029189265,0.5015799755223989,0.5015799755223989,1,1.1570670029189265,0.2879826635713175,0.03719267581011809,1.3482504107414617
actionable_probability_mass,naive,78,1,78,0.0,0.0,0.0,0.4578955743332009,0.0,0.0,1,0.4578955743332009,0.2879826635713175,0.03719267581011809,1.3482504107414617
actionable_probability_mass,naive,78,2,79,0.0,0.0,0.0,0.6475621313726304,0.0,0.0,1,0.6475621313726304,0.1625876696907178,0.1625876696907178,1.8433491686782604
actionable_probability_mass,naive,80,1,80,0.0,0.0,0.0,0.4522918266145048,0.0,0.0,1,0.4522918266145048,0.12539499388059971,0.12539499388059971,
actionable_probability_mass,naive,80,2,81,0.0,0.0,0.0,0.6396372353487331,0.0,0.0,1,0.6396372353487331,0.0,0.0,
actionable_probability_mass,naive,82,1,82,0.0,0.0,0.0,0.4466880788958087,0.0,0.0,1,0.4466880788958087,0.0,0.0,
actionable_probability_mass,naive,82,2,83,0.3594509757342988,0.0,0.0,0.6317123393248358,-0.3594509757342988,0.3594509757342988,1,0.6317123393248358,0.0898627439335747,-0.0898627439335747,1.0
actionable_probability_mass,naive,84,1,84,0.0,0.3594509757342988,0.0,0.7886916339978053,0.3594509757342988,0.3594509757342988,1,0.7886916339978053,0.1797254878671494,0.0,2.0
actionable_probability_mass,naive,84,2,85,0.0,0.3594509757342988,0.0,0.9664889361725046,0.3594509757342988,0.3594509757342988,1,0.9664889361725046,0.2695882318007241,0.0898627439335747,3.0
actionable_probability_mass,naive,86,1,86,0.0,0.0,0.0,0.41179323763120546,0.0,0.0,1,0.41179323763120546,0.2695882318007241,0.0898627439335747,3.0
actionable_probability_mass,naive,86,2,87,0.0,0.0,0.0,0.5823635815515775,0.0,0.0,1,0.5823635815515775,0.17972548786714942,0.1797254878671494,
actionable_probability_mass,naive,88,1,88,0.0,0.0,0.0,0.39434581699890325,0.0,0.0,1,0.39434581699890325,0.0898627439335747,0.0898627439335747,
actionable_probability_mass,naive,88,2,89,0.0,0.0,0.0,0.5576892026649476,0.0,0.0,1,0.5576892026649476,0.0,0.0,
actionable_probability_mass,naive,90,1,90,0.0,0.0,0.0,0.376898396366601,0.0,0.0,1,0.376898396366601,0.0,0.0,
actionable_probability_mass,naive,90,2,91,0.0,0.0,0.0,0.5330148237783177,0.0,0.0,1,0.5330148237783177,0.0,0.0,
actionable_probability_mass,naive,92,1,92,0.0,0.0,0.0,0.3594509757342988,0.0,0.0,1,0.3594509757342988,0.0,0.0,
actionable_probability_mass,naive,92,2,93,0.0,0.0,0.0,0.5083404448916877,0.0,0.0,1,0.5083404448916877,0.0,0.0,
actionable_probability_mass,naive,94,1,94,0.0,0.0,0.0,0.359002721760335,0.0,0.0,1,0.359002721760335,0.0,0.0,
actionable_probability_mass,naive,94,2,95,0.0,0.0,0.0,0.5077065180423205,0.0,0.0,1,0.5077065180423205,0.0,0.0,
actionable_probability_mass,naive,96,1,96,0.0,0.0,0.0,0.35855446778637123,0.0,0.0,1,0.35855446778637123,0.0,0.0,
actionable_probability_mass,naive,96,2,97,0.0,0.0,0.0,0.5070725911929532,0.0,0.0,1,0.5070725911929532,0.0,0.0,
actionable_probability_mass,naive,98,1,98,0.0,0.0,0.0,0.3581062138124074,0.0,0.0,1,0.3581062138124074,0.0,0.0,
actionable_probability_mass,naive,98,2,99,0.0,0.0,0.0,0.506438664343586,0.0,0.0,1,0.506438664343586,0.0,0.0,
actionable_probability_mass,naive,100,1,100,0.0,0.0,0.0,0.3576579598384436,0.0,0.0,1,0.3576579598384436,0.0,0.0,
actionable_probability_mass,naive,100,2,101,0.0,0.0,0.0,0.5058047374942187,0.0,0.0,1,0.5058047374942187,0.0,0.0,
actionable_probability_mass,naive,102,1,102,0.0,0.0,0.0,0.3572097058644798,0.0,0.0,1,0.3572097058644798,0.0,0.0,
actionable_probability_mass,naive,102,2,103,0.0,0.0,0.0,0.5051708106448515,0.0,0.0,1,0.5051708106448515,0.0,0.0,
actionable_probability_mass,naive,104,1,104,0.43524416262512,0.0,0.0,0.3554987628541789,-0.43524416262512,0.43524416262512,0,0.3554987628541789,0.10881104065628,-0.10881104065628,1.0
actionable_probability_mass,naive,104,2,105,0.0,0.0,0.0,0.5027511718352365,0.0,0.0,1,0.5027511718352365,0.10881104065628,-0.10881104065628,1.0
actionable_probability_mass,naive,106,1,106,0.0,0.0,0.0,0.35855446778637123,0.0,0.0,1,0.35855446778637123,0.10881104065628,-0.10881104065628,1.0
actionable_probability_mass,naive,106,2,107,0.0,0.0,0.0,0.5070725911929532,0.0,0.0,1,0.5070725911929532,0.10881104065628,-0.10881104065628,1.0
actionable_probability_mass,naive,108,1,108,0.0,0.0,0.0,0.3581062138124074,0.0,0.0,1,0.3581062138124074,0.0,0.0,
actionable_probability_mass,naive,108,2,109,0.0,0.0,0.0,0.506438664343586,0.0,0.0,1,0.506438664343586,0.0,0.0,
actionable_probability_mass,naive,110,1,110,0.0,0.0,0.0,0.3576579598384436,0.0,0.0,1,0.3576579598384436,0.0,0.0,
actionable_probability_mass,naive,110,2,111,3.509451635020036,0.0,0.0,0.5058047374942187,-3.509451635020036,3.509451635020036,0,0.5058047374942187,0.877362908755009,-0.877362908755009,1.0
actionable_probability_mass,naive,112,1,112,2.0633935052843557,3.509451635020036,3.150000659285737,3.868902610754335,1.4460581297356803,1.4460581297356803,0,0.7189019514685979,1.238877441188929,-0.5158483763210889,0.8892243800058374
actionable_probability_mass,naive,112,2,113,4.245418176804714,3.509451635020036,3.001111190128348,4.0177920799117235,-0.7359665417846779,0.7359665417846779,0,1.0166808897833755,1.4228690766350987,-0.6998400117672584,0.579682589753174
actionable_probability_mass,naive,114,1,114,2.7657077257749734,4.245418176804714,3.825332651557758,4.665503702051669,1.4797104510297405,1.4797104510297405,0,0.8401710504939115,1.7927966893925338,-0.3299123990098233,0.5698667561401662
actionable_probability_mass,naive,114,2,115,0.7875207210164566,4.245418176804714,3.6513275296438437,4.839508823965584,3.4578974557882574,3.4578974557882574,0,1.1881812943217405,1.779908144584589,1.41192487369225,0.7219228968141048
actionable_probability_mass,naive,116,1,116,0.5435059971769587,0.7875207210164566,0.32402139896455984,1.192447608885249,0.24401472383949796,0.24401472383949796,1,0.8684262099206891,1.4793972931105432,1.1114140222182043,0.709359974751189
actionable_probability_mass,naive,116,2,117,0.5277457521369908,0.7875207210164566,0.13203369361992912,1.3601738176100322,0.25977496887946583,0.25977496887946583,1,1.228140123990103,1.3603493998842402,1.3603493998842402,1.1766506437025221
actionable_probability_mass,naive,118,1,118,0.0,0.5277457521369908,0.06985017780379005,0.9175140026276185,0.5277457521369908,0.5277457521369908,0,0.8476638248238284,1.122358225161053,1.122358225161053,2.415267587778612
actionable_probability_mass,naive,118,2,119,0.0,0.5277457521369908,0.0,1.0789612981632701,0.5277457521369908,0.5277457521369908,1,1.0789612981632701,0.38982029924823636,0.38982029924823636,1.4555693355847859
actionable_probability_mass,naive,120,1,120,0.0,0.0,0.0,0.37460961311246327,0.0,0.0,1,0.37460961311246327,0.32881661828836184,0.32881661828836184,2.492235073096399
actionable_probability_mass,naive,120,2,121,0.5080002896059868,0.0,0.0,0.5297779954589836,-0.5080002896059868,0.5080002896059868,1,0.5297779954589836,0.3908729484699921,0.13687280366699872,3.0777379971429504
actionable_probability_mass,naive,122,1,122,0.5280101413359624,0.5080002896059868,0.033293472116697864,0.9432444522311068,-0.020009851729975603,0.020009851729975603,1,0.9099509801144089,0.2639389733682383,-6.609729974288436e-05,1.0190591348709215
actionable_probability_mass,naive,122,2,123,0.3527232785155428,0.5080002896059868,0.0,1.1235284873341524,0.15527701109044395,0.15527701109044395,1,1.1235284873341524,0.1708217881066016,-0.0931832825613796,0.4920217229358767
actionable_probability_mass,naive,124,1,124,0.0,0.3527232785155428,0.0,0.7728088037624983,0.3527232785155428,0.3527232785155428,1,0.7728088037624983,0.2590026077354873,-0.005002462932493901,0.7460108614679384
actionable_probability_mass,naive,124,2,125,0.990931679097512,0.3527232785155428,0.0,0.9468139256764125,-0.6382084005819693,0.6382084005819693,0,0.9468139256764125,0.2915546354794829,-0.03755449067648953,0.6230914614867745
actionable_probability_mass,naive,126,1,126,0.0,0.990931679097512,0.5274323570456152,1.4330421914850453,0.990931679097512,0.990931679097512,0,0.9056098344394301,0.534285092321367,0.21518089203038238,1.5905425400893143
actionable_probability_mass,naive,126,2,127,0.5578843566286896,0.990931679097512,0.3354446517009845,1.6161703617836798,0.4330473224688224,0.4330473224688224,1,1.2807257100826952,0.6037276701659616,0.284623469874977,1.5591978808067768
actionable_probability_mass,naive,128,1,128,0.0,0.5578843566286896,0.06981346549303757,1.0157799309618905,0.5578843566286896,0.5578843566286896,0,0.9459664654688529,0.6550179396942484,0.3359137394032637,1.691661048401082
actionable_probability_mass,naive,128,2,129,0.0,0.5578843566286896,0.0,1.20544648800132,0.5578843566286896,0.5578843566286896,1,1.20544648800132,0.6349369287059284,0.6349369287059284,4.552462682717039
actionable_probability_mass,naive,130,1,130,0.0,0.0,0.0,0.4522918266145048,0.0,0.0,1,0.4522918266145048,0.3872040089315504,0.3872040089315504,2.7762313413585193
actionable_probability_mass,naive,130,2,131,0.0,0.0,0.0,0.6396372353487331,0.0,0.0,1,0.6396372353487331,0.27894217831434476,0.27894217831434476,
actionable_probability_mass,naive,132,1,132,0.0,0.0,0.0,0.4466880788958087,0.0,0.0,1,0.4466880788958087,0.1394710891571724,0.1394710891571724,
actionable_probability_mass,naive,132,2,133,0.5016993406604939,0.0,0.0,0.6317123393248358,-0.5016993406604939,0.5016993406604939,1,0.6317123393248358,0.12542483516512348,-0.12542483516512348,1.0
actionable_probability_mass,naive,134,1,134,0.0,0.5016993406604939,0.00026437587847860655,0.9708024104310866,0.5016993406604939,0.5016993406604939,0,0.970538034552608,0.25084967033024697,0.0,2.0
actionable_probability_mass,naive,134,2,135,0.0,0.5016993406604939,0.0,1.1651112640809185,0.5016993406604939,0.5016993406604939,1,1.1651112640809185,0.37627450549537045,0.12542483516512348,3.0
actionable_probability_mass,naive,136,1,136,0.4951377072503446,0.0,0.0,0.463499322051897,-0.4951377072503446,0.4951377072503446,0,0.463499322051897,0.5000589323079566,0.0016404083525373286,2.0065824533948664
actionable_probability_mass,naive,136,2,137,0.0,0.0,0.0,0.6554870273965278,0.0,0.0,1,0.6554870273965278,0.37463409714283313,0.1270652435176608,3.0265042767459103
actionable_probability_mass,naive,138,1,138,0.0,0.0,0.0,0.4828791733937112,0.0,0.0,1,0.4828791733937112,0.24920926197770965,0.0016404083525373148,2.0132521383729554
actionable_probability_mass,naive,138,2,139,0.5396641573325185,0.0,0.0,0.6828942760008958,-0.5396641573325185,0.5396641573325185,1,0.6828942760008958,0.2587004661457158,-0.2587004661457158,1.0
actionable_probability_mass,naive,140,1,140,0.0,0.5396641573325185,0.03668128448308394,1.036090318237274,0.5396641573325185,0.5396641573325185,0,0.9994090337541901,0.26983207866625925,0.0,2.0
actionable_probability_mass,naive,140,2,141,0.6278749398712453,0.5396641573325185,0.0,1.241716766800832,-0.08821078253872683,0.08821078253872683,1,1.241716766800832,0.29188477430094095,-0.02205269563468172,1.0
actionable_probability_mass,naive,142,1,142,0.96589936027426,0.6278749398712453,0.11975793826604841,1.1294549153936442,-0.3380244204030147,0.3380244204030147,1,1.0096969771275957,0.37639087940169463,-0.1065588007354354,0.7056981242320589
actionable_probability_mass,naive,142,2,143,0.0,0.6278749398712453,0.0,1.337216143869787,0.6278749398712453,0.6278749398712453,1,1.337216143869787,0.39844357503637634,0.18532597356550556,1.0
actionable_probability_mass,naive,144,1,144,0.3770402746510757,0.0,0.0,0.500291521867988,-0.3770402746510757,0.3770402746510757,1,0.500291521867988,0.35778760436601564,-0.043850134430392984,0.726172028442493
actionable_probability_mass,naive,144,2,145,1.172227718728394,0.0,0.0,0.7075190553659845,-1.172227718728394,1.172227718728394,0,0.7075190553659845,0.6287918384134324,-0.3148543684778098,1.0
actionable_probability_mass,naive,146,1,146,1.7652090817688133,1.172227718728394,0.6523334668041207,1.67387931333365,-0.5929813630404193,0.5929813630404193,0,1.0215458465295293,0.6925310740727835,-0.3785936041371609,0.8357651096944769
actionable_probability_mass,naive,146,2,147,0.5660047874385372,1.172227718728394,0.4369862166572721,1.8816702074052367,0.6062229312898568,0.6062229312898568,1,1.4446839907479645,0.6871180719274365,-0.384006606282508,0.7082811838933708
actionable_probability_mass,naive,148,1,148,0.8156505367465017,0.5660047874385372,0.037283529118031566,1.0702245076772283,-0.24964574930796446,0.24964574930796446,1,1.0329409785591968,0.6552694405916586,-0.35215797494673023,0.6068584986617913
actionable_probability_mass,naive,148,2,149,0.5902084427940546,0.5660047874385372,0.0,1.279079154216062,-0.024203655355517384,0.024203655355517384,1,1.279079154216062,0.3682634247484395,-0.06515195910351107,0.3941731292413257
actionable_probability_mass,naive,150,1,150,0.0,0.5902084427940546,0.061974937565306365,1.0931679732436472,0.5902084427940546,0.5902084427940546,0,1.0311930356783408,0.3675701946868483,0.2306454923551074,0.7456299990743639
actionable_probability_mass,naive,150,2,151,0.3648498768331665,0.5902084427940546,0.0,1.3015006320806721,0.2253585659608881,0.2253585659608881,1,1.3015006320806721,0.27235410335460614,0.13542940102286521,0.6152431041935751
actionable_probability_mass,naive,152,1,152,0.939098412871056,0.3648498768331665,0.0,0.8665492174936604,-0.5742485360378895,0.5742485360378895,0,0.8665492174936604,0.3535048000370874,0.054278704340383954,0.7465164713605007
actionable_probability_mass,naive,152,2,153,0.3870357403693867,0.3648498768331665,0.0,1.0743598886288765,-0.022185863536220207,0.022185863536220207,1,1.0743598886288765,0.3530003520822631,0.05478315229520825,0.8350175892953805
actionable_probability_mass,naive,154,1,154,0.0,0.3870357403693867,0.0,0.893775840186275,0.3870357403693867,0.3870357403693867,1,0.893775840186275,0.30220717647609613,0.003989976689041275,0.7148670149485467
actionable_probability_mass,naive,154,2,155,1.4620299364864542,0.3870357403693867,0.0,1.1036744621287262,-1.0749941961170675,1.0749941961170675,0,1.1036744621287262,0.514616084015141,-0.3210982138304476,0.7382866538038628
actionable_probability_mass,naive,156,1,156,0.3893157544060801,1.4620299364864542,0.9261576350486319,1.970100253291967,1.072714182080374,1.072714182080374,0,1.0439426182433351,0.6392324955257621,0.09064246569911827,1.142312005627004
actionable_probability_mass,naive,156,2,157,0.6409618424161188,1.4620299364864542,0.7041920600930025,2.1805498691520055,0.8210680940703354,0.8210680940703354,0,1.476357809059003,0.8389530531592909,0.3014559551007572,1.3464679489943074
actionable_probability_mass,naive,158,1,158,0.0,0.6409618424161188,0.09633827901593994,1.1490088168217896,0.6409618424161188,0.6409618424161188,0,1.0526705378058496,0.902434578670974,0.3649374806124402,1.4483518853276514
actionable_probability_mass,naive,158,2,159,0.0,0.6409618424161188,0.0,1.3594487639432353,0.6409618424161188,0.6409618424161188,1,1.3594487639432353,0.7939264902457367,0.7939264902457368,3.082378934355298
actionable_probability_mass,naive,160,1,160,0.5800632125254277,0.0,0.0,0.5080236320058288,-0.5800632125254277,0.5800632125254277,0,0.5080236320058288,0.6707637478570001,0.38073214159428626,2.197379145144933
actionable_probability_mass,naive,160,2,161,1.4442202720108246,0.0,0.0,0.7184539103886814,-1.4442202720108246,1.4442202720108246,0,0.7184539103886814,0.8265517923421224,-0.1855899499260037,1.633272807205615
actionable_probability_mass,naive,162,1,162,1.1627587476068455,1.4442202720108246,0.8921575995091553,1.9629020100773227,0.2814615244039791,0.2814615244039791,1,1.0707444105681674,0.7366767128390874,-0.2754650294290386,0.9245898349376009
actionable_probability_mass,naive,162,2,163,0.0,1.4442202720108246,0.6634857532790275,2.1777470205397154,1.4442202720108246,1.4442202720108246,0,1.5142612672606879,0.9374913202377639,-0.07465042203036215,1.1766286756826017
actionable_probability_mass,naive,164,1,164,0.0,0.0,0.0,0.5165687907742379,0.0,0.0,1,0.5165687907742379,0.7924755171064071,0.07036538110099477,1.2159292593350115
actionable_probability_mass,naive,164,2,165,0.0,0.0,0.0,0.730538589811597,0.0,0.0,1,0.730538589811597,0.4314204491037009,0.4314204491037009,1.4841271243639742
actionable_probability_mass,naive,166,1,166,0.0,0.0,0.0,0.5144558434819775,0.0,0.0,1,0.5144558434819775,0.36105506800270615,0.36105506800270615,
actionable_probability_mass,naive,166,2,167,0.0,0.0,0.0,0.7275504310943028,0.0,0.0,1,0.7275504310943028,0.0,0.0,
actionable_probability_mass,naive,168,1,168,0.0,0.0,0.0,0.5123428961897173,0.0,0.0,1,0.5123428961897173,0.0,0.0,
actionable_probability_mass,naive,168,2,169,0.0,0.0,0.0,0.724562272377009,0.0,0.0,1,0.724562272377009,0.0,0.0,
actionable_probability_mass,naive,170,1,170,0.0,0.0,0.0,0.5102299488974572,0.0,0.0,1,0.5102299488974572,0.0,0.0,
actionable_probability_mass,naive,170,2,171,0.0,0.0,0.0,0.7215741136597152,0.0,0.0,1,0.7215741136597152,0.0,0.0,
actionable_probability_mass,naive,172,1,172,0.0,0.0,0.0,0.5081170016051968,0.0,0.0,1,0.5081170016051968,0.0,0.0,
actionable_probability_mass,naive,172,2,173,0.0,0.0,0.0,0.7185859549424211,0.0,0.0,1,0.7185859549424211,0.0,0.0,
actionable_probability_mass,naive,174,1,174,0.5096123265386545,0.0,0.0,0.5080936592053548,-0.5096123265386545,0.5096123265386545,0,0.5080936592053548,0.12740308163466363,-0.12740308163466363,1.0
actionable_probability_mass,naive,174,2,175,0.350265813717976,0.0,0.0,0.7185529438039862,-0.350265813717976,0.350265813717976,1,0.7185529438039862,0.2149695350641576,-0.2149695350641576,1.0
actionable_probability_mass,naive,176,1,176,1.044097448719256,0.350265813717976,0.0,0.8592800102832474,-0.6938316350012801,0.6938316350012801,0,0.8592800102832474,0.38842744381447764,-0.38842744381447764,0.8160345039369031
actionable_probability_mass,naive,176,2,177,0.991478440361898,0.350265813717976,0.0,1.0701205939410274,-0.641212626643922,0.641212626643922,1,1.0701205939410274,0.5487306004754582,-0.5487306004754582,0.7580581075237552
actionable_probability_mass,naive,178,1,178,0.516949552947876,0.991478440361898,0.4468548769617191,1.50471853151169,0.474528887414022,0.474528887414022,1,1.0578636545499709,0.5399597406943,-0.30269529698728903,0.7440559008509848
actionable_probability_mass,naive,178,2,179,0.0,0.991478440361898,0.22126441061340174,1.7173095380195373,0.991478440361898,0.991478440361898,0,1.4960451274061355,0.7002628973552805,0.03274076653267949,1.097364807143523
actionable_probability_mass,naive,180,1,180,1.0181224121612886,0.0,0.0,0.5114262088442234,-1.0181224121612886,1.0181224121612886,0,0.5114262088442234,0.7813355916452827,-0.048331927757322646,1.2369998080439748
actionable_probability_mass,naive,180,2,181,0.9917573043956356,0.0,0.0,0.7232658807005558,-0.9917573043956356,0.9917573043956356,0,0.7232658807005558,0.8689717610832111,-0.13596809719525105,1.375592362444827
actionable_probability_mass,naive,182,1,182,0.5524034726320426,0.9917573043956356,0.4520931470631171,1.5104390424621337,0.439353831763593,0.439353831763593,1,1.0583458953990166,0.8601779971706038,-0.14476186110785833,1.3428304893072711
actionable_probability_mass,naive,182,2,183,0.5489732535461163,0.9917573043956356,0.22855693396934007,1.7252840529245264,0.44278405084951933,0.44278405084951933,1,1.4967271189551863,0.7230043997925092,-0.28193545848595297,0.9295336634570969
actionable_probability_mass,naive,184,1,184,0.3927136215779211,0.5489732535461163,0.01120502416094582,1.0658411093070457,0.15625963196819515,0.15625963196819515,1,1.0546360851460999,0.5075387047442358,0.01166005254641797,0.8166851324213973
actionable_probability_mass,naive,184,2,185,0.0,0.5489732535461163,0.0,1.2799347851179235,0.5489732535461163,0.5489732535461163,1,1.2799347851179235,0.39684269203185596,0.39684269203185596,1.0624329181374061
actionable_probability_mass,naive,186,1,186,5.445023606427111,0.0,0.0,0.5150539734553605,-5.445023606427111,5.445023606427111,0,0.5150539734553605,1.6482601356977356,-1.0742516675158202,1.0323061553887256
actionable_probability_mass,naive,186,2,187,1.030309381271616,0.0,0.0,0.728396314614723,-1.030309381271616,1.030309381271616,0,0.728396314614723,1.7951414683032598,-1.4425250255461037,1.045503369693833
actionable_probability_mass,naive,188,1,188,0.4735216110230121,1.030309381271616,0.48568581787143705,1.553592231149826,0.5567877702486039,0.5567877702486039,0,1.067906413278389,1.895273502873362,-1.3423929909760015,1.0909846944974226
actionable_probability_mass,naive,188,2,189,0.8077451971850533,1.030309381271616,0.2600953515231197,1.7703430845266248,0.22256418408656264,0.22256418408656264,1,1.5102477330035051,1.8136712355084734,-1.42399525834089,0.9352918975995432
actionable_probability_mass,naive,190,1,190,1.131864055764921,0.8077451971850533,0.25518604518679133,1.3287274911574074,-0.3241188585798678,0.3241188585798678,1,1.073541445970616,0.5334450485466626,-0.1437690713790793,0.6196652307625797
actionable_probability_mass,naive,190,2,191,0.0,0.8077451971850533,0.026308550415734655,1.5445254230770034,0.8077451971850533,0.8077451971850533,0,1.5182168726612688,0.4778040025250219,0.31574457323508803,0.7920067819916967
actionable_probability_mass,naive,192,1,192,0.0,0.0,0.0,0.518681738066498,0.0,0.0,1,0.518681738066498,0.33860705996287094,0.17654763067293705,0.6982995352241788
actionable_probability_mass,naive,192,2,193,0.0,0.0,0.0,0.7335267485288908,0.0,0.0,1,0.7335267485288908,0.2829660139412303,0.12090658465129639,1.0
actionable_probability_mass,naive,194,1,194,0.6126734219088188,0.0,0.0,0.5168678557609294,-0.6126734219088188,0.6126734219088188,0,0.5168678557609294,0.35510465477346803,0.048767943819058635,2.318394381575224
actionable_probability_mass,naive,194,2,195,4.264519576005112,0.0,0.0,0.7309615315718071,-4.264519576005112,4.264519576005112,0,0.7309615315718071,1.2192982494784828,-1.2192982494784828,1.0
actionable_probability_mass,naive,196,1,196,0.0,4.264519576005112,3.7109674650136646,4.800391877442935,4.264519576005112,4.264519576005112,0,1.08942441242927,2.285428143479761,-0.15316835547720475,1.8743799102945342
actionable_probability_mass,naive,196,2,197,0.4230449608798826,4.264519576005112,3.4816786731607503,5.0223574523985635,3.8414746151252293,3.8414746151252293,0,1.5406787792378132,3.245796797261068,0.8072002983041026,2.449547980671963
actionable_probability_mass,naive,198,1,198,0.0,0.4230449608798826,0.0,0.9570213343703569,0.4230449608798826,0.4230449608798826,1,0.9570213343703569,3.198389682003834,1.0661298940012778,2.7292549526191654
actionable_probability_mass,naive,198,2,199,0.3945118938878325,0.4230449608798826,0.0,1.1782015902569125,0.028533066992050105,0.028533066992050105,1,1.1782015902569125,2.1393930547505686,2.1393930547505686,10.467250282469541
actionable_probability_mass,naive,200,1,200,0.4202580433090189,0.3945118938878325,0.0,0.9265923394309588,-0.025746149421186415,0.025746149421186415,1,0.9265923394309588,1.079699698104587,1.0668266233939938,3.4890505835151284
actionable_probability_mass,naive,200,2,201,1.2967426572310905,0.3945118938878325,0.0,1.1469872762484408,-0.902230763343258,0.902230763343258,0,1.1469872762484408,0.3448887351590943,-0.11909972122312806,0.6533491414054913
actionable_probability_mass,naive,202,1,202,0.0,1.2967426572310905,0.7421975872464577,1.836406814563609,1.2967426572310905,1.2967426572310905,0,1.0942092273171513,0.5633131592468963,0.09932470286467393,1.0671272541464731
actionable_probability_mass,naive,202,2,203,0.0,1.2967426572310905,0.5124974983116856,2.0599430276573862,1.2967426572310905,1.2967426572310905,0,1.5474455293457008,0.8803655568066564,0.416377100424434,2.050938142377516
actionable_probability_mass,naive,204,1,204,0.0,0.0,0.0,0.5377682293851705,0.0,0.0,1,0.5377682293851705,0.8739290194513598,0.4228136377797306,2.6957670115285435
actionable_probability_mass,naive,204,2,205,0.3930719218750153,0.0,0.0,0.7605191234098738,-0.3930719218750153,0.3930719218750153,1,0.7605191234098738,0.7466393090842991,0.5501033481467912,7.597991792674597
actionable_probability_mass,naive,206,1,206,6.851075948132078,0.3930719218750153,0.0,0.9289442233128375,-6.458004026257063,6.458004026257063,0,0.9289442233128375,2.036954651340792,-1.388583322725247,1.1247449322642264
actionable_probability_mass,naive,206,2,207,21.041781745643704,0.3930719218750153,0.0,1.1509097982684668,-20.648709823768687,20.648709823768687,0,1.1509097982684668,6.874946442975191,-6.874946442975192,0.9722072474041986
actionable_probability_mass,naive,208,1,208,4.993485945755758,21.041781745643704,20.48633959555348,21.606211774036073,16.048295799887946,16.048295799887946,0,1.1198721784825914,10.887020392947178,-2.862872493003205,1.3085590848623712
actionable_probability_mass,naive,208,2,209,26.107650735133177,21.041781745643704,20.25626792387244,21.840006346806824,-5.0658689894894735,5.0658689894894735,0,1.5837384229343847,12.055219659850792,-4.031071759906819,0.8173862297432749
total_comments,exponential_smoothing,12,1,12,0.0,1.999999970197678,0.0,3.8999999433755885,1.999999970197678,1.999999970197678,1,3.8999999433755885,1.999999970197678,1.999999970197678,
total_comments,exponential_smoothing,12,2,13,1.0,1.999999970197678,0.0,4.687005700774396,0.9999999701976781,0.9999999701976781,1,4.687005700774396,1.499999970197678,1.499999970197678,2.999999940395356
total_comments,exponential_smoothing,14,1,14,0.0,0.9999999850988393,0.0,2.699999964237215,0.9999999850988393,0.9999999850988393,1,2.699999964237215,1.3333333084980652,1.3333333084980652,3.9999999254941954
total_comments,exponential_smoothing,14,2,15,0.0,0.9999999850988393,0.0,3.404163011630309,0.9999999850988393,0.9999999850988393,1,3.404163011630309,1.2499999776482587,1.2499999776482587,4.999999910593035
total_comments,exponential_smoothing,16,1,16,0.0,2.2204460161630896e-16,0.0,1.4999999850988393,2.2204460161630896e-16,2.2204460161630896e-16,1,1.4999999850988393,0.7499999850988391,0.7499999850988391,2.9999999403953566
total_comments,exponential_smoothing,16,2,17,0.0,2.2204460161630896e-16,0.0,2.121320322486219,2.2204460161630896e-16,2.2204460161630896e-16,1,2.121320322486219,0.49999999254941974,0.49999999254941974,
total_comments,exponential_smoothing,18,1,18,2.0,4.930380584162929e-32,0.0,1.299999991059304,-2.0,2.0,0,1.299999991059304,0.7499999962747099,-0.2500000037252901,1.4999999925494198
total_comments,exponential_smoothing,18,2,19,0.0,4.930380584162929e-32,0.0,1.8384776184409704,4.930380584162929e-32,4.930380584162929e-32,1,1.8384776184409704,0.5000000000000001,-0.4999999999999999,1.0000000000000002
total_comments,exponential_smoothing,20,1,20,0.0,2.9802321943606103e-08,0.0,2.000000001490116,2.9802321943606103e-08,2.9802321943606103e-08,1,2.000000001490116,0.5000000074505806,-0.49999999254941946,1.0000000149011612
total_comments,exponential_smoothing,20,2,21,0.0,2.9802321943606103e-08,0.0,2.8284271145090067,2.9802321943606103e-08,2.9802321943606103e-08,1,2.8284271145090067,0.500000014901161,-0.49999998509883903,1.000000029802322
total_comments,exponential_smoothing,22,1,22,0.0,6.617444801816608e-24,0.0,1.8999999731779125,6.617444801816608e-24,6.617444801816608e-24,1,1.8999999731779125,1.4901160971803053e-08,1.4901160971803053e-08,
total_comments,exponential_smoothing,22,2,23,0.0,6.617444801816608e-24,0.0,2.687005730576721,6.617444801816608e-24,6.617444801816608e-24,1,2.687005730576721,1.4901160971803055e-08,1.4901160971803055e-08,
total_comments,exponential_smoothing,24,1,24,0.0,1.4693679166325709e-39,0.0,1.699999979138374,1.4693679166325709e-39,1.4693679166325709e-39,1,1.699999979138374,7.450580485901529e-09,7.450580485901529e-09,
total_comments,exponential_smoothing,24,2,25,0.0,1.4693679166325709e-39,0.0,2.4041630265314673,1.4693679166325709e-39,1.4693679166325709e-39,1,2.4041630265314673,3.308722400908305e-24,3.308722400908305e-24,
total_comments,exponential_smoothing,26,1,26,0.0,3.2626521853819554e-55,0.0,1.499999985098839,3.2626521853819554e-55,3.2626521853819554e-55,1,1.499999985098839,1.6543612004541528e-24,1.6543612004541528e-24,
total_comments,exponential_smoothing,26,2,27,0.0,3.2626521853819554e-55,0.0,2.121320322486219,3.2626521853819554e-55,3.2626521853819554e-55,1,2.121320322486219,7.346839583162856e-40,7.346839583162856e-40,
total_comments,exponential_smoothing,28,1,28,0.0,7.244543155109263e-71,0.0,1.299999991059304,7.244543155109263e-71,7.244543155109263e-71,1,1.299999991059304,3.673419791581429e-40,3.673419791581429e-40,
total_comments,exponential_smoothing,28,2,29,0.0,7.244543155109263e-71,0.0,1.8384776184409704,7.244543155109263e-71,7.244543155109263e-71,1,1.8384776184409704,1.631326092690978e-55,1.631326092690978e-55,
total_comments,exponential_smoothing,30,1,30,0.0,1.6086117227385761e-86,0.0,1.0999999970197691,1.6086117227385761e-86,1.6086117227385761e-86,1,1.0999999970197691,8.156630463454892e-56,8.156630463454892e-56,
total_comments,exponential_smoothing,30,2,31,0.0,1.6086117227385761e-86,0.0,1.5556349143957218,1.6086117227385761e-86,1.6086117227385761e-86,1,1.5556349143957218,3.6222715775546323e-71,3.6222715775546323e-71,
total_comments,exponential_smoothing,32,1,32,0.0,3.5718355445326113e-102,0.0,0.9999999970197678,3.5718355445326113e-102,3.5718355445326113e-102,1,0.9999999970197678,1.8111357887773165e-71,1.8111357887773165e-71,
total_comments,exponential_smoothing,32,2,33,0.0,3.5718355445326113e-102,0.0,1.4142135581584103,3.5718355445326113e-102,3.5718355445326113e-102,1,1.4142135581584103,8.043058613692882e-87,8.043058613692882e-87,
total_comments,exponential_smoothing,34,1,34,1.0,7.9310681234292775e-118,0.0,0.9999999910593034,-1.0,1.0,0,0.9999999910593034,0.25,-0.25,1.0
total_comments,exponential_smoothing,34,2,35,0.0,7.9310681234292775e-118,0.0,1.4142135497290407,7.9310681234292775e-118,7.9310681234292775e-118,1,1.4142135497290407,0.25,-0.25,1.0
total_comments,exponential_smoothing,36,1,36,0.0,1.4901160971803051e-08,0.0,1.000000014901161,1.4901160971803051e-08,1.4901160971803051e-08,1,1.000000014901161,0.25000000372529024,-0.24999999627470976,1.000000014901161
total_comments,exponential_smoothing,36,2,37,0.0,1.4901160971803051e-08,0.0,1.4142135772742561,1.4901160971803051e-08,1.4901160971803051e-08,1,1.4142135772742561,0.2500000074505805,-0.24999999254941951,1.000000029802322
total_comments,exponential_smoothing,38,1,38,0.0,3.308722400908304e-24,0.0,1.0,3.308722400908304e-24,3.308722400908304e-24,1,1.0,7.4505804859015265e-09,7.4505804859015265e-09,
total_comments,exponential_smoothing,38,2,39,0.0,3.308722400908304e-24,0.0,1.4142135623730951,3.308722400908304e-24,3.308722400908304e-24,1,1.4142135623730951,7.450580485901527e-09,7.450580485901527e-09,
total_comments,exponential_smoothing,40,1,40,0.0,7.346839583162854e-40,0.0,1.0,7.346839583162854e-40,7.346839583162854e-40,1,1.0,3.7252902429507645e-09,3.7252902429507645e-09,
total_comments,exponential_smoothing,40,2,41,0.0,7.346839583162854e-40,0.0,1.4142135623730951,7.346839583162854e-40,7.346839583162854e-40,1,1.4142135623730951,1.6543612004541524e-24,1.6543612004541524e-24,
total_comments,exponential_smoothing,42,1,42,0.0,1.6313260926909777e-55,0.0,0.9999999970197678,1.6313260926909777e-55,1.6313260926909777e-55,1,0.9999999970197678,8.271806002270764e-25,8.271806002270764e-25,
total_comments,exponential_smoothing,42,2,43,0.0,1.6313260926909777e-55,0.0,1.4142135581584103,1.6313260926909777e-55,1.6313260926909777e-55,1,1.4142135581584103,3.673419791581428e-40,3.673419791581428e-40,
total_comments,exponential_smoothing,44,1,44,0.0,3.6222715775546315e-71,0.0,0.9999999910593034,3.6222715775546315e-71,3.6222715775546315e-71,1,0.9999999910593034,1.8367098957907144e-40,1.8367098957907144e-40,
total_comments,exponential_smoothing,44,2,45,0.0,3.6222715775546315e-71,0.0,1.4142135497290407,3.6222715775546315e-71,3.6222715775546315e-71,1,1.4142135497290407,8.15663046345489e-56,8.15663046345489e-56,
total_comments,exponential_smoothing,46,1,46,0.0,8.0430586136928805e-87,0.0,0.999999985098839,8.0430586136928805e-87,8.0430586136928805e-87,1,0.999999985098839,4.078315231727446e-56,4.078315231727446e-56,
total_comments,exponential_smoothing,46,2,47,0.0,8.0430586136928805e-87,0.0,1.4142135412996713,8.0430586136928805e-87,8.0430586136928805e-87,1,1.4142135412996713,1.8111357887773161e-71,1.8111357887773161e-71,
total_comments,exponential_smoothing,48,1,48,0.0,1.7859177722663057e-102,0.0,0.9999999791383747,1.7859177722663057e-102,1.7859177722663057e-102,1,0.9999999791383747,9.055678943886583e-72,9.055678943886583e-72,
total_comments,exponential_smoothing,48,2,49,0.0,1.7859177722663057e-102,0.0,1.4142135328703016,1.7859177722663057e-102,1.7859177722663057e-102,1,1.4142135328703016,4.021529306846441e-87,4.021529306846441e-87,
total_comments,exponential_smoothing,50,1,50,1.0,3.9655340617146388e-118,0.0,0.9999999731779102,-1.0,1.0,0,0.9999999731779102,0.25,-0.25,1.0
total_comments,exponential_smoothing,50,2,51,1.0,3.9655340617146388e-118,0.0,1.414213524440932,-1.0,1.0,1,1.414213524440932,0.5,-0.5,1.0
total_comments,exponential_smoothing,52,1,52,0.0,0.9999999999999998,1.4901160527713841e-08,1.9999999970197675,0.9999999999999998,0.9999999999999998,0,1.999999982118607,0.75,-0.25000000000000006,1.5
total_comments,exponential_smoothing,52,2,53,0.0,0.9999999999999998,0.0,2.4142135581584103,0.9999999999999998,0.9999999999999998,1,2.4142135581584103,0.9999999999999999,-1.1102230246251565e-16,1.9999999999999998
total_comments,exponential_smoothing,54,1,54,0.0,2.2204460492503126e-16,0.0,0.9999999910593036,2.2204460492503126e-16,2.2204460492503126e-16,1,0.9999999910593036,0.7499999999999999,0.24999999999999994,2.9999999999999996
total_comments,exponential_smoothing,54,2,55,0.0,2.2204460492503126e-16,0.0,1.414213549729041,2.2204460492503126e-16,2.2204460492503126e-16,1,1.414213549729041,0.5,0.5,
total_comments,exponential_smoothing,56,1,56,0.0,4.9303806576313227e-32,0.0,0.999999985098839,4.9303806576313227e-32,4.9303806576313227e-32,1,0.999999985098839,0.25000000000000006,0.25000000000000006,
total_comments,exponential_smoothing,56,2,57,0.0,4.9303806576313227e-32,0.0,1.4142135412996713,4.9303806576313227e-32,4.9303806576313227e-32,1,1.4142135412996713,1.1102230246251565e-16,1.1102230246251565e-16,
total_comments,exponential_smoothing,58,1,58,0.0,1.0947644252537631e-47,0.0,0.9999999791383747,1.0947644252537631e-47,1.0947644252537631e-47,1,0.9999999791383747,5.551115123125784e-17,5.551115123125784e-17,
total_comments,exponential_smoothing,58,2,59,0.0,1.0947644252537631e-47,0.0,1.4142135328703016,1.0947644252537631e-47,1.0947644252537631e-47,1,1.4142135328703016,2.465190328815662e-32,2.465190328815662e-32,
total_comments,exponential_smoothing,60,1,60,0.0,2.430865342914508e-63,0.0,0.9999999731779102,2.430865342914508e-63,2.430865342914508e-63,1,0.9999999731779102,1.2325951644078312e-32,1.2325951644078312e-32,
total_comments,exponential_smoothing,60,2,61,0.0,2.430865342914508e-63,0.0,1.414213524440932,2.430865342914508e-63,2.430865342914508e-63,1,1.414213524440932,5.473822126268817e-48,5.473822126268817e-48,
total_comments,exponential_smoothing,62,1,62,0.0,5.3976053469340267e-79,0.0,0.899999974668025,5.3976053469340267e-79,5.3976053469340267e-79,1,0.899999974668025,2.736911063134409e-48,2.736911063134409e-48,
total_comments,exponential_smoothing,62,2,63,1.0,5.3976053469340267e-79,0.0,1.272792170310963,-1.0,1.0,1,1.272792170310963,0.25,-0.25,1.0
total_comments,exponential_smoothing,64,1,64,0.0,0.9999999850988388,0.0,1.9999999761581422,0.9999999850988388,0.9999999850988388,1,1.9999999761581422,0.4999999962747097,-3.725290298461914e-09,1.9999999850988388
total_comments,exponential_smoothing,64,2,65,0.0,0.9999999850988388,0.0,2.4142135348278795,0.9999999850988388,0.9999999850988388,1,2.4142135348278795,0.7499999925494194,0.2499999925494194,2.9999999701976776
total_comments,exponential_smoothing,66,1,66,0.0,2.2204460161630886e-16,0.0,0.9999999850988393,2.2204460161630886e-16,2.2204460161630886e-16,1,0.9999999850988393,0.7499999925494194,0.24999999254941946,2.9999999701976776
total_comments,exponential_smoothing,66,2,67,0.0,2.2204460161630886e-16,0.0,1.4142135412996715,2.2204460161630886e-16,2.2204460161630886e-16,1,1.4142135412996715,0.4999999925494195,0.4999999925494195,
total_comments,exponential_smoothing,68,1,68,0.0,4.930380584162927e-32,0.0,0.9999999791383747,4.930380584162927e-32,4.930380584162927e-32,1,0.9999999791383747,0.2499999962747098,0.2499999962747098,
total_comments,exponential_smoothing,68,2,69,1.0,4.930380584162927e-32,0.0,1.4142135328703016,-1.0,1.0,1,1.4142135328703016,0.2500000000000001,-0.2499999999999999,1.0000000000000004
total_comments,exponential_smoothing,70,1,70,0.0,0.9999999850988388,0.0,1.9999999850988388,0.9999999850988388,0.9999999850988388,1,1.9999999850988388,0.49999999627470976,-3.725290242950763e-09,1.999999985098839
total_comments,exponential_smoothing,70,2,71,0.0,0.9999999850988388,0.0,2.4142135474719337,0.9999999850988388,0.9999999850988388,1,2.4142135474719337,0.7499999925494194,0.2499999925494194,2.9999999701976776
total_comments,exponential_smoothing,72,1,72,1.0,2.2204460161630886e-16,0.0,0.999999997019768,-0.9999999999999998,0.9999999999999998,0,0.999999997019768,0.9999999925494194,-7.450580541412677e-09,1.9999999850988388
total_comments,exponential_smoothing,72,2,73,0.0,2.2204460161630886e-16,0.0,1.4142135581584105,2.2204460161630886e-16,2.2204460161630886e-16,1,1.4142135581584105,0.7499999925494194,0.24999999254941951,2.9999999701976776
total_comments,exponential_smoothing,74,1,74,0.0,1.4901160971803051e-08,0.0,1.0000000149011607,1.4901160971803051e-08,1.4901160971803051e-08,1,1.0000000149011607,0.49999999999999994,5.5511150404077214e-17,1.9999999999999998
total_comments,exponential_smoothing,74,2,75,1.0,1.4901160971803051e-08,0.0,1.414213577274256,-0.999999985098839,0.999999985098839,1,1.414213577274256,0.5,-0.4999999925494194,1.0
total_comments,exponential_smoothing,76,1,76,1.0,0.9999999850988388,0.0,1.9999999850988388,-1.4901161193847656e-08,1.4901161193847656e-08,1,1.9999999850988388,0.25000000372529035,-0.24999999627470976,0.5000000074505807
total_comments,exponential_smoothing,76,2,77,0.0,0.9999999850988388,0.0,2.4142135474719337,0.9999999850988388,0.9999999850988388,1,2.4142135474719337,0.5,-1.1102230246251565e-16,1.0
total_comments,exponential_smoothing,78,1,78,0.0,1.4901161193847653e-08,0.0,1.000000014901161,1.4901161193847653e-08,1.4901161193847653e-08,1,1.000000014901161,0.5,-5.551115123125783e-17,1.0
total_comments,exponential_smoothing,78,2,79,0.0,1.4901161193847653e-08,0.0,1.4142135772742561,1.4901161193847653e-08,1.4901161193847653e-08,1,1.4142135772742561,0.2500000074505806,0.25,1.0000000298023224
total_comments,exponential_smoothing,80,1,80,0.0,3.30872245021211e-24,0.0,0.9999999999999998,3.30872245021211e-24,3.30872245021211e-24,1,0.9999999999999998,0.2500000037252903,0.2500000037252903,
total_comments,exponential_smoothing,80,2,81,0.0,3.30872245021211e-24,0.0,1.414213562373095,3.30872245021211e-24,3.30872245021211e-24,1,1.414213562373095,7.450580596923828e-09,7.450580596923828e-09,
total_comments,exponential_smoothing,82,1,82,0.0,7.346839692639295e-40,0.0,0.9999999999999998,7.346839692639295e-40,7.346839692639295e-40,1,0.9999999999999998,3.725290298461915e-09,3.725290298461916e-09,
total_comments,exponential_smoothing,82,2,83,1.0,7.346839692639295e-40,0.0,1.414213562373095,-1.0,1.0,1,1.414213562373095,0.25,-0.25,1.0
total_comments,exponential_smoothing,84,1,84,0.0,0.9999999850988388,0.0,1.9999999850988388,0.9999999850988388,0.9999999850988388,1,1.9999999850988388,0.4999999962747097,-3.725290298461914e-09,1.9999999850988388
total_comments,exponential_smoothing,84,2,85,0.0,0.9999999850988388,0.0,2.4142135474719337,0.9999999850988388,0.9999999850988388,1,2.4142135474719337,0.7499999925494194,0.2499999925494194,2.9999999701976776
total_comments,exponential_smoothing,86,1,86,0.0,2.2204460161630886e-16,0.0,1.0,2.2204460161630886e-16,2.2204460161630886e-16,1,1.0,0.7499999925494194,0.24999999254941946,2.9999999701976776
total_comments,exponential_smoothing,86,2,87,0.0,2.2204460161630886e-16,0.0,1.4142135623730951,2.2204460161630886e-16,2.2204460161630886e-16,1,1.4142135623730951,0.4999999925494195,0.4999999925494195,
total_comments,exponential_smoothing,88,1,88,0.0,2.7919821466584733e-28,0.0,0.9999999999999882,2.7919821466584733e-28,2.7919821466584733e-28,1,0.9999999999999882,0.2499999962747098,0.2499999962747098,
total_comments,exponential_smoothing,88,2,89,0.0,2.7919821466584733e-28,0.0,1.4142135623730785,2.7919821466584733e-28,2.7919821466584733e-28,1,1.4142135623730785,1.1102230080829403e-16,1.1102230080829403e-16,
total_comments,exponential_smoothing,90,1,90,0.0,6.6850204795529e-45,0.0,0.9999999999999983,6.6850204795529e-45,6.6850204795529e-45,1,0.9999999999999983,5.551115040421681e-17,5.551115040421681e-17,
total_comments,exponential_smoothing,90,2,91,0.0,6.6850204795529e-45,0.0,1.4142135623730927,6.6850204795529e-45,6.6850204795529e-45,1,1.4142135623730927,1.3959910733278436e-28,1.3959910733278436e-28,
total_comments,exponential_smoothing,92,1,92,0.0,2.4308653066917922e-63,0.0,0.9999999999999998,2.4308653066917922e-63,2.4308653066917922e-63,1,0.9999999999999998,6.979955366632253e-29,6.979955366632253e-29,
total_comments,exponential_smoothing,92,2,93,0.0,2.4308653066917922e-63,0.0,1.414213562373095,2.4308653066917922e-63,2.4308653066917922e-63,1,1.414213562373095,0.0,0.0,
total_comments,exponential_smoothing,94,1,94,0.0,5.3976052665034406e-79,0.0,0.9999999999999998,5.3976052665034406e-79,5.3976052665034406e-79,1,0.9999999999999998,0.0,0.0,
total_comments,exponential_smoothing,94,2,95,0.0,5.3976052665034406e-79,0.0,1.414213562373095,5.3976052665034406e-79,5.3976052665034406e-79,1,1.414213562373095,0.0,0.0,
total_comments,exponential_smoothing,96,1,96,0.0,1.1985091289420248e-94,0.0,0.9999999999999998,1.1985091289420248e-94,1.1985091289420248e-94,1,0.9999999999999998,0.0,0.0,
total_comments,exponential_smoothing,96,2,97,0.0,1.1985091289420248e-94,0.0,1.414213562373095,1.1985091289420248e-94,1.1985091289420248e-94,1,1.414213562373095,0.0,0.0,
total_comments,exponential_smoothing,98,1,98,0.0,2.661224860349753e-110,0.0,0.9999999999999998,2.661224860349753e-110,2.661224860349753e-110,1,0.9999999999999998,0.0,0.0,
total_comments,exponential_smoothing,98,2,99,0.0,2.661224860349753e-110,0.0,1.414213562373095,2.661224860349753e-110,2.661224860349753e-110,1,1.414213562373095,0.0,0.0,
total_comments,exponential_smoothing,100,1,100,0.0,5.909106227330325e-126,0.0,0.9999999999999998,5.909106227330325e-126,5.909106227330325e-126,1,0.9999999999999998,0.0,0.0,
total_comments,exponential_smoothing,100,2,101,0.0,5.909106227330325e-126,0.0,1.414213562373095,5.909106227330325e-126,5.909106227330325e-126,1,1.414213562373095,0.0,0.0,
total_comments,exponential_smoothing,102,1,102,0.0,1.3120851577076043e-141,0.0,0.9999999970197676,1.3120851577076043e-141,1.3120851577076043e-141,1,0.9999999970197676,0.0,0.0,
total_comments,exponential_smoothing,102,2,103,0.0,1.3120851577076043e-141,0.0,1.41421355815841,1.3120851577076043e-141,1.3120851577076043e-141,1,1.41421355815841,0.0,0.0,
total_comments,exponential_smoothing,104,1,104,1.0,2.913414304711824e-157,0.0,0.9999999910593033,-1.0,1.0,0,0.9999999910593033,0.25,-0.25,1.0
total_comments,exponential_smoothing,104,2,105,0.0,2.913414304711824e-157,0.0,1.4142135497290405,2.913414304711824e-157,2.913414304711824e-157,1,1.4142135497290405,0.25,-0.25,1.0
total_comments,exponential_smoothing,106,1,106,0.0,0.013228772324802593,0.0,1.0130513932990028,0.013228772324802593,0.013228772324802593,1,1.0130513932990028,0.25330719308120064,-0.24669280691879936,1.0132287723248026
total_comments,exponential_smoothing,106,2,107,0.0,0.013228772324802593,0.0,1.4271914828739312,0.013228772324802593,0.013228772324802593,1,1.4271914828739312,0.2566143861624013,-0.2433856138375987,1.0264575446496051
total_comments,exponential_smoothing,108,1,108,0.0,2.287507201678759e-06,0.0,0.9998294464297359,2.287507201678759e-06,2.287507201678759e-06,1,0.9998294464297359,0.006614958039201716,0.006614958039201716,
total_comments,exponential_smoothing,108,2,109,0.0,2.287507201678759e-06,0.0,1.4139714156844096,2.287507201678759e-06,2.287507201678759e-06,1,1.4139714156844096,0.0066155299160021355,0.0066155299160021355,
total_comments,exponential_smoothing,110,1,110,0.0,4.006899842892105e-10,0.0,0.9998271570872135,4.006899842892105e-10,4.006899842892105e-10,1,0.9998271570872135,0.0033083369349739835,0.0033083369349739835,
total_comments,exponential_smoothing,110,2,111,7.0,4.006899842892105e-10,0.0,1.413969125415701,-6.99999999959931,6.99999999959931,0,1.413969125415701,1.7500011437536007,-1.7499988560460542,1.0000006535734862
total_comments,exponential_smoothing,112,1,112,4.0,6.9073573594279285,5.920592022366742,7.9071845212193885,2.9073573594279285,2.9073573594279285,0,1.9865924988526462,2.4768399117337827,-1.0231600880658724,0.9006690588122847
total_comments,exponential_smoothing,112,2,113,8.0,6.9073573594279285,5.51186043687634,8.321326491662411,-1.0926426405720715,1.0926426405720715,1,2.8094660547860713,2.75,-1.296321320085691,0.5789473684210527
total_comments,exponential_smoothing,114,1,114,6.0,7.238730776186144,6.445375380391588,8.237976465070851,1.2387307761861441,1.2387307761861441,0,1.792601084679263,3.0596826939463635,-0.9866386261393272,0.4895492310314182
total_comments,exponential_smoothing,114,2,115,2.0,7.238730776186144,6.116756815671608,8.651877581549744,5.238730776186144,5.238730776186144,0,2.535120765878136,2.619365388093072,2.0730440678070363,0.5238730776186145
total_comments,exponential_smoothing,116,1,116,1.0,2.9706969560490624,2.151615989110351,3.9689535692206226,1.9706969560490624,1.9706969560490624,0,1.8173375801102716,2.3852002872483555,1.8388789669623198,0.5612235969996131
total_comments,exponential_smoothing,116,2,117,1.0,2.9706969560490624,1.8123415439226678,4.3824449971249155,1.9706969560490624,1.9706969560490624,0,2.5701034532022478,2.6047138661176032,2.6047138661176032,1.0418855464470413
total_comments,exponential_smoothing,118,1,118,0.0,1.045083026501541,0.1920886304170374,2.044693819774848,1.045083026501541,1.045083026501541,0,1.8526051893578108,2.5563019286964526,2.5563019286964526,2.5563019286964526
total_comments,exponential_smoothing,118,2,119,0.0,1.045083026501541,0.0,2.45874616744318,1.045083026501541,1.045083026501541,1,2.45874616744318,1.5078899912753017,1.5078899912753017,3.0157799825506033
total_comments,exponential_smoothing,120,1,120,0.0,0.026015780929148264,0.0,1.0256184384360807,0.026015780929148264,0.026015780929148264,1,1.0256184384360807,1.021719697495323,1.021719697495323,4.086878789981292
total_comments,exponential_smoothing,120,2,121,1.0,0.026015780929148264,0.0,1.4396674161596401,-0.9739842190708518,0.9739842190708518,1,1.4396674161596401,0.7725415132507705,0.2855494037153446,3.090166053003082
total_comments,exponential_smoothing,122,1,122,1.0,0.8421994561490704,0.0,1.8413903526304514,-0.15780054385092956,0.15780054385092956,1,1.8413903526304514,0.5507208925881176,-0.015171488872773031,1.1014417851762353
total_comments,exponential_smoothing,122,2,123,1.0,0.8421994561490704,0.0,2.2552687733527708,-0.15780054385092956,0.15780054385092956,1,2.2552687733527708,0.3289002719254648,-0.31589238146089066,0.4385336959006197
total_comments,exponential_smoothing,124,1,124,0.0,0.9961087460672114,0.12262886028718056,1.9945909773984876,0.9961087460672114,0.9961087460672114,0,1.871962117111307,0.5714235132099805,-0.07336914017637489,0.7618980176133073
total_comments,exponential_smoothing,124,2,125,2.0,0.9961087460672114,0.0,2.4081758594044524,-1.0038912539327884,1.0038912539327884,1,2.4081758594044524,0.5789002719254648,-0.08084589889185903,0.5789002719254648
total_comments,exponential_smoothing,126,1,126,0.0,1.6911018802543754,0.7652974061608938,2.6907407144182773,1.6911018802543754,1.6911018802543754,0,1.9254433082573836,0.9622256060263261,0.3813797071344672,1.282967474701768
total_comments,exponential_smoothing,126,2,127,1.0,1.6911018802543754,0.381816636885683,3.104804677003795,0.6911018802543754,0.6911018802543754,1,2.722988040118112,1.0955509401271877,0.5936053131607935,1.4607345868362502
total_comments,exponential_smoothing,128,1,128,0.0,0.8696901052505837,0.0,1.8688200973409483,0.8696901052505837,0.8696901052505837,1,1.8688200973409483,1.0639462799230306,0.5620006529566365,1.4185950398973741
total_comments,exponential_smoothing,128,2,129,0.0,0.8696901052505837,0.0,2.2826732906385008,0.8696901052505837,0.8696901052505837,1,2.2826732906385008,1.0303959927524795,1.0303959927524795,4.121583971009918
total_comments,exponential_smoothing,130,1,130,0.0,0.03189523552409481,0.0,1.0307930292423315,0.03189523552409481,0.03189523552409481,1,1.0307930292423315,0.6155943315699093,0.6155943315699094,2.462377326279637
total_comments,exponential_smoothing,130,2,131,0.0,0.03189523552409481,0.0,1.4445500428249876,0.03189523552409481,0.03189523552409481,1,1.4445500428249876,0.45079267038733917,0.4507926703873392,
total_comments,exponential_smoothing,132,1,132,0.0,0.0011690795523945112,0.0,0.9993404555193567,0.0011690795523945112,0.0011690795523945112,1,0.9993404555193567,0.2336624139627919,0.23366241396279194,
total_comments,exponential_smoothing,132,2,133,1.0,0.0011690795523945112,0.0,1.412796577017486,-0.9988309204476055,0.9988309204476055,1,1.412796577017486,0.26594761776204734,-0.23346784246175534,1.0637904710481894
total_comments,exponential_smoothing,134,1,134,0.0,0.8085013498319622,0.0,1.807984329852304,0.8085013498319622,0.8085013498319622,1,1.807984329852304,0.46009914633901416,-0.039316313884788484,1.8403965853560567
total_comments,exponential_smoothing,134,2,135,0.0,0.8085013498319622,0.0,2.2219837355378065,0.8085013498319622,0.8085013498319622,1,2.2219837355378065,0.6542506749159811,0.15483521469217837,2.6170026996639244
total_comments,exponential_smoothing,136,1,136,1.0,0.030761410891746936,0.0,1.0299672777737918,-0.9692385891082531,0.9692385891082531,1,1.0299672777737918,0.8962680523049458,-0.08776670247298354,1.7925361046098915
total_comments,exponential_smoothing,136,2,137,0.0,0.030761410891746936,0.0,1.4438518994391003,0.030761410891746936,0.030761410891746936,1,1.4438518994391003,0.6542506749159811,0.16963138036185454,2.6170026996639244
total_comments,exponential_smoothing,138,1,138,0.0,0.16204211673107616,0.0,1.160863540573989,0.16204211673107616,0.16204211673107616,1,1.160863540573989,0.49263586664075953,0.008016572086633048,1.9705434665630381
total_comments,exponential_smoothing,138,2,139,1.0,0.16204211673107616,0.0,1.5745889207185293,-0.8379578832689238,0.8379578832689238,1,1.5745889207185293,0.49999999999999994,-0.4035982361885885,0.9999999999999999
total_comments,exponential_smoothing,140,1,140,0.0,0.8044253130024887,0.0,1.8029530517006616,0.8044253130024887,0.8044253130024887,1,1.8029530517006616,0.45879668097355886,0.039817739339096964,1.8351867238942354
total_comments,exponential_smoothing,140,2,141,1.0,0.8044253130024887,0.0,2.2165567834751827,-0.19557468699751135,0.19557468699751135,1,2.2165567834751827,0.49999999999999994,-0.01676628513321761,0.9999999999999999
total_comments,exponential_smoothing,142,1,142,2.0,0.8257130361663652,0.0,1.8229913438129692,-1.1742869638336348,1.1742869638336348,0,1.8229913438129692,0.7530612117756397,-0.35084855527439535,0.7530612117756397
total_comments,exponential_smoothing,142,2,143,0.0,0.8257130361663652,0.0,2.236077544300681,0.8257130361663652,0.8257130361663652,1,2.236077544300681,0.7499999999999999,0.0650691745844269,0.9999999999999999
total_comments,exponential_smoothing,144,1,144,1.0,0.3794226411864355,0.0,1.3784165336890886,-0.6205773588135646,0.6205773588135646,1,1.3784165336890886,0.7040380114527689,-0.29118149336958643,0.7040380114527689
total_comments,exponential_smoothing,144,2,145,2.0,0.3794226411864355,0.0,1.7922133526915773,-1.6205773588135646,1.6205773588135646,0,1.7922133526915773,1.0602886794067823,-0.6474321613235997,0.8482309435254258
total_comments,exponential_smoothing,146,1,146,3.0,1.749145136438745,0.7969692525652914,2.748715493561333,-1.250854863561255,1.250854863561255,0,1.9517462409960415,1.0794306543386873,-0.6665741362555048,0.7196204362257915
total_comments,exponential_smoothing,146,2,147,1.0,1.749145136438745,0.40256508770031774,3.1627510920276274,0.7491451364387449,0.7491451364387449,1,2.7601860043273097,1.0602886794067823,-0.6857161111874097,0.6058792453753041
total_comments,exponential_smoothing,148,1,148,2.0,1.3893504097774185,0.4274778707757543,2.388984176518877,-0.6106495902225815,0.6106495902225815,1,1.9615063057431228,1.0578067372590363,-0.6832341690396639,0.5289033686295181
total_comments,exponential_smoothing,148,2,149,1.0,1.3893504097774185,0.02905721984702092,2.8030460401092925,0.3893504097774185,0.3893504097774185,1,2.7739888202622716,0.7499999999999999,-0.18075222689191828,0.4285714285714285
total_comments,exponential_smoothing,150,1,150,0.0,1.2004354154554948,0.24856146356098918,2.199944249702251,1.2004354154554948,1.2004354154554948,0,1.951382786141262,0.7373951379735599,0.4320703428622692,0.7373951379735599
total_comments,exponential_smoothing,150,2,151,1.0,1.2004354154554948,0.0,2.61395436455898,0.20043541545549481,0.20043541545549481,1,2.61395436455898,0.6002177077277473,0.29489291261645667,0.6002177077277473
total_comments,exponential_smoothing,152,1,152,2.0,0.8319820926095355,0.0,1.8314445530143355,-1.1680179073904644,1.1680179073904644,0,1.8314445530143355,0.7395597870197181,0.15555083332448594,0.7395597870197181
total_comments,exponential_smoothing,152,2,153,1.0,0.8319820926095355,0.0,2.2454354591967864,-0.16801790739046452,0.16801790739046452,1,2.2454354591967864,0.6842266614229796,0.016208754032515177,0.6842266614229796
total_comments,exponential_smoothing,154,1,154,0.0,1.1708867929821372,0.19593969775892295,2.1706045580065743,1.1708867929821372,1.1708867929821372,0,1.9746648602476513,0.6768395058046401,0.008821598414175735,0.6768395058046401
total_comments,exponential_smoothing,154,2,155,3.0,1.1708867929821372,0.0,2.584701214825015,-1.8291132070178628,1.8291132070178628,0,2.584701214825015,1.0840089536952322,-0.4985655572041636,0.7226726357968215
total_comments,exponential_smoothing,156,1,156,1.0,2.3166691769344183,1.2910460757613529,3.3165462455422277,1.3166691769344183,1.3166691769344183,0,2.0255001697808748,1.1211717710812206,0.12260621387705706,0.8969374168649764
total_comments,exponential_smoothing,156,2,157,1.0,2.3166691769344183,0.8662190773723162,3.730708888065436,1.3166691769344183,1.3166691769344183,1,2.86448981069312,1.4083345884672092,0.49377798495827774,1.1266676707737673
total_comments,exponential_smoothing,158,1,158,0.0,1.0924613889887536,0.053371159795964296,2.0922148255780284,1.0924613889887536,1.0924613889887536,0,2.038843665782064,1.3887282374688632,0.47417163395993184,1.1109825899750905
total_comments,exponential_smoothing,158,2,159,0.0,1.0924613889887536,0.0,2.5063262580424164,1.0924613889887536,1.0924613889887536,1,2.5063262580424164,1.2045652829615858,1.2045652829615858,2.4091305659231717
total_comments,exponential_smoothing,160,1,160,1.0,0.07583509955970334,0.0,1.0755518214695905,-0.9241649004402966,0.9241649004402966,1,1.0755518214695905,1.1064392138380554,0.6443567636179072,2.212878427676111
total_comments,exponential_smoothing,160,2,161,3.0,0.07583509955970334,0.0,1.4896480462158377,-2.9241649004402968,2.9241649004402968,0,1.4896480462158377,1.508313144714525,-0.41585175572577154,1.508313144714525
total_comments,exponential_smoothing,162,1,162,2.0,2.4238891450864446,1.3410432991043835,3.4238616608987575,0.4238891450864446,0.4238891450864446,1,2.082818361794374,1.3411700837389477,-0.5829948167013488,0.8941133891592985
total_comments,exponential_smoothing,162,2,163,0.0,2.4238891450864446,0.892513863739246,3.838063838948562,2.4238891450864446,2.4238891450864446,0,2.945549975209316,1.6740270227633705,-0.25013787767692597,1.1160180151755803
total_comments,exponential_smoothing,164,1,164,0.0,0.5601441972674084,0.0,1.5600451176164967,0.5601441972674084,0.5601441972674084,1,1.5600451176164967,1.5830218469701487,0.12093939675000023,1.266417477576119
total_comments,exponential_smoothing,164,2,165,0.0,0.5601441972674084,0.0,1.9742176398544289,0.5601441972674084,0.5601441972674084,1,1.9742176398544289,0.9920166711769264,0.9920166711769265,1.9840333423538528
total_comments,exponential_smoothing,166,1,166,0.0,0.036400453880756974,0.0,1.0362607740557324,0.036400453880756974,0.036400453880756974,1,1.0362607740557324,0.8951444983755045,0.8951444983755046,
total_comments,exponential_smoothing,166,2,167,0.0,0.036400453880756974,0.0,1.4504164791509124,0.036400453880756974,0.036400453880756974,1,1.4504164791509124,0.29827232557408256,0.2982723255740827,
total_comments,exponential_smoothing,168,1,168,0.0,0.0024268086929269974,0.0,1.0022317983994864,0.0024268086929269974,0.0024268086929269974,1,1.0022317983994864,0.15884297843046222,0.15884297843046233,
total_comments,exponential_smoothing,168,2,169,0.0,0.0024268086929269974,0.0,1.416364584864236,0.0024268086929269974,0.0024268086929269974,1,1.416364584864236,0.019413631286841874,0.019413631286841985,
total_comments,exponential_smoothing,170,1,170,0.0,0.00016196542953945115,0.0,0.9999113327990652,0.00016196542953945115,0.00016196542953945115,1,0.9999113327990652,0.010354009174037494,0.010354009174037605,
total_comments,exponential_smoothing,170,2,171,0.0,0.00016196542953945115,0.0,1.4140210797374446,0.00016196542953945115,0.00016196542953945115,1,1.4140210797374446,0.0012943870612331133,0.0012943870612332244,
total_comments,exponential_smoothing,172,1,172,0.0,1.0809770336587607e-05,0.0,0.9996748620016477,1.0809770336587607e-05,1.0809770336587607e-05,1,0.9996748620016477,0.0006903873305855108,0.0006903873305856218,
total_comments,exponential_smoothing,172,2,173,0.0,1.0809770336587607e-05,0.0,1.4137492702527028,1.0809770336587607e-05,1.0809770336587607e-05,1,1.4137492702527028,8.638759993790835e-05,8.638759993801937e-05,
total_comments,exponential_smoothing,174,1,174,1.0,7.214481655528526e-07,0.0,0.9995497721790133,-0.9999992785518345,0.9999992785518345,0,0.9995497721790133,0.25004571588051167,-0.24995392339540545,1.0001828635220467
total_comments,exponential_smoothing,174,2,175,1.0,7.214481655528526e-07,0.0,1.4135765452488835,-0.9999992785518345,0.9999992785518345,1,1.4135765452488835,0.5000050441610854,-0.49999423439074897,1.0000100883221708
total_comments,exponential_smoothing,176,1,176,2.0,0.9340022278895229,0.0,1.933867167919964,-1.0659977721104772,1.0659977721104772,0,1.933867167919964,0.7665017847461205,-0.7664963798609524,0.7665017847461205
total_comments,exponential_smoothing,176,2,177,2.0,0.9340022278895229,0.0,2.348024786621934,-1.0659977721104772,1.0659977721104772,1,2.348024786621934,1.0329985253311555,-1.032998525331156,0.6886656835541037
total_comments,exponential_smoothing,178,1,178,1.0,1.9323836038976125,0.8582670398336576,2.932383143561953,0.9323836038976125,0.9323836038976125,1,2.0741161037282954,1.0160946066676002,-0.549902804718794,0.6773964044450668
total_comments,exponential_smoothing,178,2,179,0.0,1.9323836038976125,0.4133533914287779,3.346596515257775,1.9323836038976125,1.9323836038976125,0,2.933243123828997,1.2491906880040449,0.18319291589356768,0.9993525504032359
total_comments,exponential_smoothing,180,1,180,2.0,0.30789239278252917,0.0,1.307891924202145,-1.6921076072174708,1.6921076072174708,0,1.307891924202145,1.405718146780793,0.02666545711681928,1.1245745174246344
total_comments,exponential_smoothing,180,2,181,2.0,0.30789239278252917,0.0,1.7221052924828901,-1.6921076072174708,1.6921076072174708,0,1.7221052924828901,1.5622456055575416,-0.12986200165992912,1.2497964844460332
total_comments,exponential_smoothing,182,1,182,1.0,1.8866395748093068,0.8035852148025138,2.8866391899101185,0.8866395748093068,0.8866395748093068,1,2.083053975107605,1.550809598285465,-0.14129800893200556,1.240647678628372
total_comments,exponential_smoothing,182,2,183,1.0,1.8866395748093068,0.3549694101003873,3.3008525928527495,0.8866395748093068,0.8866395748093068,1,2.945883182752362,1.2893735910133888,-0.40273401620408195,0.8595823940089259
total_comments,exponential_smoothing,184,1,184,1.0,1.0611384432703233,0.0,2.0611379100699327,0.06113844327032325,0.06113844327032325,1,2.0611379100699327,0.8816313000266017,0.035577496417866505,0.7053050400212814
total_comments,exponential_smoothing,184,2,185,0.0,1.0611384432703233,0.0,2.4753512515841942,1.0611384432703233,1.0611384432703233,1,2.4753512515841942,0.7238890090398149,0.723889009039815,0.9651853453864199
total_comments,exponential_smoothing,186,1,186,12.0,0.26599746636409605,0.0,1.2659968636415437,-11.734002533635904,11.734002533635904,0,1.2659968636415437,3.435729748746464,-2.4312715180714877,0.9816370710704183
total_comments,exponential_smoothing,186,2,187,2.0,0.26599746636409605,0.0,1.6802101763587833,-1.734002533635904,1.734002533635904,0,1.6802101763587833,3.6475704884531135,-3.0864320451827902,0.972685463587497
total_comments,exponential_smoothing,188,1,188,1.0,3.9411112423312344,2.8206163969911358,4.94081617865869,2.9411112423312344,2.9411112423312344,0,2.1201997816675546,4.3675636882183415,-2.366438845417562,1.1646836501915578
total_comments,exponential_smoothing,188,2,189,2.0,3.9411112423312344,2.356492235482123,5.3549075216568545,1.9411112423312344,1.9411112423312344,0,2.9984152861747315,4.587556887983569,-2.1464456456523346,1.0794251501137808
total_comments,exponential_smoothing,190,1,190,2.0,2.4981810906782327,1.40651271721438,3.4977864140902817,0.4981810906782327,0.4981810906782327,1,2.0912736968759016,1.7786015272441513,0.9116002604261995,1.0163437298538007
total_comments,exponential_smoothing,190,2,191,0.0,2.4981810906782327,0.9543288713118752,3.9118364960678966,2.4981810906782327,2.4981810906782327,0,2.9575076247560217,1.9696461665047336,1.9696461665047336,1.5757169332037868
total_comments,exponential_smoothing,192,1,192,0.0,1.4225246850880575,0.2956390419770867,2.4216329854204584,1.4225246850880575,1.4225246850880575,0,2.1259939434433717,1.5899995271939393,1.5899995271939393,1.5899995271939393
total_comments,exponential_smoothing,192,2,193,0.0,1.4225246850880575,0.0,2.8354771936976704,1.4225246850880575,1.4225246850880575,1,2.8354771936976704,1.460352887883145,1.460352887883145,2.92070577576629
total_comments,exponential_smoothing,194,1,194,1.0,0.44481833697248035,0.0,1.444108881223217,-0.5551816630275197,0.5551816630275197,1,1.444108881223217,1.4746030309704667,1.1970121994567071,5.898412123881867
total_comments,exponential_smoothing,194,2,195,11.0,0.44481833697248035,0.0,1.8580285774030638,-10.55518166302752,10.55518166302752,0,1.8580285774030638,3.4888531740577884,-2.066328488969731,1.1629510580192628
total_comments,exponential_smoothing,196,1,196,0.0,3.65921958615597,2.4298759065750466,4.657681579435209,3.65921958615597,3.65921958615597,0,2.2278056728601627,4.048026899324768,-1.507154763702753,1.3493422997749225
total_comments,exponential_smoothing,196,2,197,1.0,3.65921958615597,1.9206650816749835,5.0712580785655454,2.65921958615597,2.65921958615597,0,3.1505929968905617,4.357200624591745,-1.197981038435775,1.3406771152589985
total_comments,exponential_smoothing,198,1,198,0.0,2.165160111700383,0.878077246506278,3.1278272772394295,2.165160111700383,2.165160111700383,0,2.2497500307331517,4.759695236759962,-0.5178955947537992,1.5865650789199872
total_comments,exponential_smoothing,198,2,199,1.0,2.165160111700383,0.3449500678448576,3.526577073256968,1.165160111700383,1.165160111700383,1,3.1816270054121105,2.4121898489281763,2.4121898489281763,4.824379697856353
total_comments,exponential_smoothing,200,1,200,1.0,1.6755714128204162,0.37420397886910894,2.631730288732385,0.6755714128204162,0.6755714128204162,1,2.257526309863276,1.6662778055942882,1.666277805594288,2.221703740792384
total_comments,exponential_smoothing,200,2,201,2.0,1.6755714128204162,0.0,3.0277842629185354,-0.3244285871795838,0.3244285871795838,1,3.0277842629185354,1.0825800558501915,0.9203657622603995,1.0825800558501915
total_comments,exponential_smoothing,202,1,202,0.0,1.6358249299587464,0.343234613648014,2.5912119975473358,1.6358249299587464,1.6358249299587464,0,2.247977383899322,0.9502462604147823,0.7880319668249903,0.9502462604147823
total_comments,exponential_smoothing,202,2,203,0.0,1.6358249299587464,0.0,2.98694627825839,1.6358249299587464,1.6358249299587464,1,2.98694627825839,1.0679124649793732,0.9056981713895812,1.4238832866391642
total_comments,exponential_smoothing,204,1,204,0.0,1.0972090639166487,0.0,2.0579169609643033,1.0972090639166487,1.0972090639166487,1,2.0579169609643033,1.1733218777534313,1.0111075841636392,2.3466437555068627
total_comments,exponential_smoothing,204,2,205,1.0,1.0972090639166487,0.0,2.4558552014003774,0.09720906391664874,0.09720906391664874,1,2.4558552014003774,1.1165169969376976,1.1165169969376976,4.46606798775079
total_comments,exponential_smoothing,206,1,206,15.0,0.8945558372083179,0.0,1.8594304888742488,-14.105444162791683,14.105444162791683,0,1.8594304888742488,4.233921805145932,-2.8188002762499096,1.058480451286483
total_comments,exponential_smoothing,206,2,207,46.0,0.8945558372083179,0.0,2.2590946555842932,-45.105444162791684,45.105444162791684,0,2.2590946555842932,15.101326613354166,-14.504117549437517,0.9742791363454301
total_comments,exponential_smoothing,208,1,208,11.0,45.999999538064,44.99999952316284,46.999999538064,34.999999538064,34.999999538064,0,2.000000014901161,23.577024231891002,-6.028419930900679,1.2918917387337536
total_comments,exponential_smoothing,208,2,209,54.0,45.999999538064,44.585785954617485,47.414213100437095,-8.000000461935997,8.000000461935997,0,2.82842714581961,25.552722081395842,-8.05272231236384,0.8111975263935188
total_comments,mean,12,1,12,0.0,0.625,0.0,2.9000000000000004,0.625,0.625,1,2.9000000000000004,0.625,0.625,
total_comments,mean,12,2,13,1.0,0.625,0.0,3.842335854398792,-0.375,0.375,1,3.842335854398792,0.5,0.125,1.0
total_comments,mean,14,1,14,0.0,0.75,0.0,2.700000000000001,0.75,0.75,1,2.700000000000001,0.5833333333333334,0.3333333333333333,1.75
total_comments,mean,14,2,15,0.0,0.75,0.0,3.507716446627537,0.75,0.75,1,3.507716446627537,0.625,0.4375,2.5
total_comments,mean,16,1,16,0.0,0.625,0.0,2.5,0.625,0.625,1,2.5,0.625,0.4375,2.5
total_comments,mean,16,2,17,0.0,0.625,0.0,3.2766504294495533,0.625,0.625,1,3.2766504294495533,0.6875,0.6875,
total_comments,mean,18,1,18,2.0,0.375,0.0,2.3000000000000007,-1.625,1.625,1,2.3000000000000007,0.90625,0.09375,1.8125
total_comments,mean,18,2,19,0.0,0.375,0.0,3.0973611075682093,0.375,0.375,1,3.0973611075682093,0.8125,0.0,1.625
total_comments,mean,20,1,20,0.0,0.375,0.0,2.1000000000000014,0.375,0.375,1,2.1000000000000014,0.75,-0.0625,1.5
total_comments,mean,20,2,21,0.0,0.375,0.0,2.8145183950935913,0.375,0.375,1,2.8145183950935913,0.6875,-0.125,1.375
total_comments,mean,22,1,22,0.0,0.25,0.0,2.0,0.25,0.25,1,2.0,0.34375,0.34375,
total_comments,mean,22,2,23,0.0,0.25,0.0,2.7248737341529163,0.25,0.25,1,2.7248737341529163,0.3125,0.3125,
total_comments,mean,24,1,24,0.0,0.25,0.0,2.0,0.25,0.25,1,2.0,0.28125,0.28125,
total_comments,mean,24,2,25,0.0,0.25,0.0,2.7248737341529163,0.25,0.25,1,2.7248737341529163,0.25,0.25,
total_comments,mean,26,1,26,0.0,0.25,0.0,2.0,0.25,0.25,1,2.0,0.25,0.25,
total_comments,mean,26,2,27,0.0,0.25,0.0,2.7248737341529163,0.25,0.25,1,2.7248737341529163,0.25,0.25,
total_comments,mean,28,1,28,0.0,0.0,0.0,2.0,0.0,0.0,1,2.0,0.1875,0.1875,
total_comments,mean,28,2,29,0.0,0.0,0.0,2.8284271247461903,0.0,0.0,1,2.8284271247461903,0.125,0.125,
total_comments,mean,30,1,30,0.0,0.0,0.0,2.0,0.0,0.0,1,2.0,0.0625,0.0625,
total_comments,mean,30,2,31,0.0,0.0,0.0,2.8284271247461903,0.0,0.0,1,2.8284271247461903,0.0,0.0,
total_comments,mean,32,1,32,0.0,0.0,0.0,2.0,0.0,0.0,1,2.0,0.0,0.0,
total_comments,mean,32,2,33,0.0,0.0,0.0,2.8284271247461903,0.0,0.0,1,2.8284271247461903,0.0,0.0,
total_comments,mean,34,1,34,1.0,0.0,0.0,2.0,-1.0,1.0,1,2.0,0.25,-0.25,1.0
total_comments,mean,34,2,35,0.0,0.0,0.0,2.8284271247461903,0.0,0.0,1,2.8284271247461903,0.25,-0.25,1.0
total_comments,mean,36,1,36,0.0,0.125,0.0,2.0,0.125,0.125,1,2.0,0.28125,-0.21875,1.125
total_comments,mean,36,2,37,0.0,0.125,0.0,2.7766504294495533,0.125,0.125,1,2.7766504294495533,0.3125,-0.1875,1.25
total_comments,mean,38,1,38,0.0,0.125,0.0,2.0,0.125,0.125,1,2.0,0.09375,0.09375,
total_comments,mean,38,2,39,0.0,0.125,0.0,2.7766504294495533,0.125,0.125,1,2.7766504294495533,0.125,0.125,
total_comments,mean,40,1,40,0.0,0.125,0.0,2.0,0.125,0.125,1,2.0,0.125,0.125,
total_comments,mean,40,2,41,0.0,0.125,0.0,2.7766504294495533,0.125,0.125,1,2.7766504294495533,0.125,0.125,
total_comments,mean,42,1,42,0.0,0.125,0.0,1.8999999999999986,0.125,0.125,1,1.8999999999999986,0.125,0.125,
total_comments,mean,42,2,43,0.0,0.125,0.0,2.635229073212242,0.125,0.125,1,2.635229073212242,0.125,0.125,
total_comments,mean,44,1,44,0.0,0.0,0.0,1.7000000000000028,0.0,0.0,1,1.7000000000000028,0.09375,0.09375,
total_comments,mean,44,2,45,0.0,0.0,0.0,2.4041630560342657,0.0,0.0,1,2.4041630560342657,0.0625,0.0625,
total_comments,mean,46,1,46,0.0,0.0,0.0,1.5,0.0,0.0,1,1.5,0.03125,0.03125,
total_comments,mean,46,2,47,0.0,0.0,0.0,2.121320343559643,0.0,0.0,1,2.121320343559643,0.0,0.0,
total_comments,mean,48,1,48,0.0,0.0,0.0,1.3000000000000043,0.0,0.0,1,1.3000000000000043,0.0,0.0,
total_comments,mean,48,2,49,0.0,0.0,0.0,1.8384776310850297,0.0,0.0,1,1.8384776310850297,0.0,0.0,
total_comments,mean,50,1,50,1.0,0.0,0.0,1.1000000000000014,-1.0,1.0,1,1.1000000000000014,0.25,-0.25,1.0
total_comments,mean,50,2,51,1.0,0.0,0.0,1.5556349186104066,-1.0,1.0,1,1.5556349186104066,0.5,-0.5,1.0
total_comments,mean,52,1,52,0.0,0.25,0.0,1.0,0.25,0.25,1,1.0,0.5625,-0.4375,1.125
total_comments,mean,52,2,53,0.0,0.25,0.0,1.3106601717798214,0.25,0.25,1,1.3106601717798214,0.625,-0.375,1.25
total_comments,mean,54,1,54,0.0,0.25,0.0,1.0,0.25,0.25,1,1.0,0.4375,-0.0625,1.75
total_comments,mean,54,2,55,0.0,0.25,0.0,1.3106601717798214,0.25,0.25,1,1.3106601717798214,0.25,0.25,
total_comments,mean,56,1,56,0.0,0.25,0.0,1.0,0.25,0.25,1,1.0,0.25,0.25,
total_comments,mean,56,2,57,0.0,0.25,0.0,1.3106601717798214,0.25,0.25,1,1.3106601717798214,0.25,0.25,
total_comments,mean,58,1,58,0.0,0.25,0.0,1.0,0.25,0.25,1,1.0,0.25,0.25,
total_comments,mean,58,2,59,0.0,0.25,0.0,1.3106601717798214,0.25,0.25,1,1.3106601717798214,0.25,0.25,
total_comments,mean,60,1,60,0.0,0.0,0.0,1.0,0.0,0.0,1,1.0,0.1875,0.1875,
total_comments,mean,60,2,61,0.0,0.0,0.0,1.4142135623730951,0.0,0.0,1,1.4142135623730951,0.125,0.125,
total_comments,mean,62,1,62,0.0,0.0,0.0,1.0,0.0,0.0,1,1.0,0.0625,0.0625,
total_comments,mean,62,2,63,1.0,0.0,0.0,1.4142135623730951,-1.0,1.0,1,1.4142135623730951,0.25,-0.25,1.0
total_comments,mean,64,1,64,0.0,0.125,0.0,1.0,0.125,0.125,1,1.0,0.28125,-0.21875,1.125
total_comments,mean,64,2,65,0.0,0.125,0.0,1.3624368670764582,0.125,0.125,1,1.3624368670764582,0.3125,-0.1875,1.25
total_comments,mean,66,1,66,0.0,0.125,0.0,1.0,0.125,0.125,1,1.0,0.34375,-0.15625,1.375
total_comments,mean,66,2,67,0.0,0.125,0.0,1.3624368670764582,0.125,0.125,1,1.3624368670764582,0.125,0.125,
total_comments,mean,68,1,68,0.0,0.125,0.0,1.0,0.125,0.125,1,1.0,0.125,0.125,
total_comments,mean,68,2,69,1.0,0.125,0.0,1.3624368670764582,-0.875,0.875,1,1.3624368670764582,0.3125,-0.125,1.25
total_comments,mean,70,1,70,0.0,0.25,0.0,1.0,0.25,0.25,1,1.0,0.34375,-0.09375,1.375
total_comments,mean,70,2,71,0.0,0.25,0.0,1.3106601717798214,0.25,0.25,1,1.3106601717798214,0.375,-0.0625,1.5
total_comments,mean,72,1,72,1.0,0.125,0.0,1.0,-0.875,0.875,1,1.0,0.5625,-0.3125,1.125
total_comments,mean,72,2,73,0.0,0.125,0.0,1.3624368670764582,0.125,0.125,1,1.3624368670764582,0.375,-0.0625,1.5
total_comments,mean,74,1,74,0.0,0.25,0.0,1.0,0.25,0.25,1,1.0,0.375,-0.0625,1.5
total_comments,mean,74,2,75,1.0,0.25,0.0,1.3106601717798214,-0.75,0.75,1,1.3106601717798214,0.5,-0.3125,1.0
total_comments,mean,76,1,76,1.0,0.375,0.0,1.0,-0.625,0.625,1,1.0,0.4375,-0.25,0.875
total_comments,mean,76,2,77,0.0,0.375,0.0,1.2588834764831844,0.375,0.375,1,1.2588834764831844,0.5,-0.1875,1.0
total_comments,mean,78,1,78,0.0,0.375,0.0,1.0,0.375,0.375,1,1.0,0.53125,-0.15625,1.0625
total_comments,mean,78,2,79,0.0,0.375,0.0,1.2588834764831844,0.375,0.375,1,1.2588834764831844,0.4375,0.125,1.75
total_comments,mean,80,1,80,0.0,0.375,0.0,1.0,0.375,0.375,1,1.0,0.375,0.375,
total_comments,mean,80,2,81,0.0,0.375,0.0,1.2588834764831844,0.375,0.375,1,1.2588834764831844,0.375,0.375,
total_comments,mean,82,1,82,0.0,0.25,0.0,1.0,0.25,0.25,1,1.0,0.34375,0.34375,
total_comments,mean,82,2,83,1.0,0.25,0.0,1.3106601717798214,-0.75,0.75,1,1.3106601717798214,0.4375,0.0625,1.75
total_comments,mean,84,1,84,0.0,0.25,0.0,1.0,0.25,0.25,1,1.0,0.40625,0.03125,1.625
total_comments,mean,84,2,85,0.0,0.25,0.0,1.3106601717798214,0.25,0.25,1,1.3106601717798214,0.375,0.0,1.5
total_comments,mean,86,1,86,0.0,0.125,0.0,1.0,0.125,0.125,1,1.0,0.34375,-0.03125,1.375
total_comments,mean,86,2,87,0.0,0.125,0.0,1.3624368670764582,0.125,0.125,1,1.3624368670764582,0.1875,0.1875,
total_comments,mean,88,1,88,0.0,0.125,0.0,1.0,0.125,0.125,1,1.0,0.15625,0.15625,
total_comments,mean,88,2,89,0.0,0.125,0.0,1.3624368670764582,0.125,0.125,1,1.3624368670764582,0.125,0.125,
total_comments,mean,90,1,90,0.0,0.125,0.0,1.0,0.125,0.125,1,1.0,0.125,0.125,
total_comments,mean,90,2,91,0.0,0.125,0.0,1.3624368670764582,0.125,0.125,1,1.3624368670764582,0.125,0.125,
total_comments,mean,92,1,92,0.0,0.0,0.0,1.0,0.0,0.0,1,1.0,0.09375,0.09375,
total_comments,mean,92,2,93,0.0,0.0,0.0,1.4142135623730951,0.0,0.0,1,1.4142135623730951,0.0625,0.0625,
total_comments,mean,94,1,94,0.0,0.0,0.0,1.0,0.0,0.0,1,1.0,0.03125,0.03125,
total_comments,mean,94,2,95,0.0,0.0,0.0,1.4142135623730951,0.0,0.0,1,1.4142135623730951,0.0,0.0,
total_comments,mean,96,1,96,0.0,0.0,0.0,1.0,0.0,0.0,1,1.0,0.0,0.0,
total_comments,mean,96,2,97,0.0,0.0,0.0,1.4142135623730951,0.0,0.0,1,1.4142135623730951,0.0,0.0,
total_comments,mean,98,1,98,0.0,0.0,0.0,1.0,0.0,0.0,1,1.0,0.0,0.0,
total_comments,mean,98,2,99,0.0,0.0,0.0,1.4142135623730951,0.0,0.0,1,1.4142135623730951,0.0,0.0,
total_comments,mean,100,1,100,0.0,0.0,0.0,1.0,0.0,0.0,1,1.0,0.0,0.0,
total_comments,mean,100,2,101,0.0,0.0,0.0,1.4142135623730951,0.0,0.0,1,1.4142135623730951,0.0,0.0,
total_comments,mean,102,1,102,0.0,0.0,0.0,1.0,0.0,0.0,1,1.0,0.0,0.0,
total_comments,mean,102,2,103,0.0,0.0,0.0,1.4142135623730951,0.0,0.0,1,1.4142135623730951,0.0,0.0,
total_comments,mean,104,1,104,1.0,0.0,0.0,1.0,-1.0,1.0,1,1.0,0.25,-0.25,1.0
total_comments,mean,104,2,105,0.0,0.0,0.0,1.4142135623730951,0.0,0.0,1,1.4142135623730951,0.25,-0.25,1.0
total_comments,mean,106,1,106,0.0,0.125,0.0,1.0,0.125,0.125,1,1.0,0.28125,-0.21875,1.125
total_comments,mean,106,2,107,0.0,0.125,0.0,1.3624368670764582,0.125,0.125,1,1.3624368670764582,0.3125,-0.1875,1.25
total_comments,mean,108,1,108,0.0,0.125,0.0,1.0,0.125,0.125,1,1.0,0.09375,0.09375,
total_comments,mean,108,2,109,0.0,0.125,0.0,1.3624368670764582,0.125,0.125,1,1.3624368670764582,0.125,0.125,
total_comments,mean,110,1,110,0.0,0.125,0.0,1.0,0.125,0.125,1,1.0,0.125,0.125,
total_comments,mean,110,2,111,7.0,0.125,0.0,1.3624368670764582,-6.875,6.875,0,1.3624368670764582,1.8125,-1.625,1.0357142857142858
total_comments,mean,112,1,112,4.0,1.0,0.0,1.0,-3.0,3.0,0,1.0,2.53125,-2.40625,0.9204545454545454
total_comments,mean,112,2,113,8.0,1.0,0.0,1.0,-7.0,7.0,0,1.0,4.25,-4.1875,0.8947368421052632
total_comments,mean,114,1,114,6.0,2.375,0.0,1.0,-3.625,3.625,0,1.0,5.125,-5.125,0.82
total_comments,mean,114,2,115,2.0,2.375,0.0,0.43045635173699415,0.375,0.375,0,0.43045635173699415,3.5,-3.3125,0.7
total_comments,mean,116,1,116,1.0,3.375,0.0,1.0,2.375,2.375,1,1.0,3.34375,-1.96875,0.7867647058823529
total_comments,mean,116,2,117,1.0,3.375,0.0,0.016242789363899224,2.375,2.375,0,0.016242789363899224,2.1875,0.375,0.875
total_comments,mean,118,1,118,0.0,3.625,0.0,1.0,3.625,3.625,1,1.0,2.1875,2.1875,2.1875
total_comments,mean,118,2,119,0.0,3.625,0.0,-0.08731060122937473,3.625,3.625,0,-0.08731060122937473,3.0,3.0,6.0
total_comments,mean,120,1,120,0.0,2.75,0.0,1.0,2.75,2.75,1,1.0,3.09375,3.09375,12.375
total_comments,mean,120,2,121,1.0,2.75,0.0,0.27512626584708366,1.75,1.75,0,0.27512626584708366,2.9375,2.9375,11.75
total_comments,mean,122,1,122,1.0,1.375,0.0,1.0,0.375,0.375,1,1.0,2.125,2.125,4.25
total_comments,mean,122,2,123,1.0,1.375,0.0,0.8446699141100893,0.375,0.375,0,0.8446699141100893,1.3125,1.3125,1.75
total_comments,mean,124,1,124,0.0,0.625,0.0,1.0,0.625,0.625,1,1.0,0.78125,0.78125,1.0416666666666667
total_comments,mean,124,2,125,2.0,0.625,0.0,1.1553300858899107,-1.375,1.375,0,1.1553300858899107,0.6875,0.0,0.6875
total_comments,mean,126,1,126,0.0,0.625,0.0,1.0,0.625,0.625,1,1.0,0.75,0.0625,1.0
total_comments,mean,126,2,127,1.0,0.625,0.0,1.1553300858899107,-0.375,0.375,1,1.1553300858899107,0.75,-0.125,1.0
total_comments,mean,128,1,128,0.0,0.75,0.0,1.0,0.75,0.75,1,1.0,0.78125,-0.09375,1.0416666666666667
total_comments,mean,128,2,129,0.0,0.75,0.0,1.1035533905932737,0.75,0.75,1,1.1035533905932737,0.625,0.4375,2.5
total_comments,mean,130,1,130,0.0,0.625,0.0,1.0,0.625,0.625,1,1.0,0.625,0.4375,2.5
total_comments,mean,130,2,131,0.0,0.625,0.0,1.1553300858899107,0.625,0.625,1,1.1553300858899107,0.6875,0.6875,
total_comments,mean,132,1,132,0.0,0.375,0.0,1.0,0.375,0.375,1,1.0,0.59375,0.59375,
total_comments,mean,132,2,133,1.0,0.375,0.0,1.2588834764831844,-0.625,0.625,1,1.2588834764831844,0.5625,0.25,2.25
total_comments,mean,134,1,134,0.0,0.25,0.0,1.0,0.25,0.25,1,1.0,0.46875,0.15625,1.875
total_comments,mean,134,2,135,0.0,0.25,0.0,1.3106601717798214,0.25,0.25,1,1.3106601717798214,0.375,0.0625,1.5
total_comments,mean,136,1,136,1.0,0.125,0.0,1.0,-0.875,0.875,1,1.0,0.5,-0.25,1.0
total_comments,mean,136,2,137,0.0,0.125,0.0,1.3624368670764582,0.125,0.125,1,1.3624368670764582,0.375,-0.0625,1.5
total_comments,mean,138,1,138,0.0,0.25,0.0,1.0,0.25,0.25,1,1.0,0.375,-0.0625,1.5
total_comments,mean,138,2,139,1.0,0.25,0.0,1.3106601717798214,-0.75,0.75,1,1.3106601717798214,0.5,-0.3125,1.0
total_comments,mean,140,1,140,0.0,0.375,0.0,1.0,0.375,0.375,1,1.0,0.375,0.0,1.5
total_comments,mean,140,2,141,1.0,0.375,0.0,1.2588834764831844,-0.625,0.625,1,1.2588834764831844,0.5,-0.1875,1.0
total_comments,mean,142,1,142,2.0,0.375,0.0,1.0,-1.625,1.625,0,1.0,0.84375,-0.65625,0.84375
total_comments,mean,142,2,143,0.0,0.375,0.0,1.2588834764831844,0.375,0.375,1,1.2588834764831844,0.75,-0.375,1.0
total_comments,mean,144,1,144,1.0,0.625,0.0,1.0,-0.375,0.375,1,1.0,0.75,-0.5625,0.75
total_comments,mean,144,2,145,2.0,0.625,0.0,1.1553300858899107,-1.375,1.375,0,1.1553300858899107,0.9375,-0.75,0.75
total_comments,mean,146,1,146,3.0,0.875,0.0,1.0,-2.125,2.125,0,1.0,1.0625,-0.875,0.7083333333333334
total_comments,mean,146,2,147,1.0,0.875,0.0,1.051776695296637,-0.125,0.125,1,1.051776695296637,1.0,-1.0,0.5714285714285714
total_comments,mean,148,1,148,2.0,1.25,0.0,1.0,-0.75,0.75,0,1.0,1.09375,-1.09375,0.546875
total_comments,mean,148,2,149,1.0,1.25,0.0,0.8964466094067263,0.25,0.25,0,0.8964466094067263,0.8125,-0.6875,0.4642857142857143
total_comments,mean,150,1,150,0.0,1.5,0.0,1.0999999999999943,1.5,1.5,1,1.0999999999999943,0.65625,0.21875,0.65625
total_comments,mean,150,2,151,1.0,1.5,0.0,0.9343145750507539,0.5,0.5,0,0.9343145750507539,0.75,0.375,0.75
total_comments,mean,152,1,152,2.0,1.375,0.0,1.0,-0.625,0.625,0,1.0,0.71875,0.40625,0.71875
total_comments,mean,152,2,153,1.0,1.375,0.0,0.8446699141100893,0.375,0.375,0,0.8446699141100893,0.75,0.4375,0.75
total_comments,mean,154,1,154,0.0,1.375,0.0,1.700000000000017,1.375,1.375,1,1.700000000000017,0.71875,0.40625,0.71875
total_comments,mean,154,2,155,3.0,1.375,0.0,1.83461940777128,-1.625,1.625,0,1.83461940777128,1.0,-0.125,0.6666666666666666
total_comments,mean,156,1,156,1.0,1.25,0.0,2.0,0.25,0.25,1,2.0,0.90625,0.09375,0.725
total_comments,mean,156,2,157,1.0,1.25,0.0,2.3106601717798214,0.25,0.25,1,2.3106601717798214,0.875,0.0625,0.7
total_comments,mean,158,1,158,0.0,1.125,0.0,2.0,1.125,1.125,1,2.0,0.8125,0.0,0.65
total_comments,mean,158,2,159,0.0,1.125,0.0,2.3624368670764584,1.125,1.125,1,2.3624368670764584,0.6875,0.6875,1.375
total_comments,mean,160,1,160,1.0,1.0,0.0,2.0,0.0,0.0,1,2.0,0.625,0.625,1.25
total_comments,mean,160,2,161,3.0,1.0,0.0,2.414213562373095,-2.0,2.0,0,2.414213562373095,1.0625,0.0625,1.0625
total_comments,mean,162,1,162,2.0,1.125,0.0,2.0,-0.875,0.875,1,2.0,1.0,-0.4375,0.6666666666666666
total_comments,mean,162,2,163,0.0,1.125,0.0,2.3624368670764584,1.125,1.125,1,2.3624368670764584,1.0,-0.4375,0.6666666666666666
total_comments,mean,164,1,164,0.0,1.0,0.0,2.0,1.0,1.0,1,2.0,1.25,-0.1875,1.0
total_comments,mean,164,2,165,0.0,1.0,0.0,2.414213562373095,1.0,1.0,1,2.414213562373095,1.0,0.5625,2.0
total_comments,mean,166,1,166,0.0,0.75,0.0,2.0,0.75,0.75,1,2.0,0.96875,0.96875,
total_comments,mean,166,2,167,0.0,0.75,0.0,2.517766952966369,0.75,0.75,1,2.517766952966369,0.875,0.875,
total_comments,mean,168,1,168,0.0,0.75,0.0,2.0,0.75,0.75,1,2.0,0.8125,0.8125,
total_comments,mean,168,2,169,0.0,0.75,0.0,2.517766952966369,0.75,0.75,1,2.517766952966369,0.75,0.75,
total_comments,mean,170,1,170,0.0,0.25,0.0,2.0,0.25,0.25,1,2.0,0.625,0.625,
total_comments,mean,170,2,171,0.0,0.25,0.0,2.7248737341529163,0.25,0.25,1,2.7248737341529163,0.5,0.5,
total_comments,mean,172,1,172,0.0,0.0,0.0,2.0,0.0,0.0,1,2.0,0.3125,0.3125,
total_comments,mean,172,2,173,0.0,0.0,0.0,2.8284271247461903,0.0,0.0,1,2.8284271247461903,0.125,0.125,
total_comments,mean,174,1,174,1.0,0.0,0.0,2.0,-1.0,1.0,1,2.0,0.3125,-0.1875,1.25
total_comments,mean,174,2,175,1.0,0.0,0.0,2.8284271247461903,-1.0,1.0,1,2.8284271247461903,0.5,-0.5,1.0
total_comments,mean,176,1,176,2.0,0.25,0.0,2.0,-1.75,1.75,1,2.0,0.9375,-0.9375,0.9375
total_comments,mean,176,2,177,2.0,0.25,0.0,2.7248737341529163,-1.75,1.75,1,2.7248737341529163,1.375,-1.375,0.9166666666666666
total_comments,mean,178,1,178,1.0,0.75,0.0,2.0,-0.25,0.25,1,2.0,1.1875,-1.1875,0.7916666666666666
total_comments,mean,178,2,179,0.0,0.75,0.0,2.517766952966369,0.75,0.75,1,2.517766952966369,1.125,-0.75,0.9
total_comments,mean,180,1,180,2.0,0.875,0.0,2.0,-1.125,1.125,1,2.0,0.96875,-0.59375,0.775
total_comments,mean,180,2,181,2.0,0.875,0.0,2.4659902576697323,-1.125,1.125,1,2.4659902576697323,0.8125,-0.4375,0.65
total_comments,mean,182,1,182,1.0,1.375,0.0,2.0,0.375,0.375,1,2.0,0.84375,-0.28125,0.675
total_comments,mean,182,2,183,1.0,1.375,0.0,2.2588834764831844,0.375,0.375,1,2.2588834764831844,0.75,-0.375,0.5
total_comments,mean,184,1,184,1.0,1.375,0.0,2.0,0.375,0.375,1,2.0,0.5625,0.0,0.45
total_comments,mean,184,2,185,0.0,1.375,0.0,2.2588834764831844,1.375,1.375,1,2.2588834764831844,0.625,0.625,0.8333333333333334
total_comments,mean,186,1,186,12.0,1.0,0.0,2.0,-11.0,11.0,0,2.0,3.28125,-2.21875,0.9375
total_comments,mean,186,2,187,2.0,1.0,0.0,2.414213562373095,-1.0,1.0,1,2.414213562373095,3.4375,-2.5625,0.9166666666666666
total_comments,mean,188,1,188,1.0,2.625,0.0,2.0,1.625,1.625,1,2.0,3.75,-2.25,1.0
total_comments,mean,188,2,189,2.0,2.625,0.0,1.7411165235168156,0.625,0.625,0,1.7411165235168156,3.5625,-2.4375,0.8382352941176471
total_comments,mean,190,1,190,2.0,2.5,0.0,2.0,0.5,0.5,1,2.0,0.9375,0.4375,0.5357142857142857
total_comments,mean,190,2,191,0.0,2.5,0.0,1.7928932188134525,2.5,2.5,1,1.7928932188134525,1.3125,1.3125,1.05
total_comments,mean,192,1,192,0.0,2.5,0.0,2.0,2.5,2.5,1,2.0,1.53125,1.53125,1.53125
total_comments,mean,192,2,193,0.0,2.5,0.0,1.7928932188134525,2.5,2.5,1,1.7928932188134525,2.0,2.0,4.0
total_comments,mean,194,1,194,1.0,2.375,0.0,2.0,1.375,1.375,1,2.0,2.21875,2.21875,8.875
total_comments,mean,194,2,195,11.0,2.375,0.0,1.8446699141100893,-8.625,8.625,0,1.8446699141100893,3.75,-0.5625,1.25
total_comments,mean,196,1,196,0.0,2.125,0.0,2.0,2.125,2.125,1,2.0,3.65625,-0.65625,1.21875
total_comments,mean,196,2,197,1.0,2.125,0.0,1.948223304703363,1.125,1.125,1,1.948223304703363,3.3125,-1.0,1.0192307692307692
total_comments,mean,198,1,198,0.0,1.875,0.0,2.0,1.875,1.875,1,2.0,3.4375,-0.875,1.1458333333333333
total_comments,mean,198,2,199,1.0,1.875,0.0,2.051776695296637,0.875,0.875,1,2.051776695296637,1.5,1.5,3.0
total_comments,mean,200,1,200,1.0,1.75,0.0,2.0,0.75,0.75,1,2.0,1.15625,1.15625,1.5416666666666667
total_comments,mean,200,2,201,2.0,1.75,0.0,2.103553390593274,-0.25,0.25,1,2.103553390593274,0.9375,0.8125,0.9375
total_comments,mean,202,1,202,0.0,2.125,0.0,2.0,2.125,2.125,1,2.0,1.0,0.875,1.0
total_comments,mean,202,2,203,0.0,2.125,0.0,1.948223304703363,2.125,2.125,1,1.948223304703363,1.3125,1.1875,1.75
total_comments,mean,204,1,204,0.0,0.625,0.0,2.0,0.625,0.625,1,2.0,1.28125,1.15625,2.5625
total_comments,mean,204,2,205,1.0,0.625,0.0,2.569543648263006,-0.375,0.375,1,2.569543648263006,1.3125,1.125,5.25
total_comments,mean,206,1,206,15.0,0.625,0.0,2.0,-14.375,14.375,0,2.0,4.375,-3.0,1.09375
total_comments,mean,206,2,207,46.0,0.625,0.0,2.569543648263006,-45.375,45.375,0,2.569543648263006,15.1875,-14.875,0.9798387096774194
total_comments,mean,208,1,208,11.0,8.125,0.0,2.0,-2.875,2.875,0,2.0,15.75,-15.75,0.863013698630137
total_comments,mean,208,2,209,54.0,8.125,0.0,-0.5370580695352078,-45.875,45.875,0,-0.5370580695352078,27.125,-27.125,0.8611111111111112
total_comments,naive,12,1,12,0.0,2.0,0.0,4.0,2.0,2.0,1,4.0,2.0,2.0,
total_comments,naive,12,2,13,1.0,2.0,0.0,4.82842712474619,1.0,1.0,1,4.82842712474619,1.5,1.5,3.0
total_comments,naive,14,1,14,0.0,1.0,0.0,2.8000000000000007,1.0,1.0,1,2.8000000000000007,1.3333333333333333,1.3333333333333333,4.0
total_comments,naive,14,2,15,0.0,1.0,0.0,3.5455844122715723,1.0,1.0,1,3.5455844122715723,1.25,1.25,5.0
total_comments,naive,16,1,16,0.0,0.0,0.0,1.5999999999999996,0.0,0.0,1,1.5999999999999996,0.75,0.75,3.0
total_comments,naive,16,2,17,0.0,0.0,0.0,2.2627416997969516,0.0,0.0,1,2.2627416997969516,0.5,0.5,
total_comments,naive,18,1,18,2.0,0.0,0.0,1.4000000000000004,-2.0,2.0,0,1.4000000000000004,0.75,-0.25,1.5
total_comments,naive,18,2,19,0.0,0.0,0.0,1.9798989873223336,0.0,0.0,1,1.9798989873223336,0.5,-0.5,1.0
total_comments,naive,20,1,20,0.0,0.0,0.0,2.0,0.0,0.0,1,2.0,0.5,-0.5,1.0
total_comments,naive,20,2,21,0.0,0.0,0.0,2.8284271247461903,0.0,0.0,1,2.8284271247461903,0.5,-0.5,1.0
total_comments,naive,22,1,22,0.0,0.0,0.0,2.0,0.0,0.0,1,2.0,0.0,0.0,
total_comments,naive,22,2,23,0.0,0.0,0.0,2.8284271247461903,0.0,0.0,1,2.8284271247461903,0.0,0.0,
total_comments,naive,24,1,24,0.0,0.0,0.0,1.8000000000000007,0.0,0.0,1,1.8000000000000007,0.0,0.0,
total_comments,naive,24,2,25,0.0,0.0,0.0,2.5455844122715723,0.0,0.0,1,2.5455844122715723,0.0,0.0,
total_comments,naive,26,1,26,0.0,0.0,0.0,1.6000000000000014,0.0,0.0,1,1.6000000000000014,0.0,0.0,
total_comments,naive,26,2,27,0.0,0.0,0.0,2.2627416997969543,0.0,0.0,1,2.2627416997969543,0.0,0.0,
total_comments,naive,28,1,28,0.0,0.0,0.0,1.4000000000000021,0.0,0.0,1,1.4000000000000021,0.0,0.0,
total_comments,naive,28,2,29,0.0,0.0,0.0,1.9798989873223363,0.0,0.0,1,1.9798989873223363,0.0,0.0,
total_comments,naive,30,1,30,0.0,0.0,0.0,1.1999999999999993,0.0,0.0,1,1.1999999999999993,0.0,0.0,
total_comments,naive,30,2,31,0.0,0.0,0.0,1.6970562748477132,0.0,0.0,1,1.6970562748477132,0.0,0.0,
total_comments,naive,32,1,32,0.0,0.0,0.0,1.0,0.0,0.0,1,1.0,0.0,0.0,
total_comments,naive,32,2,33,0.0,0.0,0.0,1.4142135623730951,0.0,0.0,1,1.4142135623730951,0.0,0.0,
total_comments,naive,34,1,34,1.0,0.0,0.0,1.0,-1.0,1.0,1,1.0,0.25,-0.25,1.0
total_comments,naive,34,2,35,0.0,0.0,0.0,1.4142135623730951,0.0,0.0,1,1.4142135623730951,0.25,-0.25,1.0
total_comments,naive,36,1,36,0.0,0.0,0.0,1.0,0.0,0.0,1,1.0,0.25,-0.25,1.0
total_comments,naive,36,2,37,0.0,0.0,0.0,1.4142135623730951,0.0,0.0,1,1.4142135623730951,0.25,-0.25,1.0
total_comments,naive,38,1,38,0.0,0.0,0.0,1.0,0.0,0.0,1,1.0,0.0,0.0,
total_comments,naive,38,2,39,0.0,0.0,0.0,1.4142135623730951,0.0,0.0,1,1.4142135623730951,0.0,0.0,
total_comments,naive,40,1,40,0.0,0.0,0.0,1.0,0.0,0.0,1,1.0,0.0,0.0,
total_comments,naive,40,2,41,0.0,0.0,0.0,1.4142135623730951,0.0,0.0,1,1.4142135623730951,0.0,0.0,
total_comments,naive,42,1,42,0.0,0.0,0.0,1.0,0.0,0.0,1,1.0,0.0,0.0,
total_comments,naive,42,2,43,0.0,0.0,0.0,1.4142135623730951,0.0,0.0,1,1.4142135623730951,0.0,0.0,
total_comments,naive,44,1,44,0.0,0.0,0.0,1.0,0.0,0.0,1,1.0,0.0,0.0,
total_comments,naive,44,2,45,0.0,0.0,0.0,1.4142135623730951,0.0,0.0,1,1.4142135623730951,0.0,0.0,
total_comments,naive,46,1,46,0.0,0.0,0.0,1.0,0.0,0.0,1,1.0,0.0,0.0,
total_comments,naive,46,2,47,0.0,0.0,0.0,1.4142135623730951,0.0,0.0,1,1.4142135623730951,0.0,0.0,
total_comments,naive,48,1,48,0.0,0.0,0.0,1.0,0.0,0.0,1,1.0,0.0,0.0,
total_comments,naive,48,2,49,0.0,0.0,0.0,1.4142135623730951,0.0,0.0,1,1.4142135623730951,0.0,0.0,
total_comments,naive,50,1,50,1.0,0.0,0.0,1.0,-1.0,1.0,1,1.0,0.25,-0.25,1.0
total_comments,naive,50,2,51,1.0,0.0,0.0,1.4142135623730951,-1.0,1.0,1,1.4142135623730951,0.5,-0.5,1.0
total_comments,naive,52,1,52,0.0,1.0,0.0,2.0,1.0,1.0,1,2.0,0.75,-0.25,1.5
total_comments,naive,52,2,53,0.0,1.0,0.0,2.414213562373095,1.0,1.0,1,2.414213562373095,1.0,0.0,2.0
total_comments,naive,54,1,54,0.0,0.0,0.0,1.0,0.0,0.0,1,1.0,0.75,0.25,3.0
total_comments,naive,54,2,55,0.0,0.0,0.0,1.4142135623730951,0.0,0.0,1,1.4142135623730951,0.5,0.5,
total_comments,naive,56,1,56,0.0,0.0,0.0,1.0,0.0,0.0,1,1.0,0.25,0.25,
total_comments,naive,56,2,57,0.0,0.0,0.0,1.4142135623730951,0.0,0.0,1,1.4142135623730951,0.0,0.0,
total_comments,naive,58,1,58,0.0,0.0,0.0,1.0,0.0,0.0,1,1.0,0.0,0.0,
total_comments,naive,58,2,59,0.0,0.0,0.0,1.4142135623730951,0.0,0.0,1,1.4142135623730951,0.0,0.0,
total_comments,naive,60,1,60,0.0,0.0,0.0,1.0,0.0,0.0,1,1.0,0.0,0.0,
total_comments,naive,60,2,61,0.0,0.0,0.0,1.4142135623730951,0.0,0.0,1,1.4142135623730951,0.0,0.0,
total_comments,naive,62,1,62,0.0,0.0,0.0,1.0,0.0,0.0,1,1.0,0.0,0.0,
total_comments,naive,62,2,63,1.0,0.0,0.0,1.4142135623730951,-1.0,1.0,1,1.4142135623730951,0.25,-0.25,1.0
total_comments,naive,64,1,64,0.0,1.0,0.0,2.0,1.0,1.0,1,2.0,0.5,0.0,2.0
total_comments,naive,64,2,65,0.0,1.0,0.0,2.414213562373095,1.0,1.0,1,2.414213562373095,0.75,0.25,3.0
total_comments,naive,66,1,66,0.0,0.0,0.0,1.0,0.0,0.0,1,1.0,0.75,0.25,3.0
total_comments,naive,66,2,67,0.0,0.0,0.0,1.4142135623730951,0.0,0.0,1,1.4142135623730951,0.5,0.5,
total_comments,naive,68,1,68,0.0,0.0,0.0,1.0,0.0,0.0,1,1.0,0.25,0.25,
total_comments,naive,68,2,69,1.0,0.0,0.0,1.4142135623730951,-1.0,1.0,1,1.4142135623730951,0.25,-0.25,1.0
total_comments,naive,70,1,70,0.0,1.0,0.0,2.0,1.0,1.0,1,2.0,0.5,0.0,2.0
total_comments,naive,70,2,71,0.0,1.0,0.0,2.414213562373095,1.0,1.0,1,2.414213562373095,0.75,0.25,3.0
total_comments,naive,72,1,72,1.0,0.0,0.0,1.0,-1.0,1.0,1,1.0,1.0,0.0,2.0
total_comments,naive,72,2,73,0.0,0.0,0.0,1.4142135623730951,0.0,0.0,1,1.4142135623730951,0.75,0.25,3.0
total_comments,naive,74,1,74,0.0,0.0,0.0,1.0,0.0,0.0,1,1.0,0.5,0.0,2.0
total_comments,naive,74,2,75,1.0,0.0,0.0,1.4142135623730951,-1.0,1.0,1,1.4142135623730951,0.5,-0.5,1.0
total_comments,naive,76,1,76,1.0,1.0,0.0,2.0,0.0,0.0,1,2.0,0.25,-0.25,0.5
total_comments,naive,76,2,77,0.0,1.0,0.0,2.414213562373095,1.0,1.0,1,2.414213562373095,0.5,0.0,1.0
total_comments,naive,78,1,78,0.0,0.0,0.0,1.0,0.0,0.0,1,1.0,0.5,0.0,1.0
total_comments,naive,78,2,79,0.0,0.0,0.0,1.4142135623730951,0.0,0.0,1,1.4142135623730951,0.25,0.25,1.0
total_comments,naive,80,1,80,0.0,0.0,0.0,1.0,0.0,0.0,1,1.0,0.25,0.25,
total_comments,naive,80,2,81,0.0,0.0,0.0,1.4142135623730951,0.0,0.0,1,1.4142135623730951,0.0,0.0,
total_comments,naive,82,1,82,0.0,0.0,0.0,1.0,0.0,0.0,1,1.0,0.0,0.0,
total_comments,naive,82,2,83,1.0,0.0,0.0,1.4142135623730951,-1.0,1.0,1,1.4142135623730951,0.25,-0.25,1.0
total_comments,naive,84,1,84,0.0,1.0,0.0,2.0,1.0,1.0,1,2.0,0.5,0.0,2.0
total_comments,naive,84,2,85,0.0,1.0,0.0,2.414213562373095,1.0,1.0,1,2.414213562373095,0.75,0.25,3.0
total_comments,naive,86,1,86,0.0,0.0,0.0,1.0,0.0,0.0,1,1.0,0.75,0.25,3.0
total_comments,naive,86,2,87,0.0,0.0,0.0,1.4142135623730951,0.0,0.0,1,1.4142135623730951,0.5,0.5,
total_comments,naive,88,1,88,0.0,0.0,0.0,1.0,0.0,0.0,1,1.0,0.25,0.25,
total_comments,naive,88,2,89,0.0,0.0,0.0,1.4142135623730951,0.0,0.0,1,1.4142135623730951,0.0,0.0,
total_comments,naive,90,1,90,0.0,0.0,0.0,1.0,0.0,0.0,1,1.0,0.0,0.0,
total_comments,naive,90,2,91,0.0,0.0,0.0,1.4142135623730951,0.0,0.0,1,1.4142135623730951,0.0,0.0,
total_comments,naive,92,1,92,0.0,0.0,0.0,1.0,0.0,0.0,1,1.0,0.0,0.0,
total_comments,naive,92,2,93,0.0,0.0,0.0,1.4142135623730951,0.0,0.0,1,1.4142135623730951,0.0,0.0,
total_comments,naive,94,1,94,0.0,0.0,0.0,1.0,0.0,0.0,1,1.0,0.0,0.0,
total_comments,naive,94,2,95,0.0,0.0,0.0,1.4142135623730951,0.0,0.0,1,1.4142135623730951,0.0,0.0,
total_comments,naive,96,1,96,0.0,0.0,0.0,1.0,0.0,0.0,1,1.0,0.0,0.0,
total_comments,naive,96,2,97,0.0,0.0,0.0,1.4142135623730951,0.0,0.0,1,1.4142135623730951,0.0,0.0,
total_comments,naive,98,1,98,0.0,0.0,0.0,1.0,0.0,0.0,1,1.0,0.0,0.0,
total_comments,naive,98,2,99,0.0,0.0,0.0,1.4142135623730951,0.0,0.0,1,1.4142135623730951,0.0,0.0,
total_comments,naive,100,1,100,0.0,0.0,0.0,1.0,0.0,0.0,1,1.0,0.0,0.0,
total_comments,naive,100,2,101,0.0,0.0,0.0,1.4142135623730951,0.0,0.0,1,1.4142135623730951,0.0,0.0,
total_comments,naive,102,1,102,0.0,0.0,0.0,1.0,0.0,0.0,1,1.0,0.0,0.0,
total_comments,naive,102,2,103,0.0,0.0,0.0,1.4142135623730951,0.0,0.0,1,1.4142135623730951,0.0,0.0,
total_comments,naive,104,1,104,1.0,0.0,0.0,1.0,-1.0,1.0,1,1.0,0.25,-0.25,1.0
total_comments,naive,104,2,105,0.0,0.0,0.0,1.4142135623730951,0.0,0.0,1,1.4142135623730951,0.25,-0.25,1.0
total_comments,naive,106,1,106,0.0,0.0,0.0,1.0,0.0,0.0,1,1.0,0.25,-0.25,1.0
total_comments,naive,106,2,107,0.0,0.0,0.0,1.4142135623730951,0.0,0.0,1,1.4142135623730951,0.25,-0.25,1.0
total_comments,naive,108,1,108,0.0,0.0,0.0,1.0,0.0,0.0,1,1.0,0.0,0.0,
total_comments,naive,108,2,109,0.0,0.0,0.0,1.4142135623730951,0.0,0.0,1,1.4142135623730951,0.0,0.0,
total_comments,naive,110,1,110,0.0,0.0,0.0,1.0,0.0,0.0,1,1.0,0.0,0.0,
total_comments,naive,110,2,111,7.0,0.0,0.0,1.4142135623730951,-7.0,7.0,0,1.4142135623730951,1.75,-1.75,1.0
total_comments,naive,112,1,112,4.0,7.0,6.0,8.0,3.0,3.0,0,2.0,2.5,-1.0,0.9090909090909091
total_comments,naive,112,2,113,8.0,7.0,5.585786437626905,8.414213562373096,-1.0,1.0,1,2.8284271247461907,2.75,-1.25,0.5789473684210527
total_comments,naive,114,1,114,6.0,8.0,7.0,9.0,2.0,2.0,0,2.0,3.25,-0.75,0.52
total_comments,naive,114,2,115,2.0,8.0,6.585786437626905,9.414213562373096,6.0,6.0,0,2.8284271247461907,3.0,2.5,0.6
total_comments,naive,116,1,116,1.0,2.0,1.0,3.0,1.0,1.0,1,2.0,2.5,2.0,0.5882352941176471
total_comments,naive,116,2,117,1.0,2.0,0.5857864376269049,3.414213562373095,1.0,1.0,1,2.82842712474619,2.5,2.5,1.0
total_comments,naive,118,1,118,0.0,1.0,0.0,2.0,1.0,1.0,1,2.0,2.25,2.25,2.25
total_comments,naive,118,2,119,0.0,1.0,0.0,2.414213562373095,1.0,1.0,1,2.414213562373095,1.0,1.0,2.0
total_comments,naive,120,1,120,0.0,0.0,0.0,1.0,0.0,0.0,1,1.0,0.75,0.75,3.0
total_comments,naive,120,2,121,1.0,0.0,0.0,1.4142135623730951,-1.0,1.0,1,1.4142135623730951,0.75,0.25,3.0
total_comments,naive,122,1,122,1.0,1.0,0.0,2.0,0.0,0.0,1,2.0,0.5,0.0,1.0
total_comments,naive,122,2,123,1.0,1.0,0.0,2.414213562373095,0.0,0.0,1,2.414213562373095,0.25,-0.25,0.3333333333333333
total_comments,naive,124,1,124,0.0,1.0,0.0,2.0,1.0,1.0,1,2.0,0.5,0.0,0.6666666666666666
total_comments,naive,124,2,125,2.0,1.0,0.0,2.414213562373095,-1.0,1.0,1,2.414213562373095,0.5,0.0,0.5
total_comments,naive,126,1,126,0.0,2.0,1.0,3.0,2.0,2.0,0,2.0,1.0,0.5,1.3333333333333333
total_comments,naive,126,2,127,1.0,2.0,0.5857864376269049,3.414213562373095,1.0,1.0,1,2.82842712474619,1.25,0.75,1.6666666666666667
total_comments,naive,128,1,128,0.0,1.0,0.0,2.0,1.0,1.0,1,2.0,1.25,0.75,1.6666666666666667
total_comments,naive,128,2,129,0.0,1.0,0.0,2.414213562373095,1.0,1.0,1,2.414213562373095,1.25,1.25,5.0
total_comments,naive,130,1,130,0.0,0.0,0.0,1.0,0.0,0.0,1,1.0,0.75,0.75,3.0
total_comments,naive,130,2,131,0.0,0.0,0.0,1.4142135623730951,0.0,0.0,1,1.4142135623730951,0.5,0.5,
total_comments,naive,132,1,132,0.0,0.0,0.0,1.0,0.0,0.0,1,1.0,0.25,0.25,
total_comments,naive,132,2,133,1.0,0.0,0.0,1.4142135623730951,-1.0,1.0,1,1.4142135623730951,0.25,-0.25,1.0
total_comments,naive,134,1,134,0.0,1.0,0.0,2.0,1.0,1.0,1,2.0,0.5,0.0,2.0
total_comments,naive,134,2,135,0.0,1.0,0.0,2.414213562373095,1.0,1.0,1,2.414213562373095,0.75,0.25,3.0
total_comments,naive,136,1,136,1.0,0.0,0.0,1.0,-1.0,1.0,1,1.0,1.0,0.0,2.0
total_comments,naive,136,2,137,0.0,0.0,0.0,1.4142135623730951,0.0,0.0,1,1.4142135623730951,0.75,0.25,3.0
total_comments,naive,138,1,138,0.0,0.0,0.0,1.0,0.0,0.0,1,1.0,0.5,0.0,2.0
total_comments,naive,138,2,139,1.0,0.0,0.0,1.4142135623730951,-1.0,1.0,1,1.4142135623730951,0.5,-0.5,1.0
total_comments,naive,140,1,140,0.0,1.0,0.0,2.0,1.0,1.0,1,2.0,0.5,0.0,2.0
total_comments,naive,140,2,141,1.0,1.0,0.0,2.414213562373095,0.0,0.0,1,2.414213562373095,0.5,0.0,1.0
total_comments,naive,142,1,142,2.0,1.0,0.0,2.0,-1.0,1.0,1,2.0,0.75,-0.25,0.75
total_comments,naive,142,2,143,0.0,1.0,0.0,2.414213562373095,1.0,1.0,1,2.414213562373095,0.75,0.25,1.0
total_comments,naive,144,1,144,1.0,0.0,0.0,1.0,-1.0,1.0,1,1.0,0.75,-0.25,0.75
total_comments,naive,144,2,145,2.0,0.0,0.0,1.4142135623730951,-2.0,2.0,0,1.4142135623730951,1.25,-0.75,1.0
total_comments,naive,146,1,146,3.0,2.0,1.0,3.0,-1.0,1.0,1,2.0,1.25,-0.75,0.8333333333333334
total_comments,naive,146,2,147,1.0,2.0,0.5857864376269049,3.414213562373095,1.0,1.0,1,2.82842712474619,1.25,-0.75,0.7142857142857143
total_comments,naive,148,1,148,2.0,1.0,0.0,2.0,-1.0,1.0,1,2.0,1.25,-0.75,0.625
total_comments,naive,148,2,149,1.0,1.0,0.0,2.414213562373095,0.0,0.0,1,2.414213562373095,0.75,-0.25,0.42857142857142855
total_comments,naive,150,1,150,0.0,1.0,0.0,2.0,1.0,1.0,1,2.0,0.75,0.25,0.75
total_comments,naive,150,2,151,1.0,1.0,0.0,2.414213562373095,0.0,0.0,1,2.414213562373095,0.5,0.0,0.5
total_comments,naive,152,1,152,2.0,1.0,0.0,2.0,-1.0,1.0,1,2.0,0.5,0.0,0.5
total_comments,naive,152,2,153,1.0,1.0,0.0,2.414213562373095,0.0,0.0,1,2.414213562373095,0.5,0.0,0.5
total_comments,naive,154,1,154,0.0,1.0,0.0,2.0,1.0,1.0,1,2.0,0.5,0.0,0.5
total_comments,naive,154,2,155,3.0,1.0,0.0,2.414213562373095,-2.0,2.0,0,2.414213562373095,1.0,-0.5,0.6666666666666666
total_comments,naive,156,1,156,1.0,3.0,2.0,4.0,2.0,2.0,0,2.0,1.25,0.25,1.0
total_comments,naive,156,2,157,1.0,3.0,1.5857864376269049,4.414213562373095,2.0,2.0,0,2.82842712474619,1.75,0.75,1.4
total_comments,naive,158,1,158,0.0,1.0,0.0,2.0,1.0,1.0,1,2.0,1.75,0.75,1.4
total_comments,naive,158,2,159,0.0,1.0,0.0,2.414213562373095,1.0,1.0,1,2.414213562373095,1.5,1.5,3.0
total_comments,naive,160,1,160,1.0,0.0,0.0,1.0,-1.0,1.0,1,1.0,1.25,0.75,2.5
total_comments,naive,160,2,161,3.0,0.0,0.0,1.4142135623730951,-3.0,3.0,0,1.4142135623730951,1.5,-0.5,1.5
total_comments,naive,162,1,162,2.0,3.0,2.0,4.0,1.0,1.0,1,2.0,1.5,-0.5,1.0
total_comments,naive,162,2,163,0.0,3.0,1.5857864376269049,4.414213562373095,3.0,3.0,0,2.82842712474619,2.0,0.0,1.3333333333333333
total_comments,naive,164,1,164,0.0,0.0,0.0,1.0,0.0,0.0,1,1.0,1.75,0.25,1.4
total_comments,naive,164,2,165,0.0,0.0,0.0,1.4142135623730951,0.0,0.0,1,1.4142135623730951,1.0,1.0,2.0
total_comments,naive,166,1,166,0.0,0.0,0.0,1.0,0.0,0.0,1,1.0,0.75,0.75,
total_comments,naive,166,2,167,0.0,0.0,0.0,1.4142135623730951,0.0,0.0,1,1.4142135623730951,0.0,0.0,
total_comments,naive,168,1,168,0.0,0.0,0.0,1.0,0.0,0.0,1,1.0,0.0,0.0,
total_comments,naive,168,2,169,0.0,0.0,0.0,1.4142135623730951,0.0,0.0,1,1.4142135623730951,0.0,0.0,
total_comments,naive,170,1,170,0.0,0.0,0.0,1.0,0.0,0.0,1,1.0,0.0,0.0,
total_comments,naive,170,2,171,0.0,0.0,0.0,1.4142135623730951,0.0,0.0,1,1.4142135623730951,0.0,0.0,
total_comments,naive,172,1,172,0.0,0.0,0.0,1.0,0.0,0.0,1,1.0,0.0,0.0,
total_comments,naive,172,2,173,0.0,0.0,0.0,1.4142135623730951,0.0,0.0,1,1.4142135623730951,0.0,0.0,
total_comments,naive,174,1,174,1.0,0.0,0.0,1.0,-1.0,1.0,1,1.0,0.25,-0.25,1.0
total_comments,naive,174,2,175,1.0,0.0,0.0,1.4142135623730951,-1.0,1.0,1,1.4142135623730951,0.5,-0.5,1.0
total_comments,naive,176,1,176,2.0,1.0,0.0,2.0,-1.0,1.0,1,2.0,0.75,-0.75,0.75
total_comments,naive,176,2,177,2.0,1.0,0.0,2.414213562373095,-1.0,1.0,1,2.414213562373095,1.0,-1.0,0.6666666666666666
total_comments,naive,178,1,178,1.0,2.0,1.0,3.0,1.0,1.0,1,2.0,1.0,-0.5,0.6666666666666666
total_comments,naive,178,2,179,0.0,2.0,0.5857864376269049,3.414213562373095,2.0,2.0,0,2.82842712474619,1.25,0.25,1.0
total_comments,naive,180,1,180,2.0,0.0,0.0,1.0,-2.0,2.0,0,1.0,1.5,0.0,1.2
total_comments,naive,180,2,181,2.0,0.0,0.0,1.4142135623730951,-2.0,2.0,0,1.4142135623730951,1.75,-0.25,1.4
total_comments,naive,182,1,182,1.0,2.0,1.0,3.0,1.0,1.0,1,2.0,1.75,-0.25,1.4
total_comments,naive,182,2,183,1.0,2.0,0.5857864376269049,3.414213562373095,1.0,1.0,1,2.82842712474619,1.5,-0.5,1.0
total_comments,naive,184,1,184,1.0,1.0,0.0,2.0,0.0,0.0,1,2.0,1.0,0.0,0.8
total_comments,naive,184,2,185,0.0,1.0,0.0,2.414213562373095,1.0,1.0,1,2.414213562373095,0.75,0.75,1.0
total_comments,naive,186,1,186,12.0,0.0,0.0,1.0,-12.0,12.0,0,1.0,3.5,-2.5,1.0
total_comments,naive,186,2,187,2.0,0.0,0.0,1.4142135623730951,-2.0,2.0,0,1.4142135623730951,3.75,-3.25,1.0
total_comments,naive,188,1,188,1.0,2.0,1.0,3.0,1.0,1.0,1,2.0,4.0,-3.0,1.0666666666666667
total_comments,naive,188,2,189,2.0,2.0,0.5857864376269049,3.414213562373095,0.0,0.0,1,2.82842712474619,3.75,-3.25,0.8823529411764706
total_comments,naive,190,1,190,2.0,2.0,1.0,3.0,0.0,0.0,1,2.0,0.75,-0.25,0.42857142857142855
total_comments,naive,190,2,191,0.0,2.0,0.5857864376269049,3.414213562373095,2.0,2.0,0,2.82842712474619,0.75,0.75,0.6
total_comments,naive,192,1,192,0.0,0.0,0.0,1.0,0.0,0.0,1,1.0,0.5,0.5,0.5
total_comments,naive,192,2,193,0.0,0.0,0.0,1.4142135623730951,0.0,0.0,1,1.4142135623730951,0.5,0.5,1.0
total_comments,naive,194,1,194,1.0,0.0,0.0,1.0,-1.0,1.0,1,1.0,0.75,0.25,3.0
total_comments,naive,194,2,195,11.0,0.0,0.0,1.4142135623730951,-11.0,11.0,0,1.4142135623730951,3.0,-3.0,1.0
total_comments,naive,196,1,196,0.0,11.0,10.0,12.0,11.0,11.0,0,2.0,5.75,-0.25,1.9166666666666667
total_comments,naive,196,2,197,1.0,11.0,9.585786437626904,12.414213562373096,10.0,10.0,0,2.8284271247461916,8.25,2.25,2.5384615384615383
total_comments,naive,198,1,198,0.0,1.0,0.0,2.0,1.0,1.0,1,2.0,8.25,2.75,2.75
total_comments,naive,198,2,199,1.0,1.0,0.0,2.414213562373095,0.0,0.0,1,2.414213562373095,5.5,5.5,11.0
total_comments,naive,200,1,200,1.0,1.0,0.0,2.0,0.0,0.0,1,2.0,2.75,2.75,3.6666666666666665
total_comments,naive,200,2,201,2.0,1.0,0.0,2.414213562373095,-1.0,1.0,1,2.414213562373095,0.5,0.0,0.5
total_comments,naive,202,1,202,0.0,2.0,1.0,3.0,2.0,2.0,0,2.0,0.75,0.25,0.75
total_comments,naive,202,2,203,0.0,2.0,0.5857864376269049,3.414213562373095,2.0,2.0,0,2.82842712474619,1.25,0.75,1.6666666666666667
total_comments,naive,204,1,204,0.0,0.0,0.0,1.0,0.0,0.0,1,1.0,1.25,0.75,2.5
total_comments,naive,204,2,205,1.0,0.0,0.0,1.4142135623730951,-1.0,1.0,1,1.4142135623730951,1.25,0.75,5.0
total_comments,naive,206,1,206,15.0,1.0,0.0,2.0,-14.0,14.0,0,2.0,4.25,-3.25,1.0625
total_comments,naive,206,2,207,46.0,1.0,0.0,2.414213562373095,-45.0,45.0,0,2.414213562373095,15.0,-15.0,0.967741935483871
total_comments,naive,208,1,208,11.0,46.0,45.0,47.0,35.0,35.0,0,2.0,23.75,-6.25,1.3013698630136987
total_comments,naive,208,2,209,54.0,46.0,44.58578643762691,47.41421356237309,-8.0,8.0,0,2.8284271247461845,25.5,-8.0,0.8095238095238095
