source,record_type,text,timestamp,engagement,parent_id,metadata,vader_neg,vader_neu,vader_pos,vader_compound,sentiment_label,intent_label,intent_confidence,intent_weight,sentiment_weight,engagement_weight,demand_score,risk_score,activation_score
youtube,comment,"Sora, being the master of masters makes a lot of sense. I don't understand why that would be a disappointment. Honestly, it's what I would want.",2026-04-02 14:41:05+00:00,0,zux8BX6EuxI,"{""video_id"": ""zux8BX6EuxI"", ""author_display_name"": ""@isaacmarquez4054"", ""reply_count"": 0}",0.108,0.752,0.141,0.0,neutral,confusion_barrier,0.7,-1.0,0.3,0.0,-0.7,1,0
youtube,comment,This game’s lore was way too complicated for my 12 year old brain to be irrationally obsessed with. What the hell.,2026-02-09 18:51:22+00:00,0,nS1DfiJAtEk,"{""video_id"": ""nS1DfiJAtEk"", ""author_display_name"": ""@HorizontalCrank"", ""reply_count"": 0}",0.331,0.669,0.0,-0.836,negative,confusion_barrier,0.7,-1.0,-0.5,0.0,-1.5,1,0
youtube,comment,this game is one of my personal favorites because sure the story is confusing and all but to combine square enix characters with disney characters on top of everything else makes it unique in its on right. The fact this game is coming to steam is huge and makes me very happy. i have a daughter who can enjoy it just as much as i can,2024-06-12 07:44:11+00:00,0,G5_3qdf19BU,"{""video_id"": ""G5_3qdf19BU"", ""author_display_name"": ""@christophernoell5210"", ""reply_count"": 0}",0.018,0.747,0.234,0.952,positive,confusion_barrier,0.7,-1.0,1.0,0.0,0.0,1,0
youtube,comment,What is Kingdom hearts this shit is confusing as hell,2025-05-14 19:07:05+00:00,0,nS1DfiJAtEk,"{""video_id"": ""nS1DfiJAtEk"", ""author_display_name"": ""@masterblaster1965"", ""reply_count"": 0}",0.511,0.285,0.204,-0.7543,negative,confusion_barrier,0.7,-1.0,-0.5,0.0,-1.5,1,0
youtube,comment,"My first experience in kingdom hearts is KH:Chains of Memories from gameboy advance, i drop it immediately since i don't understand why there are disney characters in it, so i boot up the game again when i was 14 trying to figure it out, then it give me more questions than closure in the end lolz.",2025-01-05 16:05:02+00:00,3,eFfZqeXbioU,"{""video_id"": ""eFfZqeXbioU"", ""author_display_name"": ""@izayaknight1412"", ""reply_count"": 0}",0.033,0.84,0.127,0.7845,positive,confusion_barrier,0.7,-1.0,1.0,1.3862943611198906,0.0,1,0
youtube,comment,"I think the real question that most people are asking is ""Which games are must play and which games should I skip?"" Kingdom Hearts makes it a bit confusing to deduce what is a mainline entry and what is a spin off; Kingdom Hearts 1, 2 and 3 are definitely mainline but what about Birth by sleep, Dream drop distance and chain of memories? 385/2 days and Re Coded are definitely skippable but what about the rest?",2024-12-28 18:02:23+00:00,1,eFfZqeXbioU,"{""video_id"": ""eFfZqeXbioU"", ""author_display_name"": ""@wowwar2"", ""reply_count"": 1}",0.046,0.779,0.174,0.8844,positive,confusion_barrier,0.7,-1.0,1.0,0.6931471805599453,0.0,1,0
youtube,comment,At least im not the only one who thought recoded was confusing as all hell,2025-05-23 16:06:45+00:00,0,nS1DfiJAtEk,"{""video_id"": ""nS1DfiJAtEk"", ""author_display_name"": ""@Reredux29"", ""reply_count"": 0}",0.333,0.667,0.0,-0.7579,negative,confusion_barrier,0.7,-1.0,-0.5,0.0,-1.5,1,0
youtube,comment,"when you look at the similarities between unionX and monster hunter world I don't understand why unionX, dark road, missing link, can't be they're own game, yeah I know money right but doing what they do with the schedule release of game, I think it's what make it impossible for the most part other than that someone must hate nomura x) first versus 13 and now missing link ( I've seen the video I know that everything is bad right now for square on multiple lvl but I still have hope)",2026-04-25 09:26:25+00:00,0,-3-bVFiTTCE,"{""video_id"": ""-3-bVFiTTCE"", ""author_display_name"": ""@aurelienayuso8671"", ""reply_count"": 0}",0.136,0.812,0.052,-0.8674,negative,confusion_barrier,0.7,-1.0,-0.5,0.0,-1.5,1,0
youtube,comment,I just wanted to thank u again for this clear and concise retelling of a very convoluted and confusing narrative 💪,2025-01-25 03:53:04+00:00,2,nS1DfiJAtEk,"{""video_id"": ""nS1DfiJAtEk"", ""author_display_name"": ""@AlphaOmegaDyack420"", ""reply_count"": 0}",0.081,0.713,0.206,0.5165,positive,confusion_barrier,0.7,-1.0,1.0,1.0986122886681098,0.0,1,0
youtube,comment,watching KH4 trailer again and I still don't understand why (at least for now in the trailer) they are going for a dull color palette. Are we going back to the 2008-2012 era of thinking realism = dull colors again?,2023-03-27 22:50:47+00:00,2,j2DSEkYFRh8,"{""video_id"": ""j2DSEkYFRh8"", ""author_display_name"": ""@reklom2334"", ""reply_count"": 1}",0.124,0.876,0.0,-0.6597,negative,confusion_barrier,0.7,-1.0,-0.5,1.0986122886681098,-1.829583686600433,1,0
youtube,comment,"The series really isn't any more confusing than any other long running series that has an overarching plot such as the Avengers series. The issue is the original release of the games were awful because you had to own so many consoles. It also didn't help that people thought anything not numbered was just a spin off that doesn't matter. If you actually just play the series in order and pay attention to the games, you'll understand the story. Some do just require a bit more attention than others (DREAM DROP DISTANCE)",2026-02-22 11:52:06+00:00,0,nS1DfiJAtEk,"{""video_id"": ""nS1DfiJAtEk"", ""author_display_name"": ""@VenTheFairy"", ""reply_count"": 0}",0.103,0.807,0.091,-0.0642,negative,confusion_barrier,0.7,-1.0,-0.5,0.0,-1.5,1,0
youtube,comment,"i dont care how old i am, i love this game. there's something about kingdom hearts that you'll love, even if the lore is confusing. you get to be friends with the characters you love. my summer vacations over, but i will forever play this game again and again #KHonSteam #Contest",2024-06-13 23:49:22+00:00,1,G5_3qdf19BU,"{""video_id"": ""G5_3qdf19BU"", ""author_display_name"": ""@SoraRaven"", ""reply_count"": 0}",0.053,0.695,0.252,0.9069,positive,confusion_barrier,0.7,-1.0,1.0,0.6931471805599453,0.0,1,0
youtube,comment,6 hours later I forgot who who was .Least confusing story ever told,2026-01-04 19:21:49+00:00,0,nS1DfiJAtEk,"{""video_id"": ""nS1DfiJAtEk"", ""author_display_name"": ""@THEBulgarianDenis"", ""reply_count"": 0}",0.0,0.878,0.122,0.1695,positive,confusion_barrier,0.7,-1.0,1.0,0.0,0.0,1,0
youtube,comment,"Ironic that the game called ""missing link"" became a literal missing link. Did they plan to be this confusing? Probably, its KH.",2026-04-22 09:48:01+00:00,0,-3-bVFiTTCE,"{""video_id"": ""-3-bVFiTTCE"", ""author_display_name"": ""@rezraki5419"", ""reply_count"": 0}",0.308,0.692,0.0,-0.7206,negative,confusion_barrier,0.7,-1.0,-0.5,0.0,-1.5,1,0
youtube,comment,"I have never played KH with the JP voices, so the first 10 seconds of this video were quite a flash-bang! Genie calls himself Jini-chan in JP, that's SO CUTE, AWWW! And the interstitial jump-cuts to Cloud Strife playing chess with nobody and throwing jokers at the board is definitely keeping my attention! I don't understand it, but I'm captivated!",2026-03-24 16:10:43+00:00,14,6g5otBrymgI,"{""video_id"": ""6g5otBrymgI"", ""author_display_name"": ""@86fifty"", ""reply_count"": 1}",0.022,0.789,0.189,0.8864,positive,confusion_barrier,0.7,-1.0,1.0,2.70805020110221,0.0,1,0
youtube,comment,"Anyway, because this is first video I see from channel, I don't know if this is channel's normal style, or if video is mimicking KH's style of writing to do the same ""telling info in less digestible way where you have to take a moment to think what they mean"" thing x'D Like I normally listen videos on background, but I kinda have to pause and focus on video to keep up with rapid pace of info overload. Though granted, I don't think that's because of the poetic way of describing themes of KH story points, you do very good job at being easy to understand while being poetic, its more of the rapid pace of speaking and delivery of the information. Like I have trouble internalizing all the behind the scenes info between poetic tellings of story points if I don't start to focus, don't usually have that problem even with my ADHD funnily enough xD (genuinely really informative video especially about Nomura's shenanigans and confusing his own team and disney executives)",2026-03-24 08:05:59+00:00,0,6g5otBrymgI,"{""video_id"": ""6g5otBrymgI"", ""author_display_name"": ""@ShadowoftheMask"", ""reply_count"": 2}",0.064,0.812,0.124,0.9184,positive,confusion_barrier,0.7,-1.0,1.0,0.0,0.0,1,0
youtube,comment,"They really gotta stop putting these games on mobile, especially since they’re putting key info from the story in there. All of the mobile games were horrendously boring, I couldn’t get more than halfway in each one. They just gotta a sole type of short movie or something explaining all of it cause it’s incredibly confusing.",2026-04-20 20:06:21+00:00,1,-3-bVFiTTCE,"{""video_id"": ""-3-bVFiTTCE"", ""author_display_name"": ""@jankounchained4211"", ""reply_count"": 0}",0.16,0.84,0.0,-0.8347,negative,confusion_barrier,0.7,-1.0,-0.5,0.6931471805599453,-1.7079441541679836,1,0
youtube,comment,"Death is the most confusing part of this series. It's like the comic book version of how super heros never really die or stay dead for long, just on Broly type Super Saiyan steroids.",2025-01-29 14:34:40+00:00,0,nS1DfiJAtEk,"{""video_id"": ""nS1DfiJAtEk"", ""author_display_name"": ""@DaDarknessXIII"", ""reply_count"": 2}",0.199,0.497,0.305,0.6777,positive,confusion_barrier,0.7,-1.0,1.0,0.0,0.0,1,0
youtube,comment,"Maybe it'll be an opportunity to simplify the lore, which is needed. I don't think KH is too complicated, but it's needlessly complex and convoluted, as if they never dropped plot or lore ideas.",2026-04-19 09:14:10+00:00,7,-3-bVFiTTCE,"{""video_id"": ""-3-bVFiTTCE"", ""author_display_name"": ""@Narlaw1199"", ""reply_count"": 2}",0.0,0.946,0.054,0.2263,positive,confusion_barrier,0.7,-1.0,1.0,2.0794415416798357,0.0,1,0
youtube,comment,"Bruh, this series is so confusing im already starting tonget lost 30 min. Not because of the recap, no, that part is great! Keep up the great work!",2025-01-30 13:12:51+00:00,0,nS1DfiJAtEk,"{""video_id"": ""nS1DfiJAtEk"", ""author_display_name"": ""@goatbeard6857"", ""reply_count"": 0}",0.128,0.639,0.234,0.7178,positive,confusion_barrier,0.7,-1.0,1.0,0.0,0.0,1,0
youtube,comment,"I played all this shit just for bro to Walk off from me like he aint did all this stuff to me and gave me the meanest split spirit personality disorder. Confusing Meeee for years with guys who look similar but the same yet different because they're my heart etc, friends switching sides constantly. DAMN YOU KINGDOM HEARTS DAAAAMN YOUUUUU I SAY Btw i love how it bot condensed and fully explained everything some would be confirmed to confusing. Got a sub from me.",2025-01-26 09:04:55+00:00,0,nS1DfiJAtEk,"{""video_id"": ""nS1DfiJAtEk"", ""author_display_name"": ""@tonytony2277"", ""reply_count"": 0}",0.112,0.642,0.246,0.9584,positive,confusion_barrier,0.7,-1.0,1.0,0.0,0.0,1,0
youtube,comment,I will definitely need to watch the first hour or so again because all of that information was new to me. But it was all laid out super well and has been fun to watch. I still haven't finished the whole video but there is one part that keeps confusing me. Once Riku defeats Roxas they put him inside a simulated version of Twilight Town. He eventually finds Sora and merges with him but he never leaves the simulated world. I read a post that said the simulated world was apart of Sora's memories but yet Sora and the gang go back to the simulated Twilight Town...small plot hole that I can't stop thinking about lol,2025-12-03 21:40:29+00:00,0,nS1DfiJAtEk,"{""video_id"": ""nS1DfiJAtEk"", ""author_display_name"": ""@tracevaughn2260"", ""reply_count"": 0}",0.04,0.808,0.152,0.9435,positive,confusion_barrier,0.7,-1.0,1.0,0.0,0.0,1,0
youtube,comment,"oo that was a sick video, haven't been following KH for years now, but this has been an interesting reminder of that world and what was going on when I last left it. Also it got me thinking.... BOY was it a dogshizz idea to tell the majority of the story through frankly garbage mobile games.... There are 3 KH4 fans left to even buy this thing. It's going to be confusing, convoluted, and literally for no-one. The overlap of casual Disney fans, casual Square fans and KH fans is literally 3 people and 2 of them are married and sharing the game library, how will the game sell more than 2 copies and more importantly satisfy the curious casuals? The whole universe needs a restart. Delete all the dumb mobile lore, disappear the 200 billion million kajillion original characters with their confusing names, who are all linked and related through time and space and hearts and whatever the fu, delete all the time travel multi-dimensional clusterfuzz yarn ball of doom and tell a cool simple fun story with a million sick Disney and Square cameos, PLEASE MAN. All the mobile garbanzo and time travel bs is what ruined 3, why are we making 4 even worse lol.",2026-03-31 22:31:01+00:00,0,zux8BX6EuxI,"{""video_id"": ""zux8BX6EuxI"", ""author_display_name"": ""@Artagah"", ""reply_count"": 0}",0.114,0.709,0.177,0.9552,positive,confusion_barrier,0.7,-1.0,1.0,0.0,0.0,1,0
youtube,comment,"This is my series its always been my series regardless how confusing the game can get I still enjoy this game. If you seriously do play these games Im happy, and I hope you felt the same heartfelt journey just like we all have. Let your heart be your guiding key from one master to another I bow to you.",2025-11-05 11:46:50+00:00,0,nS1DfiJAtEk,"{""video_id"": ""nS1DfiJAtEk"", ""author_display_name"": ""@adamclockwork486"", ""reply_count"": 0}",0.047,0.662,0.291,0.9628,positive,confusion_barrier,0.7,-1.0,1.0,0.0,0.0,1,0
youtube,comment,"I'm pretty sure darkness the antagonist is a separate being from darkness the force of nature. What darkness is isn't clearly defined since they're largely a mystery for now, but I'm pretty sure the presence of darkness(the force) in Union x is seen in the story before darkness(the characters) could have reasonably could have manipulated any events in the game, so I don't think they're the same. And maybe there's something we don't understand yet, but for now it doesn't really make sense for darkness(the character) to have shown up in future events and effect things on the scale that darkness (the force) did. I think the fact that Vanitas is heavily implied to be a darkness goes to show that darkness and darkness (lol) are separate.",2025-09-05 14:26:47+00:00,0,bUM2sSVjCLQ,"{""video_id"": ""bUM2sSVjCLQ"", ""author_display_name"": ""@alleislazy6850"", ""reply_count"": 1}",0.145,0.756,0.099,-0.4174,negative,confusion_barrier,0.7,-1.0,-0.5,0.0,-1.5,1,0
youtube,comment,"Thanks for this! A few years ago i got myself a second hand PS4 (later upgraded to PS5) and it had all Kingdom Hearts games with it, it looked really cool but also really confusing. I haven't started the games yet till this day, but this video cleared up a whole lot for me and i will start the series soon!",2024-07-11 15:59:58+00:00,4,eFfZqeXbioU,"{""video_id"": ""eFfZqeXbioU"", ""author_display_name"": ""@niekfe"", ""reply_count"": 0}",0.041,0.803,0.156,0.7087,positive,confusion_barrier,0.7,-1.0,1.0,1.6094379124341003,0.0,1,0
youtube,comment,If KH4 is truly a finale for the series then I would love if Verum Rex actually got a game retroactively confusing everyone who plays KH3 for the first time lol,2026-04-23 15:51:50+00:00,2,mU1zHAA9j8k,"{""video_id"": ""mU1zHAA9j8k"", ""author_display_name"": ""@SkySilver2"", ""reply_count"": 0}",0.048,0.653,0.299,0.875,positive,confusion_barrier,0.7,-1.0,1.0,1.0986122886681098,0.0,1,0
youtube,comment,"KH Fans: ""The story ain't that confusing, guys!"" KH Fans when they make a video explaining the KH story: *Six Hours Later* Edit: Halfway through, and I'm more confused now. Edit 2: Finished the video. Yeah, it all made more sense before I watched the video. In my opinion, the writers made the premise too vast with the prequels.",2025-11-12 02:49:03+00:00,0,nS1DfiJAtEk,"{""video_id"": ""nS1DfiJAtEk"", ""author_display_name"": ""@rallaa941"", ""reply_count"": 0}",0.041,0.892,0.066,0.1444,positive,confusion_barrier,0.7,-1.0,1.0,0.0,0.0,1,0
youtube,comment,"yeah so I just think, the significance of the moon cannot really be removed from the meaning behind night time itself. I think largely the moon is just a symbol of the night mostly. It's all really hard to explain but I think the night is mostly more easily understood as proceeding dawn or dusk. Dawn and the sunset itself means different things but I think when it comes to connecting with the night it means you are not satisfied or content with regular day time instead. It goes deeper then that though. It's almost too complicated to explain lol. The sunset is associated with like more baroque or romantic type of sentiments, themes and feelings. It's also a bit deeper or darker, compared to regular day time affairs. That's one of the reasons people are less satisfied with the ""daytime"" or at least, what significance exists during the day. There's this whole thing, most people are just content to have the sunset, or they stop at the sunset and dawn itself. They don't go further than that. But for people really bereaved they go further past the sunset into the ""night"" which is a more mysterious and mystical period or comes with different and less understood or publicly known about knowledge and themes, sentiments or feelings as well. I can't fully remember, but there are a plethora of reasons why people stop at the sunset. The night is far more unknown, and uncertain, dangerous even, and has close ties or association with evil and dark magic or beings. For many the night is just too mysterious and dangerous for them and they feel better standing or staying in the light at least just a little bit. I think it pretty closely reverberates what you've already said though I guess. But symbolism about all of this that I mentioned is featured all through Final Fantasy 15 but especially the movie they made in the series. There's literally a huge battle between the empire and Insomnia that's set during the sunset. It's pretty epic, but it's full of symbolism.",2026-04-18 21:30:36+00:00,0,AaZjLq3cIpg,"{""video_id"": ""AaZjLq3cIpg"", ""author_display_name"": ""@Blackdynamite666"", ""reply_count"": 0}",0.088,0.808,0.103,0.6144,positive,confusion_barrier,0.7,-1.0,1.0,0.0,0.0,1,0
youtube,comment,"honestly, im convinced we will either get a (kh4 is restarting development) announcement, or they will slowly wait until everyone forgets. atp the game doesn't even exist to me unless we get a release date.",2026-04-17 17:08:38+00:00,0,gNVWtjbGWdw,"{""video_id"": ""gNVWtjbGWdw"", ""author_display_name"": ""@Puff_Pastrys_Bakery"", ""reply_count"": 0}",0.0,0.853,0.147,0.6908,positive,frustrated_demand,0.7,1.0,1.0,0.0,2.0,1,0
youtube,comment,Considering it was 14 years from KH2 to KH3. We've got at least until 2030s before it's coming close to the main line number releases.,2026-04-17 16:52:17+00:00,0,gNVWtjbGWdw,"{""video_id"": ""gNVWtjbGWdw"", ""author_display_name"": ""@elden6520"", ""reply_count"": 1}",0.0,0.949,0.051,0.0772,positive,frustrated_demand,1.0,1.0,1.0,0.0,2.0,1,0
youtube,comment,"Whats distressing about this to me is that means we're just gonna have to wait even longer for kh4, likely still with no news. And before anyone goes ""The gap between 2 and 3-"" we had games. We had things to tide us over and fill out the lore a bit more. Not to mention the collections and expanded versions of older titles. I hope they manage to rework what was in Missing Link into a new game or something (a movie is not sufficient as any fan will tell you), but that's not exactly an easy task, especially since they'd have to run it by Square, and Sqaure's buisness model lately has been ""Work on FF7R and nothing else for 10 years"". I hope this isnt where KH dies as a franchise, but im not hopeful given how KH has always operated releasing smaller titles and that not being allowed by Square anymore. I know that might seem dramatic, but i mean, ask Nier fans what happened to their franchise... or Twewy fans... or...",2026-04-22 21:29:28+00:00,1,-3-bVFiTTCE,"{""video_id"": ""-3-bVFiTTCE"", ""author_display_name"": ""@thokk6228"", ""reply_count"": 0}",0.063,0.897,0.04,-0.5043,negative,frustrated_demand,0.7,1.0,-0.5,0.6931471805599453,0.5693147180559945,1,0
youtube,comment,See you in another 4 years.,2026-04-09 21:32:56+00:00,2,j2DSEkYFRh8,"{""video_id"": ""j2DSEkYFRh8"", ""author_display_name"": ""@1upchavez"", ""reply_count"": 0}",0.0,1.0,0.0,0.0,neutral,frustrated_demand,0.7,1.0,0.3,1.0986122886681098,1.5856391950537085,1,0
youtube,comment,4 years ahhhh well wait 4 more year then finally will we have something took 13 years sinch kingdom hearts twos game just for kingdom hearts 3 I can gladly wait another 13 years,2026-04-18 21:14:14+00:00,0,gNVWtjbGWdw,"{""video_id"": ""gNVWtjbGWdw"", ""author_display_name"": ""@dogfighterzssjb3182"", ""reply_count"": 0}",0.0,0.696,0.304,0.9201,positive,frustrated_demand,0.7,1.0,1.0,0.0,2.0,1,0
youtube,comment,my prediction: in april 2026 we get a new KH4 after 4 years of waiting.... and 4 years later after that the game releases copium,2025-10-17 19:59:36+00:00,2,j2DSEkYFRh8,"{""video_id"": ""j2DSEkYFRh8"", ""author_display_name"": ""@Soraxis69"", ""reply_count"": 1}",0.0,1.0,0.0,0.0,neutral,frustrated_demand,0.7,1.0,0.3,1.0986122886681098,1.5856391950537085,1,0
youtube,comment,WHERE IS THE STEAM VERSION OF THE COMPLETE SERIES???? Steam Deck owners want to buy the game for their linux handheld devices! You would sell millions in a week!,2023-09-23 20:37:40+00:00,0,j2DSEkYFRh8,"{""video_id"": ""j2DSEkYFRh8"", ""author_display_name"": ""@CardboardNexus"", ""reply_count"": 0}",0.0,0.908,0.092,0.4299,positive,frustrated_demand,0.7,1.0,1.0,0.0,2.0,1,0
youtube,comment,Ah yes the long wait for KH2 from 2003-2005 due to it being revealed to early (simpler times) Now we have KH4 revealed 4 years ago and still no release date or even follow up trailer since the first one. Oh how much times change yet stay the same.,2026-04-14 14:34:03+00:00,1,9d8LK9840IU,"{""video_id"": ""9d8LK9840IU"", ""author_display_name"": ""@DigiBrad"", ""reply_count"": 0}",0.042,0.906,0.052,0.128,positive,frustrated_demand,1.0,1.0,1.0,0.6931471805599453,2.277258872223978,1,0
youtube,comment,"Been a huge fan of the series since 2006 and been following this channel since 2013 (when 1.5 released on PS3). Always been someone with an outlook of the glass half full instead of half empty, but this huge period of silence has been incredibly difficult to keep positive. Really hope they re-reveal KH4 and the series as a whole in a huge way soon. It desperately needs it.",2026-04-17 17:55:56+00:00,0,gNVWtjbGWdw,"{""video_id"": ""gNVWtjbGWdw"", ""author_display_name"": ""@jb0258jr"", ""reply_count"": 0}",0.098,0.691,0.212,0.872,positive,frustrated_demand,0.7,1.0,1.0,0.0,2.0,1,0
youtube,comment,If we get a release date i hope you change the sticker from hollow bastion to radiant garden.,2025-11-06 14:32:28+00:00,4,Xt_hGLer2gk,"{""video_id"": ""Xt_hGLer2gk"", ""author_display_name"": ""@Raximus3000"", ""reply_count"": 0}",0.0,0.727,0.273,0.7184,positive,frustrated_demand,0.7,1.0,1.0,1.6094379124341003,2.64377516497364,1,0
youtube,comment,"I was 12 when KH1 came out now nearing 35!!!!! … this franchise is so ADHD I’m begging, It’s been 84 years… get on with KH4 😖 Sora’s mom is still waiting for him to come down for dinner and Haley Joel Osment ain’t getting any younger 🥲",2024-06-23 05:42:29+00:00,2,G5_3qdf19BU,"{""video_id"": ""G5_3qdf19BU"", ""author_display_name"": ""@Overly_nourished_entity"", ""reply_count"": 1}",0.0,1.0,0.0,0.0,neutral,frustrated_demand,1.0,1.0,0.3,1.0986122886681098,1.5856391950537085,1,0
youtube,comment,"No way I’m still waiting for this, man.",2025-11-20 16:59:51+00:00,3,j2DSEkYFRh8,"{""video_id"": ""j2DSEkYFRh8"", ""author_display_name"": ""@DemixJames"", ""reply_count"": 0}",0.239,0.761,0.0,-0.296,negative,frustrated_demand,0.7,1.0,-0.5,1.3862943611198906,0.6386294361119891,1,0
youtube,comment,Bluett in regard to KH2’s release: “This anticipation however was also tinged with a certain frustration at the long wait.” *Me looking at KH3’s release date*,2026-03-30 18:45:38+00:00,5,9d8LK9840IU,"{""video_id"": ""9d8LK9840IU"", ""author_display_name"": ""@Cool750Boy"", ""reply_count"": 3}",0.105,0.777,0.118,-0.1531,negative,frustrated_demand,1.0,1.0,-0.5,1.791759469228055,0.6791759469228055,1,0
youtube,comment,"It's crazy that we're getting all the 7 Remake Project being completed in between KH3 and KH4. Starting to get to me ngl. Starting to hate FF7 because of this. Like, where's the other game? I mean. looking at Capcom with Street Fighter, Dragon's Dogma 2, Monster Hunter, Resident Evil 9 and now Pragmata... WHERE THE F*** IS SQUARE ENIX LIKE WHERE IS NIER, WHERE IS DRAGON""S QUEST, WHERE IS KINGDOM HEARTS, LIKE H O L Y S * * *",2026-04-17 21:56:34+00:00,0,gNVWtjbGWdw,"{""video_id"": ""gNVWtjbGWdw"", ""author_display_name"": ""@lifendi5937"", ""reply_count"": 0}",0.103,0.704,0.193,0.8484,positive,frustrated_demand,0.7,1.0,1.0,0.0,2.0,1,0
youtube,comment,"Just so we're keeping track of the scoreboard: KH3 was announced in 2013 and released in 2019. Wait time: 6 years. In that time, we got: 1. Several remix packages of all the games 2. 0.2 3. Back Cover 4. Slow drip of Union X over a span of all those years 5. Tons of trailers and tech demos for KH3 KH4 was announced in 2022 and still unreleased in 2026. Wait time: 4 years and counting. In that time, we've gotten: 1. The ending of Dark Road 2. ONE beta trailer for KH4 and a couple screenshots 3. Trailers and beta tests for a mobile game that got cancelled We've got a couple years to go before we match the wait time for KH3, but all in all, I'd say the franchise is in worse straits than it ever was during that period.",2026-04-13 16:15:19+00:00,81,sz5gq0LgYWw,"{""video_id"": ""sz5gq0LgYWw"", ""author_display_name"": ""@Kira1Lawliet"", ""reply_count"": 22}",0.038,0.962,0.0,-0.6858,negative,frustrated_demand,0.7,1.0,-0.5,4.406719247264253,0.9406719247264254,1,0
youtube,comment,Yeah I won't be surprised if we get no news this year for KH4 as square enix is probably going to focus on promotional work for FF7 Remake part 3,2026-04-03 01:17:40+00:00,2,ZxKqFEAARYU,"{""video_id"": ""ZxKqFEAARYU"", ""author_display_name"": ""@Khaledzworld"", ""reply_count"": 1}",0.117,0.817,0.067,-0.1695,negative,frustrated_demand,0.7,1.0,-0.5,1.0986122886681098,0.6098612288668109,1,0
youtube,comment,He said the kingdom hearts 4 release date is inside the black box lol that was pretty funny 😂,2026-04-05 12:14:55+00:00,0,zux8BX6EuxI,"{""video_id"": ""zux8BX6EuxI"", ""author_display_name"": ""@Arcade_kong"", ""reply_count"": 0}",0.053,0.474,0.474,0.9442,positive,frustrated_demand,0.7,1.0,1.0,0.0,2.0,1,0
reddit,post,"Kingdom Hearts 4: 1,000 Days of Silence",2025-01-04 10:33:24+00:00,1,,"{""subreddit"": ""SquareEnix"", ""title"": ""Kingdom Hearts 4: 1,000 Days of Silence"", ""num_comments"": 0, ""query"": ""kingdom hearts 4""}",0.0,0.583,0.417,0.6486,positive,frustrated_demand,0.7,1.0,1.0,0.6931471805599453,2.277258872223978,1,0
youtube,comment,Imo if a game is nowhere near a release date stop dropping trailers 10 years before and the whole reboot thing is understandable but at least make an announcement or a tweet sayin hey we didn't forget about u guys this game is still comin or whatever the case jus communicate with the fans bettter instead of dropping trailers 4 years ago n goin ghost jus my opinion,2026-04-13 16:56:06+00:00,0,sz5gq0LgYWw,"{""video_id"": ""sz5gq0LgYWw"", ""author_display_name"": ""@lauderdaleceo3704"", ""reply_count"": 0}",0.064,0.908,0.028,-0.3718,negative,frustrated_demand,0.7,1.0,-0.5,0.0,0.5,1,0
youtube,comment,So my fiancee and I are getting married in 2027 I will be so mad if the release dates on my wedding day lmao,2025-11-06 18:31:55+00:00,0,Xt_hGLer2gk,"{""video_id"": ""Xt_hGLer2gk"", ""author_display_name"": ""@ironkeysora"", ""reply_count"": 0}",0.137,0.733,0.13,-0.0557,negative,frustrated_demand,0.7,1.0,-0.5,0.0,0.5,1,0
youtube,comment,"ITS 2025!!! WHERE IS THE GAME!!??? SQUARE ENIX, YOU ARE LOSING YOUR BASE BY DOING THIS GARBAGE! AT LEAST GIVE A DAMN UPDATE!!!!! 23 YEARS AND ALL WE GET IN A DAMN HISTORY ON A FRUIT?!?!?!",2025-04-04 10:52:00+00:00,1,j2DSEkYFRh8,"{""video_id"": ""j2DSEkYFRh8"", ""author_display_name"": ""@0SorasKeyblade0"", ""reply_count"": 0}",0.272,0.728,0.0,-0.9235,negative,frustrated_demand,0.7,1.0,-0.5,0.6931471805599453,0.5693147180559945,1,0
youtube,comment,Compare this video with the other 3 anniversary videos... bro completely lost his mind during these 4 years. Specifically comparing to 2024,2026-04-17 17:07:14+00:00,0,gNVWtjbGWdw,"{""video_id"": ""gNVWtjbGWdw"", ""author_display_name"": ""@Guidelli_art"", ""reply_count"": 0}",0.11,0.89,0.0,-0.3804,negative,frustrated_demand,0.7,1.0,-0.5,0.0,0.5,1,0
youtube,comment,"14 years from 2 to 3. Its been 7. 7 more to go, at least.",2026-04-18 05:47:04+00:00,0,gNVWtjbGWdw,"{""video_id"": ""gNVWtjbGWdw"", ""author_display_name"": ""@angusyoung19"", ""reply_count"": 0}",0.0,1.0,0.0,0.0,neutral,frustrated_demand,0.7,1.0,0.3,0.0,1.3,1,0
youtube,comment,"2 years of silence, dammit Nomura",2024-08-09 10:11:14+00:00,4,j2DSEkYFRh8,"{""video_id"": ""j2DSEkYFRh8"", ""author_display_name"": ""@2097xl"", ""reply_count"": 0}",0.0,1.0,0.0,0.0,neutral,frustrated_demand,0.7,1.0,0.3,1.6094379124341003,1.718453857232866,1,0
youtube,comment,Sorry to be negative but my personal plan I've been waiting long enough and besides the cancellation which sadly I wanted to watch it play mobile game Kingdom hearts but I'm starting to think they're not going to do it at all I'm sorry but I understand it takes time to get things ready and all that but it's been 4 years! I've been patient since the third game I finish playing. I'm just getting tired of waiting and I might end up starting to think maybe that's the end and not going to focus on Kingdom hearts anymore and they going to just focus on other remakes and some other final fantasy which I'm semi a fan of. And I'm just going to think maybe that's the end of Kingdom hearts in general as in Sora dies but he's in teleport somewhere else and a real world or whatever it's called and no one's going to save them. I feel like that's how it's in and I'm like going to be very disappointed if it does end it like that but I know that's not what I mean but you get what I'm saying I'm just tired of waiting and I'm just going to end up becoming I quit Kingdom hearts fan... To be honest I'm thinking about quitting Kingdom hearts in general regardless of the Lord and the characters in the Disney I love but I am tired of waiting in my personal opinion they need to keep it update like the Kingdom hearts is still going strong but we still need time I'm working on such and such or whatever give us something the silence is just tells me that you're not focusing on Kingdom hearts anymore 😡 Heck Mob entertainment then keep us waiting that long and they keep us updated unlike the Kingdom hearts company and it's really sad. I know I sound like I'm a hater almost or a complainer but I'm being patient and I'm just tired of waiting at this point and I'm going to end up quitting of being a Kingdom hearts band I'm still going to love the game of the Kingdom hearts but I'm tired 😑of waiting. Either give me something that has to do with Kingdom hearts or don't give anything at all like that trailer was a waste of time and you're expecting expectations to come out soon but if it was me I wouldn't release the trailer unless I am really am close to being finished then I'll release the trailer. So yeah sorry for the rant😅,2026-04-17 17:25:51+00:00,0,gNVWtjbGWdw,"{""video_id"": ""gNVWtjbGWdw"", ""author_display_name"": ""@janayshajones8177"", ""reply_count"": 0}",0.096,0.671,0.233,0.9983,positive,frustrated_demand,0.7,1.0,1.0,0.0,2.0,1,0
youtube,comment,"13:30 this bit about people feeling that 2 years between announcement and release was too long, and Nomura attributing it to being announced too early is kinda surreal to hear right now with everything going on with KH and game development in general nowadays. It’s been nearly 4 years since KH4 got announced and we haven’t so much as gotten another trailer. We had no idea how good we had it back then.",2026-03-30 03:38:35+00:00,0,9d8LK9840IU,"{""video_id"": ""9d8LK9840IU"", ""author_display_name"": ""@sdgaara2"", ""reply_count"": 0}",0.029,0.914,0.057,0.296,positive,frustrated_demand,0.7,1.0,1.0,0.0,2.0,1,0
youtube,comment,I am absolutely disappointed where is something new?! and even the video is already 10 months old!!,2025-04-03 00:47:36+00:00,2,G5_3qdf19BU,"{""video_id"": ""G5_3qdf19BU"", ""author_display_name"": ""@julia56574"", ""reply_count"": 1}",0.211,0.789,0.0,-0.645,negative,frustrated_demand,0.7,1.0,-0.5,1.0986122886681098,0.6098612288668109,1,0
youtube,comment,"If we really don't get a new KH4 trailer until 2027, that will have been 5 years between the 1st and 2nd trailer. It just feels like they are overcorrecting after everyone complained that we received too many KH3 trailers. Like I get that they wanted to reveal KH4 to celebrate the 20th anniversary, but 4-5 years just seems like an absurdly long time just for a 2nd trailer. We probably wouldn't have even received those screenshots last year had it not been for Missing Link's cancellation. It's wild to me that we have known about KH4 for 4 years, and yet we still don't have any of the Disney worlds confirmed. Now the main silver lining is that if KH4 does go into full marketing next year, that would signal the game releasing within a year, given Square's recent strategy of only marketing games when they are at least 9-12 months away from releasing. Even if Final Fantasy VII Remake Part 3 releases in 2027, I still think there is room for KH4 to release in the same year, so long as there is enough of a gap. Part 3 could theoretically be Winter 2027, while KH4 ends up being Fall 2027. It would also be fitting for both series to be able to release new games for their respective anniversaries, if Square can make it possible.",2026-04-04 05:39:06+00:00,1,ZxKqFEAARYU,"{""video_id"": ""ZxKqFEAARYU"", ""author_display_name"": ""@TheItachiIshtar"", ""reply_count"": 0}",0.008,0.929,0.064,0.9058,positive,frustrated_demand,0.7,1.0,1.0,0.6931471805599453,2.277258872223978,1,0
youtube,comment,Where Is Yozora?,2022-08-16 21:42:10+00:00,1,j2DSEkYFRh8,"{""video_id"": ""j2DSEkYFRh8"", ""author_display_name"": ""@OrganizationXIII"", ""reply_count"": 0}",0.0,1.0,0.0,0.0,neutral,frustrated_demand,0.7,1.0,0.3,0.6931471805599453,1.480218266945586,1,0
youtube,comment,"I know that there's a chance we MUST see the game soon enough. But they have managed to disappoint me for 4 years already. I'm at the point where I simply let it slip over and over. Yes, Nomura didn't rule out any news this year. But they're famous for basically going radio silent, and breaking it for little, insignificant snippets here and there, especially with this KH4. Let's face it. It's more likely that we see nothing of this game this year than we see something. To me, Nomura basically did his yearly ""hey, I'm still alive"" apparition and called it a year.",2026-04-24 10:52:29+00:00,0,XO1PlvNN_7s,"{""video_id"": ""XO1PlvNN_7s"", ""author_display_name"": ""@brannycedeno6823"", ""reply_count"": 0}",0.055,0.871,0.074,0.3048,positive,frustrated_demand,0.7,1.0,1.0,0.0,2.0,1,0
youtube,comment,"I just came here to say, I hate yall. I was saying kh 4 would take a decade in 2019 after the trainwreck that was kh3 ( still waiting on your review Jared, but maybe you’re scared to shit on the game) you called me a hater and this and that. When the screenshots came out, I said they looked horrible. Now here you are smh. SE sucks and so does Nomura. Y’all deserve each other.",2026-04-20 07:31:00+00:00,0,gNVWtjbGWdw,"{""video_id"": ""gNVWtjbGWdw"", ""author_display_name"": ""@iMegaPwn"", ""reply_count"": 0}",0.272,0.728,0.0,-0.9793,negative,frustrated_demand,0.7,1.0,-0.5,0.0,0.5,1,0
youtube,comment,"I like how it took them 14 years to make a new game and now they're just making new games as if they have been doing this this entire time. Like did they forget they had a fandom and then they when they realized that they're like ""oh shit let's start making games again guys??"" 😂😄",2022-04-20 12:45:08+00:00,1,j2DSEkYFRh8,"{""video_id"": ""j2DSEkYFRh8"", ""author_display_name"": ""@XXallycat101XX"", ""reply_count"": 1}",0.092,0.695,0.213,0.8677,positive,frustrated_demand,0.7,1.0,1.0,0.6931471805599453,2.277258872223978,1,0
youtube,comment,4 years ago I made a joke that we would see a 2030 release. Now I'm not even confident it will come out by then and might take even longer 😭,2026-04-21 22:15:31+00:00,1,gNVWtjbGWdw,"{""video_id"": ""gNVWtjbGWdw"", ""author_display_name"": ""@DistantKingdom"", ""reply_count"": 0}",0.151,0.791,0.058,-0.5466,negative,frustrated_demand,0.7,1.0,-0.5,0.6931471805599453,0.5693147180559945,1,0
youtube,comment,Saying they “forgot about kingdom hearts” is a little dramatic. You do realize they’re still making KH4 right? Even if there’s no news it’s still being made.,2026-03-29 02:00:44+00:00,4,wwgOM_BiRQo,"{""video_id"": ""wwgOM_BiRQo"", ""author_display_name"": ""@TimDespairBear11"", ""reply_count"": 2}",0.078,0.922,0.0,-0.296,negative,frustrated_demand,0.7,1.0,-0.5,1.6094379124341003,0.66094379124341,1,0
youtube,comment,"It's been 4 YEARS you incompetent clown. Missing-Link got canceled and KH4 is still a mystery, what are you even doing bruh.",2026-04-09 17:09:16+00:00,3,j2DSEkYFRh8,"{""video_id"": ""j2DSEkYFRh8"", ""author_display_name"": ""@acezero10"", ""reply_count"": 0}",0.129,0.871,0.0,-0.4767,negative,frustrated_demand,0.7,1.0,-0.5,1.3862943611198906,0.6386294361119891,1,0
youtube,comment,Square Enix where is my disney RPG it's been four years,2026-04-02 01:34:53+00:00,0,zux8BX6EuxI,"{""video_id"": ""zux8BX6EuxI"", ""author_display_name"": ""@AlvisMoronta"", ""reply_count"": 0}",0.0,1.0,0.0,0.0,neutral,frustrated_demand,0.7,1.0,0.3,0.0,1.3,1,0
youtube,comment,"SE did this before but with the FFVII Remake. About 4 years of dry silence. We should get a new trailer with the 25th anniversary and a 2028 release. If not, then start panicking.",2026-04-18 07:26:44+00:00,0,gNVWtjbGWdw,"{""video_id"": ""gNVWtjbGWdw"", ""author_display_name"": ""@Capydapy"", ""reply_count"": 0}",0.0,0.914,0.086,0.4782,positive,frustrated_demand,0.7,1.0,1.0,0.0,2.0,1,0
youtube,comment,4 years this was announced today,2026-04-10 04:02:08+00:00,13,j2DSEkYFRh8,"{""video_id"": ""j2DSEkYFRh8"", ""author_display_name"": ""@armr7418"", ""reply_count"": 2}",0.0,1.0,0.0,0.0,neutral,frustrated_demand,0.7,1.0,0.3,2.6390573296152584,1.9861549056999672,1,0
youtube,comment,"This company is a joke. I’ll be 27 when kh4 comes out. I was 18 when kh3 came out. 4 years of “fuck you guys, you’ll buy the product anyway” from square enix with nothing to show for it but 7 screenshots. I pray to god this is the final game in the series. I fell in love with this series when I was 3, it’s been with me my entire life, but this is unsustainable, nevermind their treatment of the fans.",2026-04-03 00:32:25+00:00,8,ZxKqFEAARYU,"{""video_id"": ""ZxKqFEAARYU"", ""author_display_name"": ""@JackkChaos"", ""reply_count"": 1}",0.0,0.857,0.143,0.9186,positive,frustrated_demand,0.7,1.0,1.0,2.1972245773362196,2.878889830934488,1,0
youtube,comment,"I still remember Somnus's mod that you played around 4 years ago. The imagination of exploring a wide city based on our real world through the eyes of someone from the world of fantasy is both intriguing and dangerous. I wouldn't be surprised most of the development of KH4 was going into the creation of Quadratum. I mean, SE couldn't even release the FF15 DLC where we could explore Noctis's city, so that example alone makes KH4 very ambitious.",2026-01-05 23:51:04+00:00,19,78pm-aBw_Ck,"{""video_id"": ""78pm-aBw_Ck"", ""author_display_name"": ""@magicvalgirl"", ""reply_count"": 1}",0.08,0.83,0.09,0.2176,positive,frustrated_demand,0.7,1.0,1.0,2.995732273553991,3.198292909421596,1,0
youtube,comment,"Bro I'm about to hit 37 this year, I'm ancient before Square decides to release a new trailer. When they showed the first trailer 4 years ago I really didn't think turning 40 might be coming earlier than the game. I have all games on PS3 and PS4 platinum, even the damn Korean version of KH3. It's time for a new game, please 🤣",2026-04-18 02:21:48+00:00,0,gNVWtjbGWdw,"{""video_id"": ""gNVWtjbGWdw"", ""author_display_name"": ""@MarcoItachiKun"", ""reply_count"": 0}",0.037,0.888,0.075,0.4215,positive,frustrated_demand,0.7,1.0,1.0,0.0,2.0,1,0
youtube,comment,“I’m afraid it’s been… 4 years”.,2026-04-19 16:03:22+00:00,0,gNVWtjbGWdw,"{""video_id"": ""gNVWtjbGWdw"", ""author_display_name"": ""@TheMemorySlot"", ""reply_count"": 0}",0.0,1.0,0.0,0.0,neutral,frustrated_demand,0.7,1.0,0.3,0.0,1.3,1,0
youtube,comment,2 years later we’re still waiting for another trailer,2024-10-29 06:41:05+00:00,2,j2DSEkYFRh8,"{""video_id"": ""j2DSEkYFRh8"", ""author_display_name"": ""@Doomguy.666"", ""reply_count"": 0}",0.0,1.0,0.0,0.0,neutral,frustrated_demand,0.7,1.0,0.3,1.0986122886681098,1.5856391950537085,1,0
youtube,comment,4 years IS nothing. Come back in 6 years or so.,2026-04-18 12:43:33+00:00,0,gNVWtjbGWdw,"{""video_id"": ""gNVWtjbGWdw"", ""author_display_name"": ""@dawnaeaclaudiuscaesaraugus714"", ""reply_count"": 0}",0.0,1.0,0.0,0.0,neutral,frustrated_demand,0.7,1.0,0.3,0.0,1.3,1,0
youtube,comment,"I'm at a point where i just wait and see. having lower expectations usually rewards you with bigger surprises. we have a date so i'll just wait for that date to come and see what we'll get. we know they are working on it, we haven't heared anything about a cancalation so in this case no news are good news in my book. also it's just fun to see how my fellow KH fans are decending into madness over every little breadcrumb we get",2026-04-03 07:11:09+00:00,5,ZxKqFEAARYU,"{""video_id"": ""ZxKqFEAARYU"", ""author_display_name"": ""@EleysumKresnik"", ""reply_count"": 0}",0.076,0.806,0.117,0.5994,positive,frustrated_demand,0.7,1.0,1.0,1.791759469228055,2.716703787691222,1,0
youtube,comment,Only going to worry if there is absolutely NO news at D23 or before,2026-04-14 00:18:57+00:00,2,sz5gq0LgYWw,"{""video_id"": ""sz5gq0LgYWw"", ""author_display_name"": ""@MojoCoReviews"", ""reply_count"": 0}",0.338,0.662,0.0,-0.7291,negative,frustrated_demand,0.7,1.0,-0.5,1.0986122886681098,0.6098612288668109,1,0
youtube,comment,"had this video been released a couple years back, it would've definitely relit my passion towards Kingdom Hearts, fortunately enough, it wasn't needed, for I now truly love Kingdom Hearts, all the way through, start to finish. my story with Kingdom Hearts begins with Recreio, a subscription magazine from way back when, my parents used to buy me every release weekly, I have no idea how many I ended up having, but picture 3 cardboard boxes full to the brim with these 20-ish pages magazines. There I saw it, the manga version of Kingdom Hearts Chain of Memories specifically I believe to be released by Panini, something about that boy holding that key-sword(?) just endeared me, I wanted to find and buy that so much, but never did, eventually I forgot about it; Then one day, while messing with my GBA emulator at my phone, I found Kingdom Hearts Chain of Memories, it was a couple years past that initial connection to Kingdom Hearts, I remember getting so excited to try it, and giving it up shortly after. I tried a couple times but never got too far, if I did go past a world I'd be surprised honestly. From there, a lot of years go past, eventually I learned about these games on the PS2, never got around to find them where I lived to buy, but I was fortunate enough that KH was easy enough to emulate that even my terrible notebook could manage to run all 3 games at 60 fps all the time, someway and somehow, maybe divine intervention. And played I did, kinda sort of, I did get to the final world on both 1 and ReCoM, but never got around to actually beating it. 2 was different tho, I liked it way more, I did everything that I could, I got around to defeating all the bosses, I got around to do literally everything that I could've except gummi ship missions and actually finishing Jiminy's journal. Some other years later, and I got around to play BBS, beat that one, hated to do so, still don't like that game. Also got around to try Days and ReCoded, never beaten both at the time, but really enjoyed ReCoded, years later it would end up being one of my favorites from the franchise. Eventually I learned about DDD, and at the time, in some way or another I ended up playing a bit of every release of Kingdom Hearts, but I was not aware of their significance, the story connecting everything, it was literally just ""the Kingdom Hearts for the platform I can emulate"", it was just ""The Kingdom Hearts for the DS"", the one for the PSP, the GBA and the PS2 at the time. With DDD, a little bit older and more curious, I learned that people hated its story, and story was just never something that I took interest at the time for Kingdom Hearts. I wanted to actually buy a 3DS for that game, and Kid Icarus Uprising alone, never ended up getting a 3DS tho, would've only played and beaten DDD years later, like, around 2 years ago on a phone that's strong enough to emulate both. But me being unable to play it made me even more curious, I finally gotten around to learn everything I could about Kingdom Hearts. And so I did, and then I treated that like it was the most convoluted and intricate story of all time, it was a point of pride that I had to force through everyone's throat constantly, looking back I can't help but feel embarrassed. Years later, getting closer to the point of this comment, me about 16-17 years old (now 22), starting his edge phase, I started to dislike Kingdom Hearts, still would go after everything releasing but moreso out of an obligation, be the one who knows everything and also be the one who mocks about it. That's the point that my pride turned into shame, and then again turned into a self aware joke: ""yes, I know everything about Kingdom Hearts, and its ridiculous, don't play it, don't consume it, it's trash"". Looking back, I can't help but hate this moment of my life. Finally, about 3-4 years ago, KH3 was already out for a couple of years, and I had out of obligation to see everything from it, and so I did. I felt something here and there, even through all my angst I couldn't help myself, but still, a lot of angst. Then I saw that Union Cross was finally reaching its conclusion, having tried to play it in the past and just not enjoying it, although loving to collect the medals. I started picking up the pace, watching just the mandatory cutscenes at that point, following Everglow's videos up to date. And then we get to it, to that scene. Union Cross' trilogy is ultimately about betrayal. The union leaders betray one another, the unions betray one another, your friends don't tell you everything constantly, eventually even your chirity betrays you. But above all else, MoM betrays everyone. His plan born out of betrayal, born out of fear, out of absolute hatred. If you rewatch the movie, you can see how MoM's roles are completely and utterly stupid, given to the worst people possible and sharing bits of knowledge that serve for nothing but conflict, that's was the point, to end in conflict. Learning about that was extremely interesting. But the game was not over yet. We finally got to it, the final battle, and the final betrayal. Your player character, not his very first time speaking, but still impactful nonetheless. Betrays his friends, he betrays the OG darkness, but above all else, he betrays you. Not longer the player's avatar, He's the enemy now, and you have to control his friends to defeat him. But it was all a bluff. Watching that made me feel something, and everything that came before and after that scene. ""It takes so much effort to build something, but only a moment to destroy it"", not a verbatum of what Skuld said, I imagine, but its a phrase I keep with me to this day. Just all the revelations one after the other, the cutscenes in between with MoM truly explaining his plan for Luxu. Luxu the Traitor; After a long long time, I was hooked again. I loved Kingdom Hearts again. In whatever game I play, I always nickname the main male character Makoto (not because I particularly love Persona 3, I loved the 4 movies but I have no interest in playing the games at all, I still need to change my pfp to Phosphophylite to stop getting confused as a fan of Persona lol, I just really enjoy how the name sounds), the female Lyra, and if there's some pet/monster at his side, it's Orpheus or Harp. But if there's an extra spot, it always goes to Everglow. The name just became meaningful for me after watching that video, watching in a premier, WHICH I HATE TO DO, but not at that time. It's my way of thanking him. Then Damo357 dubs the entire game, and, yeah, I can't help myself but cry every single time that I rewatch those 7 hours of hand picked cutscenes. Damien is the player character's name, he did too much to not deserve it. But everglow is the reason I'm in love with Kingdom Hearts again, why I go back to watch those same moments from KH3 and bawl my eyes out. Thanks for being a third reason of why I love Kingdom Hearts.",2026-03-24 14:27:20+00:00,0,6g5otBrymgI,"{""video_id"": ""6g5otBrymgI"", ""author_display_name"": ""@leonardodelimaferreira8509"", ""reply_count"": 1}",0.112,0.709,0.178,0.9988,positive,frustrated_demand,1.0,1.0,1.0,0.0,2.0,1,0
youtube,comment,"Great video as usual Jared! I’m a bit less confident than you regarding Takashi Kiryu and his management. Of course, we can’t really comment yet since the reboot isn’t effective for the public yet, but we can still note the various decisions made, such as the cancellation of Missing Link (I don't know if we'll ever find out the truth or see a reboot of the project). At the same time as this cancellation, they announced FF14 on mobile, a Dragon Quest mobile game, and Dissidia Duelum Final Fantasy. These are clearly choices made under his direction that are clearly questionable. They can of course use these “games” as fillers while waiting for the ""reboot phase"" but in my opinion, this gives a very bad image of their franchise and their name, because we’re not getting out of the mentality of the bad AA games released previously. I hope the company will seriously reevaluate its approach; I’m a bit skeptical of white-collar workers because they always seem to find a way to take bad ideas from elsewhere and apply them to their own company without really understanding what the public expects (This is more important than the defenders of these companies would like to believe). Square Enix's entire reputation and image are at stake here. This is what the investment group addressed to the president, but they received no response from him, which led to the release of the 100-page document warning that, in the ""short term vision of thing for us"" since Kiriyu took office, the company has failed to effectively manage its ambitions regarding public silence and transparency. Kingdom Hearts deserves better, and they could have anticipated this problem with Disney a long time ago, but they didn't... The series could benefit from transmedia efforts to bridge the gap in anticipation with the X saga and bring everyone up to the same level of understanding of the story. But no, all we get is silence and mismanagement. Sorry for the long comment XD",2026-04-13 16:03:14+00:00,9,sz5gq0LgYWw,"{""video_id"": ""sz5gq0LgYWw"", ""author_display_name"": ""@memoriaconnexion"", ""reply_count"": 0}",0.102,0.759,0.139,0.9307,positive,frustrated_demand,0.7,1.0,1.0,2.302585092994046,2.9210340371976184,1,0
youtube,comment,"2 Years & we still have no news yet. Game Awards, please let us see our Boy Sora again!",2024-11-18 08:18:43+00:00,1,j2DSEkYFRh8,"{""video_id"": ""j2DSEkYFRh8"", ""author_display_name"": ""@JericoV"", ""reply_count"": 0}",0.092,0.672,0.235,0.5255,positive,frustrated_demand,0.7,1.0,1.0,0.6931471805599453,2.277258872223978,1,0
youtube,comment,"To paraphrase the Warden from Holes... 4 years! 4 long years, and this is all you jackasses have to show for it!",2026-04-17 18:44:16+00:00,0,gNVWtjbGWdw,"{""video_id"": ""gNVWtjbGWdw"", ""author_display_name"": ""@tss3393"", ""reply_count"": 0}",0.173,0.827,0.0,-0.658,negative,frustrated_demand,0.7,1.0,-0.5,0.0,0.5,1,0
youtube,comment,its been 4 years dawg.,2026-04-23 20:58:25+00:00,1,j2DSEkYFRh8,"{""video_id"": ""j2DSEkYFRh8"", ""author_display_name"": ""@mattplaysgames312"", ""reply_count"": 0}",0.0,1.0,0.0,0.0,neutral,frustrated_demand,0.7,1.0,0.3,0.6931471805599453,1.480218266945586,1,0
youtube,comment,0:39 this is so me bruh. And all of us I'm sure. Just going crazy over it and 4 YEARS???,2026-04-17 22:24:19+00:00,14,gNVWtjbGWdw,"{""video_id"": ""gNVWtjbGWdw"", ""author_display_name"": ""@Yeniffy"", ""reply_count"": 0}",0.127,0.775,0.099,-0.163,negative,frustrated_demand,0.7,1.0,-0.5,2.70805020110221,0.770805020110221,1,0
youtube,comment,Still waiting for Melody of Memory,2025-03-14 03:00:09+00:00,0,G5_3qdf19BU,"{""video_id"": ""G5_3qdf19BU"", ""author_display_name"": ""@CucasNerdyCorner"", ""reply_count"": 0}",0.0,1.0,0.0,0.0,neutral,frustrated_demand,0.7,1.0,0.3,0.0,1.3,1,0
youtube,comment,"Its currnetly 2025, there is still no news",2025-02-13 07:58:51+00:00,125,j2DSEkYFRh8,"{""video_id"": ""j2DSEkYFRh8"", ""author_display_name"": ""@GzNigel"", ""reply_count"": 13}",0.239,0.761,0.0,-0.296,negative,frustrated_demand,0.7,1.0,-0.5,4.836281906951478,0.9836281906951478,1,0
youtube,comment,Square Enix what are you doing what is so hard releasing the trailer from kh4 screenshots and save the rest when game is closer to release date,2026-04-18 00:22:19+00:00,0,gNVWtjbGWdw,"{""video_id"": ""gNVWtjbGWdw"", ""author_display_name"": ""@MarvinTookesIII"", ""reply_count"": 0}",0.062,0.831,0.106,0.3256,positive,frustrated_demand,0.7,1.0,1.0,0.0,2.0,1,0
youtube,comment,the biggest unanswered mysteries is THE RELEASE DATE OF KH4,2026-03-31 14:24:24+00:00,0,zux8BX6EuxI,"{""video_id"": ""zux8BX6EuxI"", ""author_display_name"": ""@zexceed00"", ""reply_count"": 0}",0.0,1.0,0.0,0.0,neutral,frustrated_demand,0.7,1.0,0.3,0.0,1.3,1,0
youtube,comment,Holy hell where is everyone this needs more views,2026-03-23 05:59:18+00:00,1,6g5otBrymgI,"{""video_id"": ""6g5otBrymgI"", ""author_display_name"": ""@Athenasgaychild"", ""reply_count"": 0}",0.365,0.635,0.0,-0.6808,negative,frustrated_demand,0.7,1.0,-0.5,0.6931471805599453,0.5693147180559945,1,0
youtube,comment,"Man, 4 years of no KH4 news before GTA6",2026-04-17 17:11:26+00:00,0,gNVWtjbGWdw,"{""video_id"": ""gNVWtjbGWdw"", ""author_display_name"": ""@kingsman8164"", ""reply_count"": 0}",0.216,0.784,0.0,-0.296,negative,frustrated_demand,0.7,1.0,-0.5,0.0,0.5,1,0
youtube,comment,Where is a new kingdom hearts 4 Trailer,2023-09-28 20:56:27+00:00,1,j2DSEkYFRh8,"{""video_id"": ""j2DSEkYFRh8"", ""author_display_name"": ""@jkindom"", ""reply_count"": 0}",0.0,0.619,0.381,0.6486,positive,frustrated_demand,0.7,1.0,1.0,0.6931471805599453,2.277258872223978,1,0
youtube,comment,Disgusting. Almost 3 years and still no news of kh4. This is kh3 all over again. But worse. Back then we got news once in a while. It's been 2 years and 8 months of nothing. Absolutely nothing.,2024-12-13 04:17:45+00:00,10,j2DSEkYFRh8,"{""video_id"": ""j2DSEkYFRh8"", ""author_display_name"": ""@DvdLr7943"", ""reply_count"": 2}",0.185,0.815,0.0,-0.7876,negative,frustrated_demand,0.7,1.0,-0.5,2.3978952727983707,0.739789527279837,1,0
youtube,comment,"#KHonSteam #Contest I love Kingdom Hearts with all my life, I listen to Yoko Shimomura’s music every single day and I decide to replay the whole franchise every now and then on multiple platforms. So excited to see Kingdom Hearts arriving on Steam so more people can get to experience this amazing franchise.",2024-06-13 20:01:24+00:00,0,G5_3qdf19BU,"{""video_id"": ""G5_3qdf19BU"", ""author_display_name"": ""@YozoraSoraX"", ""reply_count"": 0}",0.0,0.702,0.298,0.9699,positive,general_discussion,0.3,0.1,1.0,0.0,1.1,0,0
youtube,comment,How I wish that there would be an MMO of Kingdom Hearts. Kind of like World of Warcraft where you can explore its universe.,2025-08-21 09:08:28+00:00,1,G5_3qdf19BU,"{""video_id"": ""G5_3qdf19BU"", ""author_display_name"": ""@jigs.89"", ""reply_count"": 0}",0.0,0.689,0.311,0.8591,positive,general_discussion,0.3,0.1,1.0,0.6931471805599453,1.2524923797231882,0,0
youtube,comment,I’m 15 minutes in and I have such monumental whiplash from all the jumping around I don’t even know if I want to finish the rest. I was hoping someone would finally explain it correctly but this just isn’t doing it for me. Maybe I’ll finish later.,2026-03-23 09:50:21+00:00,0,6g5otBrymgI,"{""video_id"": ""6g5otBrymgI"", ""author_display_name"": ""@thegummiphone"", ""reply_count"": 0}",0.0,0.937,0.063,0.2617,positive,general_discussion,0.3,0.1,1.0,0.0,1.1,0,0
youtube,comment,I love kingdom hearts so much 😭😭😭😭,2024-06-22 00:21:32+00:00,1,G5_3qdf19BU,"{""video_id"": ""G5_3qdf19BU"", ""author_display_name"": ""@serpentenium"", ""reply_count"": 0}",0.382,0.362,0.256,-0.4877,negative,general_discussion,0.3,0.1,-0.5,0.6931471805599453,-0.4554517744447957,0,0
youtube,comment,"fun fact the guy driving yozora at the end is 100% luxord's human form, which is a total brainfuck",2025-09-24 22:23:50+00:00,1,nS1DfiJAtEk,"{""video_id"": ""nS1DfiJAtEk"", ""author_display_name"": ""@wingusdingus1019"", ""reply_count"": 0}",0.0,0.845,0.155,0.5106,positive,general_discussion,0.3,0.1,1.0,0.6931471805599453,1.2524923797231882,0,0
youtube,comment,I just don’t even care anymore I think we should just move on until they show something if we keep speculating we are just gonna keep giving are hopes up ngl😭,2026-03-29 01:20:59+00:00,14,wwgOM_BiRQo,"{""video_id"": ""wwgOM_BiRQo"", ""author_display_name"": ""@aumjr52"", ""reply_count"": 0}",0.075,0.723,0.202,0.6486,positive,general_discussion,0.3,0.1,1.0,2.70805020110221,1.6957710442424863,0,0
youtube,comment,I've bought this series 3 times over when this comes out. Having it on steam with majority of my library just feels right.,2024-06-03 23:57:43+00:00,1,G5_3qdf19BU,"{""video_id"": ""G5_3qdf19BU"", ""author_display_name"": ""@JankyHB"", ""reply_count"": 0}",0.0,1.0,0.0,0.0,neutral,general_discussion,0.3,0.1,0.3,0.6931471805599453,0.4554517744447957,0,0
youtube,comment,This is the ultimate surprise! Sora!!!!!💜❤️👏🏾,2022-04-15 00:17:22+00:00,8,j2DSEkYFRh8,"{""video_id"": ""j2DSEkYFRh8"", ""author_display_name"": ""@animelover26ful"", ""reply_count"": 0}",0.0,0.635,0.365,0.816,positive,general_discussion,0.3,0.1,1.0,2.1972245773362196,1.5833894070139685,0,0
youtube,comment,"I'm a Brazilian gamer and I really like watching animations, my favorite is Raya and the Last Dragon, I would like to ask, please, if you can put her in Kingdom Hearts IV, I would love to see her in the game in a surprisingly vast world and incredible, with an exciting soundtrack and a story or adaptation as remarkable as the movie!!! It doesn't hurt to try asking, right? Another thing that would be really cool would be to translate and localize the game to Portuguese Brazil, because I don't know English well and I play in Spanish to try to understand and understand the stories of the games, this I believe would make many people feel represented and fulfilled!! !!! Soy un gamer brasilero y me gusta mucho ver animaciones, mi favorito es Raya and the Last Dragon, quisiera pedirles por favor si pueden ponerla en Kingdom Hearts IV, me encantaría verla en el juego en un mundo sorprendentemente vasto e increíble, con una banda sonora emocionante y una historia o adaptación tan notable como la película!!! No está de más intentar preguntar, ¿verdad? Otra cosa que sería genial sería traducir y localizar el juego al portugués de Brasil, porque no sé mucho inglés y juego en español para tratar de entender y entender las historias de los juegos, esto creo que haría muchos la gente se siente representada y realizada!!! Eu sou um jogador brasileiro e gosto muito de assistir animações, minha favorita é Raya e o Último Dragão, gostaria de pedir, por favor, que se puder a coloquem em Kingdom Hearts IV, gostaria muito de ver ela no jogo em um mundo surpreendentemente vasto e incrível, com uma trilha sonora emocionante e uma história ou adaptação tão marcante como a do filme!!! Não custa tentar pedir né? Outra coisa que seria muito legal seria traduzir e localizar o jogo para Português Brasil, pois, eu não sei inglês direito e jogo em espanhol para tentar entender e compreender as histórias dos jogos, isso acredito que faria muitas pessoas se sentirem representadas e realizadas!!!!!",2022-06-04 03:01:12+00:00,4,j2DSEkYFRh8,"{""video_id"": ""j2DSEkYFRh8"", ""author_display_name"": ""@stanleygamerplay9469"", ""reply_count"": 0}",0.022,0.827,0.151,0.9941,positive,general_discussion,0.3,0.1,1.0,1.6094379124341003,1.454076340735502,0,0
youtube,comment,"Currently going through 1.5FM and was looking on consensus what to play in what order. Havent played 1 and 2 since launch, Chain of Memories I played on the GBA lmao. Taking longer that I expected because of the Synth grind.",2026-04-13 01:28:33+00:00,4,eFfZqeXbioU,"{""video_id"": ""eFfZqeXbioU"", ""author_display_name"": ""@raabgatti"", ""reply_count"": 0}",0.043,0.775,0.182,0.7693,positive,general_discussion,0.3,0.1,1.0,1.6094379124341003,1.454076340735502,0,0
youtube,comment,"Thank you for explaining the beauty of Kingdom Hearts, Battler Maboroshimiya",2026-03-23 15:01:44+00:00,3,6g5otBrymgI,"{""video_id"": ""6g5otBrymgI"", ""author_display_name"": ""@okimbluecat"", ""reply_count"": 0}",0.093,0.361,0.546,0.8689,positive,general_discussion,0.3,0.1,1.0,1.3862943611198906,1.404984759446376,0,0
youtube,comment,You ever heard of or played an old ps1 squaresoft action adventure game called threads of fate. It could be considered a type of kingdom hearts prototype before kh existed.,2026-04-13 19:13:28+00:00,0,sz5gq0LgYWw,"{""video_id"": ""sz5gq0LgYWw"", ""author_display_name"": ""@noone-pf5zq"", ""reply_count"": 0}",0.0,0.75,0.25,0.8402,positive,general_discussion,0.3,0.1,1.0,0.0,1.1,0,0
youtube,comment,You deserve way more subs,2026-04-08 23:07:42+00:00,0,9d8LK9840IU,"{""video_id"": ""9d8LK9840IU"", ""author_display_name"": ""@redhood444"", ""reply_count"": 0}",0.0,1.0,0.0,0.0,neutral,general_discussion,0.3,0.1,0.3,0.0,0.4,0,0
youtube,comment,I believe Master Odin will return I don't think he passed away he probably took another form or another body just like master Luxu,2026-03-31 14:29:47+00:00,0,zux8BX6EuxI,"{""video_id"": ""zux8BX6EuxI"", ""author_display_name"": ""@johnroy7708"", ""reply_count"": 0}",0.0,0.902,0.098,0.3612,positive,general_discussion,0.3,0.1,1.0,0.0,1.1,0,0
youtube,comment,Lets hope we get more new kh4 trailer and screenshot in 2026.,2026-04-03 01:22:51+00:00,5,ZxKqFEAARYU,"{""video_id"": ""ZxKqFEAARYU"", ""author_display_name"": ""@MarvinTookesIII"", ""reply_count"": 0}",0.0,0.791,0.209,0.4404,positive,general_discussion,0.3,0.1,1.0,1.791759469228055,1.4941870832301722,0,0
youtube,comment,Gimme dat COPIUM!!!!!,2025-11-06 14:24:06+00:00,0,Xt_hGLer2gk,"{""video_id"": ""Xt_hGLer2gk"", ""author_display_name"": ""@austinsilvia7476"", ""reply_count"": 0}",0.0,1.0,0.0,0.0,neutral,general_discussion,0.3,0.1,0.3,0.0,0.4,0,0
youtube,comment,Subject X was busted out by Luxu. Literally Secret Report 1.,2026-04-01 03:40:57+00:00,0,zux8BX6EuxI,"{""video_id"": ""zux8BX6EuxI"", ""author_display_name"": ""@SirNightGaunt"", ""reply_count"": 0}",0.0,1.0,0.0,0.0,neutral,general_discussion,0.3,0.1,0.3,0.0,0.4,0,0
youtube,comment,"I personally don't think the fact that we haven't had a KH4 re-reveal yet means the game won't be out in 2026. I have a feeling they'll keep the KH4 marketing cycle a bit more compact than usual (like maybe 9 months or so) But these business plans on the other hand definitely do paint a picture that KH4 might really be a 2027 title after all... So we're really going for a 7-8 year dev cycle, huh? A 2027 release also makes me unconvinced we'd hear anything at the Game Awards. The next trailer's probably more likely to just appear one day on social media, or as part of a PlayStation State of Play, or maybe at Summer Games Fest 2026 (if the game is indeed releasing in 2027). I'm not gonna be bullish enough to say that it's definitely not gonna be at the Game Awards (unlike what my stance on Gamescom and TGS was), but a fair word of caution for anyone reading this: Don't go into TGA expecting a KH4 re-reveal. You're setting yourself up for disappointment. Again.",2025-11-06 14:47:23+00:00,0,Xt_hGLer2gk,"{""video_id"": ""Xt_hGLer2gk"", ""author_display_name"": ""@kev1nno"", ""reply_count"": 0}",0.038,0.825,0.137,0.9618,positive,general_discussion,0.3,0.1,1.0,0.0,1.1,0,0
youtube,comment,I loved this video ❤ great work here bro! Long time fan here,2026-04-23 15:09:59+00:00,1,mU1zHAA9j8k,"{""video_id"": ""mU1zHAA9j8k"", ""author_display_name"": ""@Benjamin.burrito"", ""reply_count"": 0}",0.0,0.403,0.597,0.9412,positive,general_discussion,0.3,0.1,1.0,0.6931471805599453,1.2524923797231882,0,0
youtube,comment,KH4 is so cooked,2026-04-14 10:53:22+00:00,0,sz5gq0LgYWw,"{""video_id"": ""sz5gq0LgYWw"", ""author_display_name"": ""@KushTyphoon"", ""reply_count"": 0}",0.0,1.0,0.0,0.0,neutral,general_discussion,0.3,0.1,0.3,0.0,0.4,0,0
youtube,comment,I want see how they handle yozora,2026-03-31 14:12:31+00:00,0,zux8BX6EuxI,"{""video_id"": ""zux8BX6EuxI"", ""author_display_name"": ""@SiyamthandaQwabe-or7er"", ""reply_count"": 0}",0.0,0.822,0.178,0.0772,positive,general_discussion,0.3,0.1,1.0,0.0,1.1,0,0
youtube,comment,19:51 the left one looks like Kadaj with longer hair,2026-04-01 05:21:17+00:00,0,zux8BX6EuxI,"{""video_id"": ""zux8BX6EuxI"", ""author_display_name"": ""@Twinpine9666"", ""reply_count"": 0}",0.0,0.783,0.217,0.3612,positive,general_discussion,0.3,0.1,1.0,0.0,1.1,0,0
youtube,comment,Sanctuary kingdom hearts 4 coming soon too ❤🎉❤🎉❤🎉❤🎉❤🎉❤🎉❤🎉❤🎉❤🎉❤🎉❤🎉❤🎉❤🎉❤🎉❤🎉❤🎉❤🎉❤🎉❤🎉❤🎉❤🎉❤🎉❤🎉❤🎉❤🎉❤🎉❤🎉❤🎉❤🎉,2025-11-08 06:02:49+00:00,1,Xt_hGLer2gk,"{""video_id"": ""Xt_hGLer2gk"", ""author_display_name"": ""@micahblair6464"", ""reply_count"": 0}",0.0,0.238,0.762,0.9996,positive,general_discussion,0.3,0.1,1.0,0.6931471805599453,1.2524923797231882,0,0
youtube,comment,Finalmente alguém falando a verdade sobre Kingdom Hearts,2026-03-23 16:18:50+00:00,2,6g5otBrymgI,"{""video_id"": ""6g5otBrymgI"", ""author_display_name"": ""@lukitas1121"", ""reply_count"": 0}",0.0,0.619,0.381,0.6486,positive,general_discussion,0.3,0.1,1.0,1.0986122886681098,1.3416947035069842,0,0
youtube,comment,"I would like to point out something that seems to confuse people here when they hear that statement guys when she said ""similar"" to an afterworld that doesn't mean that this is the afterworld. The reason why I'm saying this is because of this statement everyone thought Sora dead/died and came here but that's not what happened. What happened was because Sora constant misuse of the power of waking he was thinning his existence in his reality when he did it one last time to save Kairi he thinned his existence too much so he ended up fading/bleeding into the next reality that doesn't count as death/dying or being erased from existence since everyone still remembers him and that his heart his still connected to the people close to him just weaker as shown in melody of memory where the memory Xehanort said that he can still reach here but his voice can not reach very far. As for how Strelitzia showed up here I have no idea although I do have a few theory's on what's going except I need more information to be certain.",2023-09-03 13:34:06+00:00,1,j2DSEkYFRh8,"{""video_id"": ""j2DSEkYFRh8"", ""author_display_name"": ""@AnimeAoi"", ""reply_count"": 1}",0.046,0.877,0.078,0.8146,positive,general_discussion,0.3,0.1,1.0,0.6931471805599453,1.2524923797231882,0,0
youtube,comment,Oh no square enix got to Jared 😂😂😂 he's officially gone the clown make-up is officially on him forever,2026-04-17 19:07:45+00:00,0,gNVWtjbGWdw,"{""video_id"": ""gNVWtjbGWdw"", ""author_display_name"": ""@evolution6oytcg988"", ""reply_count"": 0}",0.174,0.574,0.252,0.7579,positive,general_discussion,0.3,0.1,1.0,0.0,1.1,0,0
youtube,comment,❤❤❤❤❤❤,2026-04-16 15:51:32+00:00,0,zux8BX6EuxI,"{""video_id"": ""zux8BX6EuxI"", ""author_display_name"": ""@chandlermua7967"", ""reply_count"": 0}",0.0,0.192,0.808,0.9803,positive,general_discussion,0.3,0.1,1.0,0.0,1.1,0,0
youtube,comment,"This video perfectly lays out why I have always liked Kingdom Hearts better than 2. Whenever I try to say why I come off as a 2 hater even though both games are literally in my top 10 of all time! Fantastic video, glad i finally got around to watching it",2026-04-22 16:15:01+00:00,0,9d8LK9840IU,"{""video_id"": ""9d8LK9840IU"", ""author_display_name"": ""@Shua-56"", ""reply_count"": 0}",0.041,0.626,0.333,0.9642,positive,general_discussion,0.3,0.1,1.0,0.0,1.1,0,0
youtube,comment,1:44:24 “Does Xigbar even care about any of this?” Hint hint,2026-03-31 00:47:33+00:00,7,9d8LK9840IU,"{""video_id"": ""9d8LK9840IU"", ""author_display_name"": ""@thedecembomber"", ""reply_count"": 1}",0.0,0.758,0.242,0.4939,positive,general_discussion,0.3,0.1,1.0,2.0794415416798357,1.557477139169564,0,0
youtube,comment,There gonna make so much money as nothing dies on pc Kh is officially on pc boys we need more square enix games,2024-06-30 23:00:05+00:00,1,G5_3qdf19BU,"{""video_id"": ""G5_3qdf19BU"", ""author_display_name"": ""@justaregularguy3827"", ""reply_count"": 0}",0.0,1.0,0.0,0.0,neutral,general_discussion,0.3,0.1,0.3,0.6931471805599453,0.4554517744447957,0,0
youtube,comment,Queef?😂😂😂😂 no QUEETH😮😮😮😮😂😂😂😂,2025-10-03 08:05:23+00:00,0,nS1DfiJAtEk,"{""video_id"": ""nS1DfiJAtEk"", ""author_display_name"": ""@Zay2697lee"", ""reply_count"": 0}",0.194,0.468,0.339,0.9638,positive,general_discussion,0.3,0.1,1.0,0.0,1.1,0,0
youtube,comment,It wouldn't hurt as much if Missing Link actually released.,2026-04-18 00:22:16+00:00,8,gNVWtjbGWdw,"{""video_id"": ""gNVWtjbGWdw"", ""author_display_name"": ""@The_Red_Lucario"", ""reply_count"": 0}",0.17,0.617,0.214,0.1471,positive,general_discussion,0.3,0.1,1.0,2.1972245773362196,1.5833894070139685,0,0
youtube,comment,Haley Joel Osmet is back in the recording studio so high hopes,2025-11-06 15:06:17+00:00,19,Xt_hGLer2gk,"{""video_id"": ""Xt_hGLer2gk"", ""author_display_name"": ""@MatthewDickendasher"", ""reply_count"": 4}",0.0,0.781,0.219,0.4728,positive,general_discussion,0.3,0.1,1.0,2.995732273553991,1.7590611001818781,0,0
youtube,comment,"i freakling love you man, i laughed my butt off",2026-04-18 20:21:24+00:00,0,gNVWtjbGWdw,"{""video_id"": ""gNVWtjbGWdw"", ""author_display_name"": ""@erekhronmusic"", ""reply_count"": 0}",0.0,0.526,0.474,0.802,positive,general_discussion,0.3,0.1,1.0,0.0,1.1,0,0
youtube,comment,They want money? Attach a kh4 demo to ff7r p3 lmao,2026-04-14 18:51:55+00:00,1,sz5gq0LgYWw,"{""video_id"": ""sz5gq0LgYWw"", ""author_display_name"": ""@ironkeysora"", ""reply_count"": 0}",0.0,0.634,0.366,0.6369,positive,general_discussion,0.3,0.1,1.0,0.6931471805599453,1.2524923797231882,0,0
youtube,comment,just take the cutscenes or something as a rechain of memories and slap it on. problem solved as best as it can for the lowest costs,2026-04-22 01:37:32+00:00,0,-3-bVFiTTCE,"{""video_id"": ""-3-bVFiTTCE"", ""author_display_name"": ""@ZeroOmega-vg8nq"", ""reply_count"": 0}",0.155,0.614,0.231,0.3818,positive,general_discussion,0.3,0.1,1.0,0.0,1.1,0,0
youtube,comment,"I loved your old KH video back then, this new one is just amazing. GOATED",2025-02-22 19:08:09+00:00,5,nS1DfiJAtEk,"{""video_id"": ""nS1DfiJAtEk"", ""author_display_name"": ""@maseken"", ""reply_count"": 0}",0.0,0.628,0.372,0.8271,positive,general_discussion,0.3,0.1,1.0,1.791759469228055,1.4941870832301722,0,0
youtube,comment,I’m a Elderscrolls and Kingdom Hearts fan. PAIN,2026-04-17 19:56:26+00:00,0,gNVWtjbGWdw,"{""video_id"": ""gNVWtjbGWdw"", ""author_display_name"": ""@DVADigitall420"", ""reply_count"": 0}",0.258,0.32,0.422,0.3751,positive,general_discussion,0.3,0.1,1.0,0.0,1.1,0,0
youtube,comment,"I don't mind the huge hiatus-like gaps, so long as the game is good. KH3 was fine. Better than fine for me, but even that gap was too long for what the end result was. Now this, this is too long and with little proof to prove it's worth waiting for, it is a bit nerve wracking.",2026-04-13 15:28:27+00:00,0,wwgOM_BiRQo,"{""video_id"": ""wwgOM_BiRQo"", ""author_display_name"": ""@eatyourveggies_"", ""reply_count"": 0}",0.024,0.829,0.147,0.6777,positive,general_discussion,0.3,0.1,1.0,0.0,1.1,0,0
youtube,comment,I'm calling it! Master Odin retires and becomes Yen Sid 😅,2026-04-01 21:49:33+00:00,0,zux8BX6EuxI,"{""video_id"": ""zux8BX6EuxI"", ""author_display_name"": ""@SPIRALBOMBER"", ""reply_count"": 0}",0.0,0.823,0.177,0.4199,positive,general_discussion,0.3,0.1,1.0,0.0,1.1,0,0
youtube,comment,"Out here talking ""THIS"" is the problem with KH Lore as if this story wasn't constantly writting itself into a hole in every game",2026-04-20 18:21:24+00:00,33,-3-bVFiTTCE,"{""video_id"": ""-3-bVFiTTCE"", ""author_display_name"": ""@travismatajcich8939"", ""reply_count"": 2}",0.105,0.895,0.0,-0.4019,negative,general_discussion,0.3,0.1,-0.5,3.5263605246161616,-0.6821088419692929,0,0
youtube,comment,"Nice meme, I'll take it. 🫴🏻📦",2026-03-31 14:25:32+00:00,0,zux8BX6EuxI,"{""video_id"": ""zux8BX6EuxI"", ""author_display_name"": ""@azuchilimted"", ""reply_count"": 0}",0.0,0.763,0.237,0.4215,positive,general_discussion,0.3,0.1,1.0,0.0,1.1,0,0
youtube,comment,1 yr and 7 months more guys before it beats Kingdom Hearts III wait time. Hang in there!,2026-04-18 00:32:19+00:00,0,gNVWtjbGWdw,"{""video_id"": ""gNVWtjbGWdw"", ""author_display_name"": ""@darkisaac1625"", ""reply_count"": 0}",0.0,0.787,0.213,0.68,positive,general_discussion,0.3,0.1,1.0,0.0,1.1,0,0
youtube,comment,Big thanks to NordVPN for supporting this video! Protect your online privacy and support the channel by signing up here: (risk free with a 30-day money-back guarantee!),2025-01-17 01:44:25+00:00,77,nS1DfiJAtEk,"{""video_id"": ""nS1DfiJAtEk"", ""author_display_name"": ""@SuggestiveGaming"", ""reply_count"": 1}",0.054,0.512,0.435,0.9311,positive,general_discussion,0.3,0.1,1.0,4.356708826689592,2.0584759418717105,0,0
youtube,comment,Came here after beating KH3 for the 2nd time and was extremely confused at some points. This is BY FAR the best explanation video. Thank you for this!,2026-04-15 18:03:35+00:00,0,nS1DfiJAtEk,"{""video_id"": ""nS1DfiJAtEk"", ""author_display_name"": ""@SoraIDZ"", ""reply_count"": 0}",0.153,0.656,0.191,0.3397,positive,general_discussion,0.3,0.1,1.0,0.0,1.1,0,0
youtube,comment,Will kingdom hearts missing link ever come out anytime in the nearest future of this year?,2024-06-01 23:09:24+00:00,0,G5_3qdf19BU,"{""video_id"": ""G5_3qdf19BU"", ""author_display_name"": ""@MrHero109"", ""reply_count"": 0}",0.107,0.683,0.21,0.4767,positive,general_discussion,0.3,0.1,1.0,0.0,1.1,0,0
youtube,comment,23:40 “the two upcoming games in the series that we 100% know are coming out in the future” 😅,2025-12-01 13:27:41+00:00,6,eFfZqeXbioU,"{""video_id"": ""eFfZqeXbioU"", ""author_display_name"": ""@JakeReeves123"", ""reply_count"": 1}",0.0,0.894,0.106,0.3612,positive,general_discussion,0.3,0.1,1.0,1.9459101490553132,1.528100232792169,0,0
youtube,comment,The phone games were just a bad idea on general. Put big lore things like Dark Road into the actual games instead of in places where fewer people will experience to begin with and will eventually be taken down.,2026-04-17 18:58:18+00:00,193,-3-bVFiTTCE,"{""video_id"": ""-3-bVFiTTCE"", ""author_display_name"": ""@joelsasmad"", ""reply_count"": 19}",0.081,0.86,0.058,-0.25,negative,general_discussion,0.3,0.1,-0.5,5.267858159063328,-0.8214286527250663,0,0
youtube,comment,“I’m almost 30”… I felt that,2026-04-18 18:02:43+00:00,0,gNVWtjbGWdw,"{""video_id"": ""gNVWtjbGWdw"", ""author_display_name"": ""@eastside765"", ""reply_count"": 0}",0.0,1.0,0.0,0.0,neutral,general_discussion,0.3,0.1,0.3,0.0,0.4,0,0
youtube,comment,I really don't care about Verum Rex at all.,2026-04-24 14:48:15+00:00,0,mU1zHAA9j8k,"{""video_id"": ""mU1zHAA9j8k"", ""author_display_name"": ""@chicotedelaacera7937"", ""reply_count"": 0}",0.266,0.734,0.0,-0.4416,negative,general_discussion,0.3,0.1,-0.5,0.0,-0.4,0,0
youtube,comment,daily watch #3,2025-03-05 22:27:48+00:00,0,G5_3qdf19BU,"{""video_id"": ""G5_3qdf19BU"", ""author_display_name"": ""@SawyboiWasTaken"", ""reply_count"": 0}",0.0,1.0,0.0,0.0,neutral,general_discussion,0.3,0.1,0.3,0.0,0.4,0,0
youtube,comment,Kudos to you for still sticking to this franchise. The nail in the coffin for me was all the mobile game stuff being canon. And IMPORTANT canon too.,2026-04-17 23:24:07+00:00,0,gNVWtjbGWdw,"{""video_id"": ""gNVWtjbGWdw"", ""author_display_name"": ""@braxinIV"", ""reply_count"": 0}",0.0,0.817,0.183,0.7034,positive,general_discussion,0.3,0.1,1.0,0.0,1.1,0,0
youtube,comment,Legendary Refresh. Uploaded 1 Minute Ago. 1 Minute Gang!,2026-04-13 15:03:59+00:00,22,sz5gq0LgYWw,"{""video_id"": ""sz5gq0LgYWw"", ""author_display_name"": ""@ExplosivePeeps"", ""reply_count"": 2}",0.0,1.0,0.0,0.0,neutral,general_discussion,0.3,0.1,0.3,3.1354942159291497,0.6508395372743321,0,0
youtube,comment,Few years too late. Already sailed the sevens seas in regards to this franchise. Fuck all this exclusivity shit.,2024-06-08 01:12:05+00:00,1,G5_3qdf19BU,"{""video_id"": ""G5_3qdf19BU"", ""author_display_name"": ""@muffinsat4am"", ""reply_count"": 0}",0.295,0.705,0.0,-0.7964,negative,general_discussion,0.3,0.1,-0.5,0.6931471805599453,-0.4554517744447957,0,0
youtube,comment,Could demeyx be a oerson from unreailty (our reality ) like luxord and him staing in these disney worlds is him just having fun,2026-04-05 15:35:33+00:00,0,zux8BX6EuxI,"{""video_id"": ""zux8BX6EuxI"", ""author_display_name"": ""@ahmadalaqib8148"", ""reply_count"": 0}",0.0,0.791,0.209,0.7003,positive,general_discussion,0.3,0.1,1.0,0.0,1.1,0,0
youtube,comment,"After 20 years of Kingdom Hearts, this is the best game, but I’ve never played it. I also wanna say: I hope more worlds will come to Kingdom hearts IV. (Eg. of new worlds that’ll come: Miraculous Ladybug, Encanto, Brave, etc.)",2022-08-18 11:42:51+00:00,1,j2DSEkYFRh8,"{""video_id"": ""j2DSEkYFRh8"", ""author_display_name"": ""@sweatboy10"", ""reply_count"": 0}",0.045,0.612,0.344,0.9589,positive,general_discussion,0.3,0.1,1.0,0.6931471805599453,1.2524923797231882,0,0
youtube,comment,They're making a Kingdom Hearts 4? It's been so long I forgot. 🤣😅,2026-04-07 04:05:43+00:00,0,zux8BX6EuxI,"{""video_id"": ""zux8BX6EuxI"", ""author_display_name"": ""@Darkblade18100"", ""reply_count"": 0}",0.0,0.643,0.357,0.875,positive,general_discussion,0.3,0.1,1.0,0.0,1.1,0,0
youtube,comment,"After finishing it, this is pretty much the definitive Kingdom Hearts story synopsis for anyone looking to catch up or just refresh their memory.",2025-02-16 22:39:25+00:00,689,nS1DfiJAtEk,"{""video_id"": ""nS1DfiJAtEk"", ""author_display_name"": ""@jordanbuse2327"", ""reply_count"": 2}",0.0,0.746,0.254,0.8176,positive,general_discussion,0.3,0.1,1.0,6.536691597591305,2.5380721514700872,0,0
youtube,comment,My goat...,2026-03-23 07:25:11+00:00,0,6g5otBrymgI,"{""video_id"": ""6g5otBrymgI"", ""author_display_name"": ""@sagapoggers"", ""reply_count"": 0}",0.0,1.0,0.0,0.0,neutral,general_discussion,0.3,0.1,0.3,0.0,0.4,0,0
youtube,comment,How many Kingdom Hearts fans died while waiting for KH3? How many have died since the KH4 trailer dropped?,2026-04-18 13:14:21+00:00,0,gNVWtjbGWdw,"{""video_id"": ""gNVWtjbGWdw"", ""author_display_name"": ""@JP-1990"", ""reply_count"": 0}",0.271,0.574,0.154,-0.504,negative,general_discussion,0.3,0.1,-0.5,0.0,-0.4,0,0
youtube,comment,"I wanted to see that kingdom hearts 4 trailer, I can't wait to see Mickey finally gonna have a story in the game as a playable, and I really love his Japenese voice in the japenese dub, I was wondering about the scream",2026-04-24 01:35:26+00:00,1,XO1PlvNN_7s,"{""video_id"": ""XO1PlvNN_7s"", ""author_display_name"": ""@AngelinatheAngelhog7925"", ""reply_count"": 0}",0.052,0.777,0.171,0.796,positive,high_intent,0.7,2.0,1.0,0.6931471805599453,3.4158883083359672,0,1
youtube,comment,"I may not have grown up playing Kingdom Hearts but it dose hold a very dear place in my heart and ill always love this series. I was ecstatic when the cloud versions came to Switch because i could finally play these games and experience this series myself. I was also going through a very dark time in my life and if it wasn't for those Saturday nights playing this series with my brother till we passed out in the living room, i might not be breathing today. It kept me going and im so excited to see it become more accessible to even more people. Myself included cuz lets be honest here fighting the internet to get through on the cloud versions was less then ideal, but it got me through nonetheless. I cant wait for the release and go through my beloved series again on Steam and have it on my Steam page and can't wait to work towards 100%ing the Steam achievements",2024-05-28 19:23:39+00:00,1,G5_3qdf19BU,"{""video_id"": ""G5_3qdf19BU"", ""author_display_name"": ""@saphera152"", ""reply_count"": 0}",0.034,0.739,0.227,0.9915,positive,high_intent,0.7,2.0,1.0,0.6931471805599453,3.4158883083359672,0,1
youtube,comment,I know I'm not buying it. Try being 42. I was in high-school when the first one released. I barely felt like buying the 3rd one. I stopped caring about that franchise after they completely butchered KH iii game.,2026-04-22 02:37:29+00:00,1,gNVWtjbGWdw,"{""video_id"": ""gNVWtjbGWdw"", ""author_display_name"": ""@PetervonFeldt"", ""reply_count"": 0}",0.044,0.831,0.125,0.5456,positive,high_intent,0.7,2.0,1.0,0.6931471805599453,3.4158883083359672,0,1
youtube,comment,Can't wait for the year 2027 when we talk about KH4 possibly releasing in 2029 with no new trailer since the first one.,2025-11-06 14:34:57+00:00,22,Xt_hGLer2gk,"{""video_id"": ""Xt_hGLer2gk"", ""author_display_name"": ""@venumidasreal"", ""reply_count"": 1}",0.091,0.909,0.0,-0.296,negative,high_intent,0.7,2.0,-0.5,3.1354942159291497,2.440648264778745,0,1
youtube,comment,"Listen, I've watched videos with 3 hour marks but this here? This definitely cut the cake but I ENJOYED every second of it. So much so that I just beat Birth By Sleep recently and now I'm gonna hop on KH1 and continue the journey! Thank you for this public service. I, as well as other fans here, can't wait for any KH4 updates and the release of it!!",2025-04-08 21:51:28+00:00,5,nS1DfiJAtEk,"{""video_id"": ""nS1DfiJAtEk"", ""author_display_name"": ""@NYFella1"", ""reply_count"": 0}",0.032,0.77,0.199,0.9419,positive,high_intent,1.0,2.0,1.0,1.791759469228055,4.075055681536833,0,1
youtube,comment,"Yeah, I’m not buying it lol they took 100% advantage of the fans by trying to save their own cancellation of missing link with screenshots. Screen. Shots. And everyone ate it up. A whole nothing burger lol Then they hit us with “keep an eye out for further updates."" This game ain’t coming out until 2028/2029",2026-04-23 00:49:20+00:00,3,XO1PlvNN_7s,"{""video_id"": ""XO1PlvNN_7s"", ""author_display_name"": ""@jankounchained4211"", ""reply_count"": 0}",0.107,0.778,0.115,0.1371,positive,high_intent,0.7,2.0,1.0,1.3862943611198906,3.8317766166719345,0,1
youtube,comment,"This video is so interesting so far! I've always been incredibly curious about the japanese text! The ""those who know nothing can understand nothing"" line I always interpreted about seeinf but to see I was so accurate is sick! It literally mirrors the master of masters as he essentially got that thought through him yet ironically, Xehanort remained so blind. I did not, however, catch the platos cave parallel with them literally being in a cave. Got me good with that one. Had me jumping out of my seat. Can't wait to be more surprised later! Glad to see a video exploring how deep kh is. So many people just dismisses it as senseless nonsense when it isn't. Or just make unconvincing fallacy arguments. Just showing them and teaching is so much more effective in this adhd like format haha.",2026-03-23 17:22:16+00:00,10,6g5otBrymgI,"{""video_id"": ""6g5otBrymgI"", ""author_display_name"": ""@yohanthefate7331"", ""reply_count"": 0}",0.096,0.739,0.164,0.8956,positive,high_intent,0.7,2.0,1.0,2.3978952727983707,4.438737163679022,0,1
youtube,comment,All the remasters and remakes had their difficulty nerfed big time. There is nothing like just buying an actual ps2 and playing the original.,2026-03-16 17:17:58+00:00,1,eFfZqeXbioU,"{""video_id"": ""eFfZqeXbioU"", ""author_display_name"": ""@BuggzBunni8"", ""reply_count"": 0}",0.158,0.699,0.143,-0.1053,negative,high_intent,1.0,2.0,-0.5,0.6931471805599453,1.7079441541679836,0,1
youtube,comment,"Couldn't watch it last night during the premier but I just woke up and here I am! This, may possibly be my favorite game of all time, I was 10 years old when it came out which is literally the perfect age, and I had progressed really far with my English and could actually understand the story without help unlike the first game. I remember completing the game after binging it for a week straight and starting a new save immediately, I kept on playing it almost constantly for something like 4 years until I got a PS3 and had well over 10 save files that had all been completed. This is such a special game, just like the first was, and I can't wait to watch this video!",2026-03-30 08:35:18+00:00,0,9d8LK9840IU,"{""video_id"": ""9d8LK9840IU"", ""author_display_name"": ""@FreyziTheLazy"", ""reply_count"": 0}",0.018,0.755,0.227,0.9868,positive,high_intent,1.0,2.0,1.0,0.0,3.0,0,1
youtube,comment,Great Summary! Can't wait for Phase 2 👍🏻,2025-04-05 20:24:34+00:00,6,1gnE_NzfmSc,"{""video_id"": ""1gnE_NzfmSc"", ""author_display_name"": ""@Endory2"", ""reply_count"": 0}",0.0,0.715,0.285,0.6588,positive,high_intent,0.7,2.0,1.0,1.9459101490553132,4.167546089433188,0,1
youtube,comment,"I remember buying KH2 on my 7th birthday in a store in Disney Land Paris. My dad had bought KH1 for me the year before and I fell in love instantly, so I was head over heels when I saw that a sequel already existed. It completely overshadowed any other fun I might have had in Disney Land, still one of my fondest memories.",2026-04-09 05:59:34+00:00,1,9d8LK9840IU,"{""video_id"": ""9d8LK9840IU"", ""author_display_name"": ""@peacefuldawn6823"", ""reply_count"": 0}",0.0,0.892,0.108,0.8176,positive,high_intent,1.0,2.0,1.0,0.6931471805599453,3.4158883083359672,0,1
youtube,comment,not me about to cryyyyyy likeeeeee i loved this gameeee so much and till this day i still listen to Utada Hikaru her voice sounds amazing as always (The kids will never understand) I will be buying every copy,2024-06-04 00:59:14+00:00,0,G5_3qdf19BU,"{""video_id"": ""G5_3qdf19BU"", ""author_display_name"": ""@SilverLex"", ""reply_count"": 0}",0.0,0.828,0.172,0.8271,positive,high_intent,0.7,2.0,1.0,0.0,3.0,0,1
youtube,comment,"I hope dark road finale really gives us xehanort true reasoning for throwing the words into darkness , I'm not buying that reasoning in kh3 , and missing link why could they just make it a console game to hold us over until kh4 releases. i would have bought it or make it free to play on both mobile and consoles",2022-04-13 23:20:08+00:00,1,j2DSEkYFRh8,"{""video_id"": ""j2DSEkYFRh8"", ""author_display_name"": ""@rickster008"", ""reply_count"": 0}",0.059,0.779,0.161,0.802,positive,high_intent,0.7,2.0,1.0,0.6931471805599453,3.4158883083359672,0,1
youtube,comment,#KHonSteam #Contest one of my all time favorite game! I played all episodes! I remember buying a Nintendo 3ds just for KH dream drop distance xD,2024-06-14 05:42:20+00:00,0,G5_3qdf19BU,"{""video_id"": ""G5_3qdf19BU"", ""author_display_name"": ""@jojonounou"", ""reply_count"": 0}",0.06,0.602,0.338,0.8652,positive,high_intent,0.7,2.0,1.0,0.0,3.0,0,1
youtube,comment,This game series is truly one of the best! I can't wait for KH4. I've played this game ever since it was available long ago on the PS2. The Disney worlds are always my favorites. :) #KHonSteam,2024-06-21 21:02:03+00:00,0,G5_3qdf19BU,"{""video_id"": ""G5_3qdf19BU"", ""author_display_name"": ""@jdotcarter1"", ""reply_count"": 0}",0.0,0.672,0.328,0.9392,positive,high_intent,1.0,2.0,1.0,0.0,3.0,0,1
youtube,comment,"Chain of Memories was my intro and I absolutely adored the game growing up. Zero clue WTF happened to it and most of my GBA games. Fast forward 15+ years and I’m trying to dip my toes back into gaming. I’ve got a Steam account + gaming desktop computer. I’ve also got a Switch Lite. I made the mistake of buying the Melody game off eBay, assuming it’d be a RPG from the jump 🙃😭 I’ll still keep it, but it was underwhelming when I opened my mail yesterday. Thanks for the video!!! Hoping to figure out next steps.",2026-02-22 05:42:56+00:00,2,eFfZqeXbioU,"{""video_id"": ""eFfZqeXbioU"", ""author_display_name"": ""@ezkayype"", ""reply_count"": 0}",0.057,0.84,0.103,0.7435,positive,high_intent,0.7,2.0,1.0,1.0986122886681098,3.659167373200866,0,1
youtube,comment,"Honestly might just buy KH4 from a third party instead of buying it directly from square, not a fan at all with how much they're keeping us in the dark like this. Seriously, the only reason we got ANY news this year was for damage control for when ML got cancelled, and it was just a couple screenshots. It's plain disrespectful.",2025-11-06 19:28:53+00:00,1,Xt_hGLer2gk,"{""video_id"": ""Xt_hGLer2gk"", ""author_display_name"": ""@Litten-sb7eg"", ""reply_count"": 0}",0.127,0.758,0.115,0.042,neutral,high_intent,0.7,2.0,0.3,0.6931471805599453,2.6188477030575745,0,1
youtube,comment,#KHonSteam #Contest I can't wait to binge the full series all over again!,2024-06-24 12:25:02+00:00,0,G5_3qdf19BU,"{""video_id"": ""G5_3qdf19BU"", ""author_display_name"": ""@jalpotato"", ""reply_count"": 0}",0.0,1.0,0.0,0.0,neutral,high_intent,0.7,2.0,0.3,0.0,2.3,0,1
youtube,comment,"This was the first game I ever preordered. When the first game came out I was at that age where I was trying to act like Disney was for little kids, and I wasn’t a big fan of Final Fantasy. Once I played KH1 and FF10 though it was over for me. The wait for KH2 was insane for me, it felt like it was a decade even though it was only a few years. I was so hyped playing it being blown away by the FF characters and the action. It’s still my favorite game ever.",2026-03-30 00:34:15+00:00,7,9d8LK9840IU,"{""video_id"": ""9d8LK9840IU"", ""author_display_name"": ""@oreotaku4017"", ""reply_count"": 0}",0.025,0.809,0.166,0.9275,positive,high_intent,1.0,2.0,1.0,2.0794415416798357,4.247664925007902,0,1
youtube,comment,Oh it's so pretty🎉 nice I can't wait 👍🏻ahhh love it,2024-06-22 16:40:50+00:00,0,G5_3qdf19BU,"{""video_id"": ""G5_3qdf19BU"", ""author_display_name"": ""@laurastarbrook1308"", ""reply_count"": 0}",0.0,0.48,0.52,0.9336,positive,high_intent,0.7,2.0,1.0,0.0,3.0,0,1
youtube,comment,If they would stop with the PS exclusivity they would sell so many more copies. I game on PC and theres a zero percent chance im buying a playstation so I play their games years later on sale on steam. RELEASE TO PC AND XBOX,2026-04-13 17:42:56+00:00,0,sz5gq0LgYWw,"{""video_id"": ""sz5gq0LgYWw"", ""author_display_name"": ""@blakepoling4860"", ""reply_count"": 0}",0.045,0.859,0.096,0.3566,positive,high_intent,0.7,2.0,1.0,0.0,3.0,0,1
youtube,comment,Can't wait to buy this game after ten years🙂,2022-04-14 01:41:08+00:00,5,j2DSEkYFRh8,"{""video_id"": ""j2DSEkYFRh8"", ""author_display_name"": ""@thechrischaosX"", ""reply_count"": 0}",0.0,0.803,0.197,0.4033,positive,high_intent,0.7,2.0,1.0,1.791759469228055,4.075055681536833,0,1
youtube,comment,"I see a small problem here because judging what was said in the KH4 trailer its shows that Sora was asleep there for a week since he arrived now the problem the events of melody of memories take place a whole year until they finally found where Sora is and went to get him now my question is how do you guys think this whole thing is going to work out are there going to be time skips, does time work differently between reality and unreality, time travel shenanigans again or is kingdom hearts 4 going to pull a persona style year countdown with Sora in Shibuya/Quadratum doing missions and taking down heartless until Riku shows up. What do you guys think? Also here are some personal thoughts on what I thought of the trailer its really good and I so excited to play I get a sort of a kingdom hearts 2 beginning vibe from it you know Roxas being in a fake world until something happens still can't wait and see what Square Enix and Disney have in store for us this time.",2023-08-08 22:30:48+00:00,3,j2DSEkYFRh8,"{""video_id"": ""j2DSEkYFRh8"", ""author_display_name"": ""@AnimeAoi"", ""reply_count"": 2}",0.057,0.857,0.086,0.7829,positive,high_intent,0.7,2.0,1.0,1.3862943611198906,3.8317766166719345,0,1
reddit,post,"The final Fantasy Retrospective: Planning Stage I need some help with a project of mine. I decided a while ago that I wanted to play every Final Fantasy game, and that has ballooned out into a project to experience the entire series in the context of its contemporaries. I’m playing every main line Final Fantasy game, all their direct sequels, select spinoffs, and a selection of games that either inspired Final Fantasy games or were inspired by them. I need some advice for this project though to help me do it right. Any help with any of these questions would be greatly appreciated. &amp;nbsp; 1\. I think I have pretty good list of JRPG’s (listed at bottom) that are relevant to Final Fantasy history, but I need help improving it. There are a couple of western RPGs on it, namely Ultima and Wizardry, that were big inspirations on the first Final Fantasy game, but I know that there has been more cross-pollination between the genres and I’d love suggestions for that. I’m also pretty sure that action RPGs have had a significant influence on modern Final Fantasy, to the extent that the upcoming Final Fantasy XVI is just straight up an action RPG. But the exact lineage of those games is something I have little info on. My list is clearly light in the last decade or so in that regard, although I’ve got some good picks of games influenced by classic Final Fantasy. Any suggestions are appreciated. &amp;nbsp; 2\. I need historical info on the history of the series. I’ve found a few articles, but any articles, videos, or books that could give me better context on the history of Square and Square-Enix and the people who made these games would be great. &amp;nbsp; 3\. I’m trying to experience these games in as authentic a format as I can, given that I do not speak Japanese. So I am prioritizing original releases with original graphics over remasters or remakes. I am also prioritizing official translations where I can. This brings me to an issue though, which is that Final Fantasy II, III, and V did not receive an official English translation until they were remade years later. I would like to play those games in their original form with an official English translation, or something close to it. Any information on translation patches like that would be appreciated. **NOTE: I am not asking for ROMs or information about ROMs. Only patches.** &amp;nbsp; 4\. One way I want to make this experience authentic to how these games were played when they came out is that I want to rely on period-appropriate supplemental materials for advice and walkthroughs. I would appreciate suggestions regarding strategy guides, magazines, and period websites along those lines. &amp;nbsp; 5\. Two of the main Final Fantasy games are MMO’s. I have already played Final Fantasy XIV up to current content (6.38 at time of writing) so I’m pretty good there. However, I would also like some sort of experience in Final Fantasy XI without having to actually commit to another MMO. How do you even get into FFXI in 2023? What is a reasonable stopping point for it? I don’t want to put another 500 hours into this one game, I’d like some sort of representative experience in it without grinding through 20 years of content. &amp;nbsp; 6\. The most difficult game on this list to play in some reasonable state is probably Final Fantasy XIII and it’s sequels. Originally for the PS3 and Xbox360, it is no longer possible to play these games on a modern Sony console, which is what I own. Because of the weird architecture the PS3 used the PS4 isn’t directly backwards comparable. You used to be able to play an officially emulated version streamed to the PS4 via the PS Now service, but Sony merged PS Now with PS Plus a couple of years ago and dropped the PS3 Final Fantasy’s from the service. You can play the games with backwards compatibility on an Xbox, but I’m not buying a current gen Xbox. I’m already going to buy a PS5, I’m not putting another $500 investment in this project. The games have PC ports, but Square-Enix being Square-Enix they apparently run like crap. The best idea I have for this one is to buy a refurbished PS3 in order to play the games, but I’m open to any better suggestions if someone has any. &amp;nbsp; For reference, this is my tentative games list for this project in rough order of release. Adventure Ultima Wizardry Dragon Quest Final Fantasy Phantasy Star Final Fantasy II The Final Fantasy Legend Phantasy Star II Final Fantasy III Final Fantasy IV Final Fantasy Adventure Final Fantasy V Dragon Quest V Romancing SaGa Secret of Mana Phantasy Star IV Final Fantasy VI Live a Live Chrono Trigger Tactics Ogre Seiken Densetsu 3 Super Mario RPG Final Fantasy VII Final Fantasy Tactics SaGa Frontier Xenogears Final Fantasy VIII Threads of Fate Final Fantasy IX Vagrant Story Final Fantasy X Final Fantasy: The Spirits Within Final Fantasy X-2 Dragon Quest VIII Final Fantasy XI: Online Kingdom Hearts Final Fantasy VII: Advent Children Kingdom Hearts II Grandia III Final Fantasy XII Lost Odyssey Final Fantasy IV: The After Years Dissidia Final Fantasy Final Fantasy XIII Half-Minute Hero Final Fantasy XIII-2 Lightning Returns: Final Fantasy XIII Final Fantasy XIV: A Realm Reborn Bravely Default Final Fantasy XV I Am Setsuna Octopath Traveller Final Fantasy VII Remake Cris Tales Final Fantasy XVI Theatrhythm Final Bar Line",2023-04-07 01:07:56+00:00,4,,"{""subreddit"": ""SquareEnix"", ""title"": ""The final Fantasy Retrospective: Planning Stage"", ""num_comments"": 8, ""query"": ""kingdom hearts iv""}",0.016,0.806,0.178,0.9995,positive,high_intent,0.7,2.0,1.0,1.6094379124341003,3.9656627474604598,0,1
youtube,comment,"holy crap this has a huge FFXV aesthetic going for it, and i friggin love it! can't wait!",2022-04-19 08:51:35+00:00,5,j2DSEkYFRh8,"{""video_id"": ""j2DSEkYFRh8"", ""author_display_name"": ""@Solidspank-w7h"", ""reply_count"": 0}",0.104,0.601,0.295,0.6982,positive,high_intent,0.7,2.0,1.0,1.791759469228055,4.075055681536833,0,1
youtube,comment,I can't wait for kingdom hearts 4,2022-06-14 07:02:02+00:00,1,j2DSEkYFRh8,"{""video_id"": ""j2DSEkYFRh8"", ""author_display_name"": ""@christoferrbethea3488"", ""reply_count"": 0}",0.0,0.583,0.417,0.6486,positive,high_intent,0.7,2.0,1.0,0.6931471805599453,3.4158883083359672,0,1
youtube,comment,"That ending of how much it meant to you, I'm so glad we have art that can inspire people like you to do what you do. Another wonderful video, can't wait for more, you've really become one of my favorite youtube channels",2026-04-10 13:39:00+00:00,0,9d8LK9840IU,"{""video_id"": ""9d8LK9840IU"", ""author_display_name"": ""@KisekiFox"", ""reply_count"": 0}",0.0,0.688,0.312,0.9499,positive,high_intent,0.7,2.0,1.0,0.0,3.0,0,1
youtube,comment,"You keep making me sad with all these Versus-related videos... I have not once actually finished XV, and at this point I feel like I wasted money buying the game (the complete version for PC). I just can't get into a half-assed game that is not even a shadow of what we were promised all those years ago with Versus. Nomura should leave SE, and use AI to make his original vision of the game with all the minor changes required to avoid copyright issues (or even better he should go to China and make the actual game itself, because China doesn't care about copyrights).",2026-04-15 22:25:58+00:00,0,AaZjLq3cIpg,"{""video_id"": ""AaZjLq3cIpg"", ""author_display_name"": ""@OnigoroshiZero"", ""reply_count"": 0}",0.103,0.795,0.102,-0.033,neutral,high_intent,0.7,2.0,0.3,0.0,2.3,0,1
youtube,comment,Bro thanks for that break down. It was extremely detailed. Went over things other recaps skip. Massive thanks again. Reminded me why I love this game. Story is so twisted but so grasping. Can't wait for KM4❤,2025-08-12 01:12:06+00:00,0,nS1DfiJAtEk,"{""video_id"": ""nS1DfiJAtEk"", ""author_display_name"": ""@nickolaslynch5085"", ""reply_count"": 0}",0.0,0.74,0.26,0.9062,positive,high_intent,0.7,2.0,1.0,0.0,3.0,0,1
reddit,post,"How do you decide what to play next? How do you all decide what jrpg to play next? This genre seems to be one of the few where console generation doesn't matter and all so many excellent games and stories on every console and generation. I'm interested in your decision process more than specific game recommendations. Short version: I have so many jrpgs I want to play. I have a Legion Go so now i can find more time to play games after work. I want to finish all the final fantasy games I never finished. I want to play other non final fantasy jrpgs like Xenogears. Clair Obscur 33 just came out and seems amazing. I can't decide what jrpg to play next. It seems sensible to finish older games first, especially ones I already own. But Clair Obscur 33 seems so good and would be nice to play something as it's released and not need to wait for dlc incase it's unfinished product. Long version: ( ramblings) Up until last year I hadn't played any jrpgs or many games for a good number of years. It took me over a year to finish FFXVI just because I couldn't find the time to play or have access to the TV. Then while studying for an exam for my work I decided to play YS 1 and 2 on TurboGrafx16 emulator on my mobile as it seemed like a game I could just pick up and play without feeling like I'm getting too into it and can just play in 5 minute intervals during breaks. It turned out to be way more fun then I expected and had a great soundtrack and charm with the voice acting and animated sequences too. That then got me to play FF3 nes since I played 1 and 2 gba version decade ago during uni, again using emulator. I ended up finding out about and buying the pixel remasters but never opened it. NES version surprised me with it's gameplay and music. But in the middle of that, it was nearing Christmas and got the remakes as gift. So since I didn't remember finishing FF7 in school, I decided to play OG FF7 instead. Was originally planning on it just being after study sessions for work, but ended up staying up during night to play it and finish it. But now had no interest in the remakes. After it was finished, I ended up finding out about handheld consoles and ended up with a really cheap used legion go. I moved the ff3 save from my laptop to the legion go and finished it this year. Now I thought I'd finish playing all the final fantasy games that I never finished and never played (4, 5,6, 7 DoC, 13,13-2, 13-3). To keep things interesting, maybe mix up generations and do 13, 4, 13-2, 5, 13-3, 6. But then I was reminded about Xenogears and how I never completed that but it was still one of my favourites from what I played. And then I remember Legend of Dragoon being a game I always wanted to play. And also all the other Mistwalker jrpgs like Lost Odyssey and Fantasian. Then also Kingdom Hearts I never finished and seems like it would be better to finish before I get older and potentially put off by it. And now Clair Obscur : Expedition 33 has been released. Usually I just buy games used if it's for pS4 or 5 as I can find them dirt cheap and don't need to play the latest games anymore, as I've learnt my lesson about buying games when they were in sale digitally but having a backlog I never played or finished. But this game seems to be doing so well and seems reasonably priced, even used. And I'll know I'll enjoy and would be great to play something during the period it's actually released. And it seems like there's no need for DLC like ff15 and 16 so won't be missing out if if playing now. But I feel like there's so many older games I should play first and clear before getting modern ones. Especially now I have Legion Go where I can chip away at games easier.",2025-05-07 23:57:17+00:00,1,,"{""subreddit"": ""JRPG"", ""title"": ""How do you decide what to play next?"", ""num_comments"": 0, ""query"": ""kingdom hearts 4""}",0.034,0.774,0.192,0.9991,positive,high_intent,0.7,2.0,1.0,0.6931471805599453,3.4158883083359672,0,1
youtube,comment,My vain hope is that it releases day one on steam.... T-T,2026-04-23 03:20:01+00:00,3,XO1PlvNN_7s,"{""video_id"": ""XO1PlvNN_7s"", ""author_display_name"": ""@VentusWind"", ""reply_count"": 1}",0.178,0.637,0.185,0.0258,neutral,high_intent,0.7,2.0,0.3,1.3862943611198906,2.9376954061151497,0,1
youtube,comment,I'm so happy I held out from buying it on the Switch. LETS FUCKING GO,2024-06-13 20:29:26+00:00,0,G5_3qdf19BU,"{""video_id"": ""G5_3qdf19BU"", ""author_display_name"": ""@evaun1t165"", ""reply_count"": 0}",0.0,0.778,0.222,0.6115,positive,high_intent,0.7,2.0,1.0,0.0,3.0,0,1
youtube,comment,"Just let the Chef cook his promised prince of night and death story in Quadratum. Let our good 'ol Sora rest on the lap of that lovely lady from trailer (Strelizia? whatever) so we could finally all receive a proper ""darkness within darkness"" experience in a form of the reawakened Versus XIII. Goddamn can't wait, Nomura just do your job already !!! I'm literally dying 20 years have passed (like.. really 20 .. omg) ..",2026-04-17 21:44:37+00:00,7,-3-bVFiTTCE,"{""video_id"": ""-3-bVFiTTCE"", ""author_display_name"": ""@reineleonhart"", ""reply_count"": 0}",0.121,0.74,0.139,0.3769,positive,high_intent,0.7,2.0,1.0,2.0794415416798357,4.247664925007902,0,1
youtube,comment,5:22:56 oh god. I was weeping during this part in the game!! I played Union pretty much since day one and seeing all of the keyblades and the different players’ names just hit me right in the feels. 💔💔💔,2025-05-22 04:46:27+00:00,8,nS1DfiJAtEk,"{""video_id"": ""nS1DfiJAtEk"", ""author_display_name"": ""@ProfAlder"", ""reply_count"": 0}",0.182,0.507,0.311,0.8652,positive,high_intent,0.7,2.0,1.0,2.1972245773362196,4.318334746401732,0,1
youtube,comment,"I've wanted to play these games for so long, can't wait to finally play them.",2024-06-06 04:25:17+00:00,1,G5_3qdf19BU,"{""video_id"": ""G5_3qdf19BU"", ""author_display_name"": ""@AceAtheist86"", ""reply_count"": 0}",0.0,0.73,0.27,0.5859,positive,high_intent,0.7,2.0,1.0,0.6931471805599453,3.4158883083359672,0,1
youtube,comment,Can't wait for the Square Enix quality assurance AI to begin hallucinating....,2026-04-15 12:56:33+00:00,2,sz5gq0LgYWw,"{""video_id"": ""sz5gq0LgYWw"", ""author_display_name"": ""@AndyKazama2"", ""reply_count"": 0}",0.0,0.821,0.179,0.34,positive,high_intent,0.7,2.0,1.0,1.0986122886681098,3.659167373200866,0,1
youtube,comment,"can't wait for the final party of Sora, Noctis, Lightning, Neku and Schala killing CorpoGod in Shibuya",2026-04-23 16:02:33+00:00,0,AaZjLq3cIpg,"{""video_id"": ""AaZjLq3cIpg"", ""author_display_name"": ""@Crocogator"", ""reply_count"": 0}",0.199,0.679,0.122,-0.4019,negative,high_intent,0.7,2.0,-0.5,0.0,1.5,0,1
youtube,comment,Can't wait for Donald NOT to heal me in 4k again,2024-06-13 20:19:10+00:00,0,G5_3qdf19BU,"{""video_id"": ""G5_3qdf19BU"", ""author_display_name"": ""@OrichalkosTV"", ""reply_count"": 0}",0.0,1.0,0.0,0.0,neutral,high_intent,0.7,2.0,0.3,0.0,2.3,0,1
youtube,comment,"Nice to watch a ""summary"" of the whole story in the correct order. I played KH1 on my PS2 when I was eleven years old. Now I am 35 and still love the whole KH-World. Thinking about buying a Steam Deck only to play KH on it. Or just win one...?! #KHonSteam #Contest",2024-06-16 14:53:16+00:00,1,G5_3qdf19BU,"{""video_id"": ""G5_3qdf19BU"", ""author_display_name"": ""@dmitrijfomin7972"", ""reply_count"": 0}",0.0,0.751,0.249,0.9422,positive,high_intent,1.0,2.0,1.0,0.6931471805599453,3.4158883083359672,0,1
youtube,comment,Can't wait til we get KH4 and nothing in this video gets answered,2026-04-01 05:46:16+00:00,0,zux8BX6EuxI,"{""video_id"": ""zux8BX6EuxI"", ""author_display_name"": ""@ADukesJustice"", ""reply_count"": 0}",0.0,1.0,0.0,0.0,neutral,high_intent,0.7,2.0,0.3,0.0,2.3,0,1
youtube,comment,This was a no brainer. Just got it. Can't wait to do a full playthrough of these games again!,2024-06-13 20:52:49+00:00,3,G5_3qdf19BU,"{""video_id"": ""G5_3qdf19BU"", ""author_display_name"": ""@JoshPlaysHard"", ""reply_count"": 0}",0.122,0.878,0.0,-0.3595,negative,high_intent,0.7,2.0,-0.5,1.3862943611198906,1.9158883083359672,0,1
youtube,comment,"KH2 was the first video game I ever preordered (I saved up SO HARD for that special edition... I think the guidebook is actually still in my closet), and I'm still so fond of it. This was such a wonderful, thoughtful blast from the past!",2026-04-01 03:20:36+00:00,0,9d8LK9840IU,"{""video_id"": ""9d8LK9840IU"", ""author_display_name"": ""@RevenantPoet"", ""reply_count"": 0}",0.054,0.673,0.273,0.9131,positive,high_intent,1.0,2.0,1.0,0.0,3.0,0,1
youtube,comment,"Can't wait till he makes another video a year from now, starting with the words he spoke at 11:41",2025-11-06 21:23:28+00:00,3,Xt_hGLer2gk,"{""video_id"": ""Xt_hGLer2gk"", ""author_display_name"": ""@karakostasj2979"", ""reply_count"": 0}",0.0,1.0,0.0,0.0,neutral,high_intent,0.7,2.0,0.3,1.3862943611198906,2.9376954061151497,0,1
youtube,comment,Square ruined the purchase window lmao I don't think I'm buying this day one but maybe after on deep deep sale.,2024-09-04 15:56:49+00:00,0,G5_3qdf19BU,"{""video_id"": ""G5_3qdf19BU"", ""author_display_name"": ""@IAMNOTRANA"", ""reply_count"": 0}",0.087,0.809,0.104,0.1027,positive,high_intent,0.7,2.0,1.0,0.0,3.0,0,1
youtube,comment,I can't wait to see kingdom hearts 4 cover art,2022-06-14 07:02:20+00:00,2,j2DSEkYFRh8,"{""video_id"": ""j2DSEkYFRh8"", ""author_display_name"": ""@christoferrbethea3488"", ""reply_count"": 0}",0.0,0.677,0.323,0.6486,positive,high_intent,0.7,2.0,1.0,1.0986122886681098,3.659167373200866,0,1
youtube,comment,"The AA releases and HD2D games were the only reason I still bought games from Square. If they stop selling those, I’m done buying games from them.",2026-04-13 15:42:01+00:00,1,sz5gq0LgYWw,"{""video_id"": ""sz5gq0LgYWw"", ""author_display_name"": ""@Justaslime22"", ""reply_count"": 0}",0.078,0.922,0.0,-0.296,negative,high_intent,0.7,2.0,-0.5,0.6931471805599453,1.7079441541679836,0,1
youtube,comment,2:35:23 remember when Star Wars thought it was cool enough to pull off a Goofy Death Sequence?,2026-03-31 04:01:09+00:00,1,9d8LK9840IU,"{""video_id"": ""9d8LK9840IU"", ""author_display_name"": ""@izuku_m789"", ""reply_count"": 0}",0.315,0.588,0.097,-0.7351,negative,new_customer_interest,0.7,1.2,-0.5,0.6931471805599453,0.7970406052783923,0,1
youtube,comment,Odin is gonna be in the Marvel world.,2026-04-01 20:08:26+00:00,0,zux8BX6EuxI,"{""video_id"": ""zux8BX6EuxI"", ""author_display_name"": ""@DivineS666"", ""reply_count"": 0}",0.0,0.714,0.286,0.4215,positive,new_customer_interest,0.7,1.2,1.0,0.0,2.2,0,1
youtube,comment,New returning worlds will arrive in kingdom hearts 4 coming soon like Mulan Aladdin dinosaur pirates of the Caribbean toy story Moana raya emperor's new groove Coco hunchback of Notre Dame lion king Avatar marvel Star wars and Pokemon sun and moon anime in kingdom hearts 4 coming soon too same as Sanctuary will be in kingdom hearts 4 coming soon too & new trailers of kingdom hearts 4 coming soon too ❤🎉❤🎉❤🎉❤🎉❤🎉❤🎉❤🎉❤🎉❤❤❤🎉🎉🎉😂😊😮😅😮😊😊😊😮😮😮😅😅😅😂😂😂,2026-04-10 21:00:52+00:00,1,ZxKqFEAARYU,"{""video_id"": ""ZxKqFEAARYU"", ""author_display_name"": ""@micahblair6464"", ""reply_count"": 0}",0.037,0.474,0.489,0.9992,positive,new_customer_interest,0.7,1.2,1.0,0.6931471805599453,2.5049847594463763,0,1
youtube,comment,you know who he is xehanort is the true anti hero the master of master is true evil in carnet telling sora I AM YOUR FATHER bilabial not star wars,2026-04-01 21:29:53+00:00,0,zux8BX6EuxI,"{""video_id"": ""zux8BX6EuxI"", ""author_display_name"": ""@jonathanreyes3249"", ""reply_count"": 0}",0.156,0.56,0.283,0.6623,positive,new_customer_interest,0.7,1.2,1.0,0.0,2.2,0,1
youtube,comment,"Potential Spoilers: Look this is cool and all, but I am soooooo hype for Kingdom Hearts getting Star Wars. If they do that really well, and everything else is at least what people expect, then this will be the best game in the series. It already doesn't have to try very hard to beat Kingdom Hearts 3 and its wacky Frozen world, which they're probably going to do again in KH4. God help us all if that is the case. Frozen 2 land. Just end me now. I'd literally rather do another Winnie The Pooh storybook world, or Little Mermaid & Friends sing-a-long. Even still though, I'm sure the Frozen 2 world would at least beat out the Frozen 1 world, so KH4 would still have the edge on KH3 even if they do go that route. Doesn't mean I want it included though. Same for Marvel. Just keep Marvel out of my life, please. Marvel sucks these days as is, and I think most of us are tired of it, but more importantly there is no world in which Spider-Man and Iron Man talking with Donald and Goofy is a good thing, or even a little bit charming. If they release a Marvel world, and it is actually fun to play and well written, I will actually eat a shoe. At least I can laugh at the idea of Palpatine addressing Goofy, since Palpatine himself is 'goofy' as hell and a part-time meme. We already know the Star Wars world is happening though. The fine narrative details are the only thing in question.",2024-05-29 01:25:32+00:00,0,G5_3qdf19BU,"{""video_id"": ""G5_3qdf19BU"", ""author_display_name"": ""@JeremyAyres-z2e"", ""reply_count"": 1}",0.085,0.677,0.238,0.9951,positive,new_customer_interest,0.7,1.2,1.0,0.0,2.2,0,1
youtube,comment,Mis mundos que quiero ver incluidos en Kingdom Hearts IV: 1: Endor (Star Wars VI: El Retorno del Jedi) 2: Toronto (Red) 3: Imperio de Kuzco (El Emperador y sus Locuras) 4: Springfield (Los Simpson: La Pelicula) 5: Radiador Springs (Cars) 6: Nueva York (Los Vengadores) 7: El Espacio (El Planeta del Tesoro) 8: Atlantis (Atlantis: El Imperio Perdido) 9: Antigua Inglaterra (Disney's Cuento de Navidad (A Christmas' Carol)) 10: Portorosso (Luca) 11: Tierra de los Muertos (Coco) 12: Danville (Phineas Y Ferb: A Través de la Segunda Dimensión) 13: Miauni (Star VS Las Fuerzas del Mal) 14: Free City (Sustituto para La Red) (Free Guy) 15: Kumandra (Raya y el Último Dragón),2022-04-16 11:37:24+00:00,0,j2DSEkYFRh8,"{""video_id"": ""j2DSEkYFRh8"", ""author_display_name"": ""@alexyusteyt517"", ""reply_count"": 0}",0.029,0.883,0.088,0.8074,positive,new_customer_interest,0.7,1.2,1.0,0.0,2.2,0,1
youtube,comment,Let’s goooooo!!!!! I hope Kingdom Hearts 4 has Star Wars and Marvel worlds.,2022-04-21 12:54:45+00:00,1,j2DSEkYFRh8,"{""video_id"": ""j2DSEkYFRh8"", ""author_display_name"": ""@RealHyperHedgehog"", ""reply_count"": 0}",0.151,0.379,0.47,0.8209,positive,new_customer_interest,0.7,1.2,1.0,0.6931471805599453,2.5049847594463763,0,1
youtube,comment,I hope we get Star Wars,2022-06-29 16:53:08+00:00,0,j2DSEkYFRh8,"{""video_id"": ""j2DSEkYFRh8"", ""author_display_name"": ""@Aris-SHICS"", ""reply_count"": 0}",0.343,0.381,0.276,-0.1779,negative,new_customer_interest,0.7,1.2,-0.5,0.0,0.7,0,1
youtube,comment,"I think Star Wars might be in Kingdom Hearts! The forest in the trailer looks like Endor, and you can see the back of the AT-ST's foor (or what looks to be)at 4:42!",2022-04-14 02:43:38+00:00,2,j2DSEkYFRh8,"{""video_id"": ""j2DSEkYFRh8"", ""author_display_name"": ""@meganbryant2234"", ""reply_count"": 0}",0.088,0.732,0.18,0.5837,positive,new_customer_interest,0.7,1.2,1.0,1.0986122886681098,2.6833894070139683,0,1
youtube,comment,Nomura really should have asked Disney to make a Disney Plus show to keep KH fans engaged during the wait for KH4.,2026-04-17 18:36:38+00:00,0,gNVWtjbGWdw,"{""video_id"": ""gNVWtjbGWdw"", ""author_display_name"": ""@mastereraqus"", ""reply_count"": 0}",0.0,0.886,0.114,0.4019,positive,new_customer_interest,0.7,1.2,1.0,0.0,2.2,0,1
youtube,comment,I don't think you understand what the retcon is. If nothing was mentioned about ansem being connected to a mentor that is not a retcon. A retcon is a fundamental change in the story or change in something that was previously established. For example spoilers for Dragon Ball super the Future Trunks saga. In Dragon Ball Z it is sad that the potara earrings will merge two people forever in fact they give us an example of this but then in Dragon Ball super apparently it's only temporary because they're humans that is a retcon. Also Star Wars did not retcon Anakin being Luke's father. That was always established. George Lucas always had this story written that way,2026-04-02 02:10:21+00:00,0,9d8LK9840IU,"{""video_id"": ""9d8LK9840IU"", ""author_display_name"": ""@SOLDIER1st_Class"", ""reply_count"": 0}",0.054,0.885,0.061,0.2144,positive,new_customer_interest,0.7,1.2,1.0,0.0,2.2,0,1
youtube,comment,Marvel has no place in kingdom hearts,2026-01-08 21:33:32+00:00,0,78pm-aBw_Ck,"{""video_id"": ""78pm-aBw_Ck"", ""author_display_name"": ""@asirisoz"", ""reply_count"": 0}",0.165,0.301,0.534,0.7096,positive,new_customer_interest,0.7,1.2,1.0,0.0,2.2,0,1
youtube,comment,Olympus returning and star wars aaand maybe something else dude lets gooooooooo,2022-04-12 21:42:10+00:00,1,j2DSEkYFRh8,"{""video_id"": ""j2DSEkYFRh8"", ""author_display_name"": ""@azaljames4109"", ""reply_count"": 0}",0.247,0.753,0.0,-0.5574,negative,new_customer_interest,0.7,1.2,-0.5,0.6931471805599453,0.7970406052783923,0,1
youtube,comment,I want a Star Wars world in kh4,2026-01-06 15:58:21+00:00,0,78pm-aBw_Ck,"{""video_id"": ""78pm-aBw_Ck"", ""author_display_name"": ""@sonicfan5340-h4w"", ""reply_count"": 0}",0.33,0.55,0.119,-0.5106,negative,new_customer_interest,0.7,1.2,-0.5,0.0,0.7,0,1
youtube,comment,"I absolutely hate the idea of Marvel and Star Wars in kingdom hearts. I hate it and I don’t care how many parallels there are to either franchises. I want them to stay separate. That said, it will be interesting to see how they balance the lores with KH because I - again don’t want them. Big Hero 6 is the only marvel thing I wanna see.",2026-01-11 19:50:10+00:00,0,78pm-aBw_Ck,"{""video_id"": ""78pm-aBw_Ck"", ""author_display_name"": ""@imaniscott8535"", ""reply_count"": 0}",0.126,0.627,0.246,0.8275,positive,new_customer_interest,0.7,1.2,1.0,0.0,2.2,0,1
youtube,comment,"The way Disney has been handling both star wars and marvel, I'd rather just not see either get wrapped up in kingdom hearts",2026-01-06 23:00:32+00:00,1,78pm-aBw_Ck,"{""video_id"": ""78pm-aBw_Ck"", ""author_display_name"": ""@Zeraphire"", ""reply_count"": 0}",0.117,0.651,0.231,0.5423,positive,new_customer_interest,0.7,1.2,1.0,0.6931471805599453,2.5049847594463763,0,1
youtube,comment,Trailers of kingdom hearts 4 coming soon like Mulan Aladdin dinosaur pirates of the Caribbean toy story Moana raya emperor's new groove Coco hunchback of Notre Dame lion king Avatar marvel Star wars and Pokemon sun and moon anime in kingdom hearts 4 coming soon too same as Sanctuary will be in kingdom hearts 4 coming soon too ❤🎉❤🎉❤🎉❤🎉❤❤❤🎉🎉🎉❤🎉❤🎉❤🎉❤🎉❤🎉❤🎉❤🎉❤🎉❤🎉😊😊😊😂😂😂😮😮😮😅😂😅😅😅😮😮😮❤🎉❤❤❤🎉🎉🎉❤🎉❤🎉❤🎉,2026-04-23 19:25:58+00:00,1,XO1PlvNN_7s,"{""video_id"": ""XO1PlvNN_7s"", ""author_display_name"": ""@micahblair6464"", ""reply_count"": 0}",0.029,0.401,0.57,0.9997,positive,new_customer_interest,0.7,1.2,1.0,0.6931471805599453,2.5049847594463763,0,1
youtube,comment,KINGDOM HEARTS 4 new hope trailer 🙏🏻😭star wars reference,2026-04-23 00:07:30+00:00,10,XO1PlvNN_7s,"{""video_id"": ""XO1PlvNN_7s"", ""author_display_name"": ""@Andy-lq2sl"", ""reply_count"": 0}",0.252,0.451,0.298,0.3034,positive,new_customer_interest,0.7,1.2,1.0,2.3978952727983707,3.255073920031283,0,1
youtube,comment,I certainly hope this mystery box doesn't become a Disney Star Wars mystery box scenario.,2026-03-31 14:28:51+00:00,3,zux8BX6EuxI,"{""video_id"": ""zux8BX6EuxI"", ""author_display_name"": ""@Doggie1999"", ""reply_count"": 2}",0.172,0.574,0.254,0.1779,positive,new_customer_interest,0.7,1.2,1.0,1.3862943611198906,2.809969518892752,0,1
youtube,comment,kingdom hearts 4 dlc multiverso toy story 3 pirates of the caribbean 4 zootopia star wars 2 attack of the clones vingadores 2 era de ultron alien covenant final fantasy 10 dragon quest 10 nier automata gravity falls amphibia the owl house mulan 2 a lenda continua galáxia wander,2024-08-25 23:43:32+00:00,0,G5_3qdf19BU,"{""video_id"": ""G5_3qdf19BU"", ""author_display_name"": ""@LinoNascimento-cq7lf"", ""reply_count"": 0}",0.118,0.807,0.075,-0.34,negative,new_customer_interest,0.7,1.2,-0.5,0.0,0.7,0,1
youtube,comment,"No, no Star Wars. We know d*** well, the Kathleen Kennedy would only allow the sequel trilogy to be implemented. I don't wanna deal with that b*******.",2026-01-06 09:19:09+00:00,0,78pm-aBw_Ck,"{""video_id"": ""78pm-aBw_Ck"", ""author_display_name"": ""@thedarkone1420"", ""reply_count"": 0}",0.068,0.716,0.216,0.5753,positive,new_customer_interest,0.7,1.2,1.0,0.0,2.2,0,1
youtube,comment,I can only imagine confusing this trailer must be for new players. Switching from the new graphic style to old to new again. Sora randomly becomes younger again. The numbered titles being so far apart from one another. Well that and the trailer spoils absolutely everything. A great trailer for fans though.,2024-06-01 23:05:27+00:00,1,G5_3qdf19BU,"{""video_id"": ""G5_3qdf19BU"", ""author_display_name"": ""@JH-xc9we"", ""reply_count"": 0}",0.033,0.854,0.113,0.6771,positive,new_customer_interest,1.0,1.2,1.0,0.6931471805599453,2.5049847594463763,0,1
youtube,comment,I NEED STAR WARS,2022-06-29 16:56:30+00:00,0,j2DSEkYFRh8,"{""video_id"": ""j2DSEkYFRh8"", ""author_display_name"": ""@Aris-SHICS"", ""reply_count"": 0}",0.545,0.455,0.0,-0.5574,negative,new_customer_interest,0.7,1.2,-0.5,0.0,0.7,0,1
youtube,comment,"Worlds/Characters I want to see: Kim Possible,Lilo and Stitch, Recess, American Dragon, and The Proud Family as part of one world/ The Disney Afternoon Avenue with Tailspin, DuckTales,Timone and Pumba, Darkwing Duck, Mighty Ducks The Animated Series, Gargoyles The Animated Series, Gummi Bears, Bonkers, Goof Troop and Chip n' Dale Rescue Rangers as part of one one world. A boss fight with Homer Simpson and Peter Griffin fighting The Giant Chicken. The Chaos God from Disney Adventures. Mozenrath, Mirage, Chaos and Mechanicles from Aladdin the animated series. The Phantom Blot as The Wizard Blot. Captain Hook from Once Upon A Time ABC channel series. The Incredibles The Avengers Star Wars Episode IV Malificent Up Cars Wall-E Finding Nemo",2022-04-12 23:03:33+00:00,1,j2DSEkYFRh8,"{""video_id"": ""j2DSEkYFRh8"", ""author_display_name"": ""@donaldhickok5633"", ""reply_count"": 0}",0.118,0.792,0.09,-0.7096,negative,new_customer_interest,0.7,1.2,-0.5,0.6931471805599453,0.7970406052783923,0,1
youtube,comment,"Worlds I want to see: Princess Kilala Gargoyles the Animated Series Mighty Ducks The Animated Series The Avengers Star Wars Episode 4 ""not 7"" Characters I want to see: Mozenrath Mirage, Chaos, and Mechanicles from Aladdin the animated series. Homer Simpson and Peter Griffin fighting The Giant Chicken. Please I shortened the list.",2022-04-14 04:01:13+00:00,1,j2DSEkYFRh8,"{""video_id"": ""j2DSEkYFRh8"", ""author_display_name"": ""@donaldhickok5633"", ""reply_count"": 0}",0.159,0.762,0.079,-0.7845,negative,new_customer_interest,0.7,1.2,-0.5,0.6931471805599453,0.7970406052783923,0,1
reddit,comment,Dear God Sora got a fat as fuck babybuttcheekface from all those milkshakes he drank at Disneyland.,2025-05-15 02:16:18+00:00,1,1kmwpfq,"{""subreddit"": ""JRPG""}",0.158,0.631,0.212,0.0516,positive,new_customer_interest,0.7,1.2,1.0,0.6931471805599453,2.5049847594463763,0,1
youtube,comment,Avatar marvel Star wars and Pokemon sun and moon anime will arrive in kingdom hearts 4 coming soon too ❤🎉❤🎉❤🎉❤🎉❤🎉❤🎉❤🎉❤🎉❤🎉❤🎉❤🎉❤🎉❤🎉❤🎉❤🎉❤🎉,2025-11-08 06:01:52+00:00,1,Xt_hGLer2gk,"{""video_id"": ""Xt_hGLer2gk"", ""author_display_name"": ""@micahblair6464"", ""reply_count"": 0}",0.021,0.284,0.695,0.9989,positive,new_customer_interest,0.7,1.2,1.0,0.6931471805599453,2.5049847594463763,0,1
youtube,comment,Anyone notice the AT-ST foot from Star Wars @ 4:43 top right corner. Lol. Star Wars world confirmed???,2022-04-13 11:20:07+00:00,1,j2DSEkYFRh8,"{""video_id"": ""j2DSEkYFRh8"", ""author_display_name"": ""@Chaos_X1018"", ""reply_count"": 0}",0.294,0.532,0.175,-0.6298,negative,new_customer_interest,0.7,1.2,-0.5,0.6931471805599453,0.7970406052783923,0,1
youtube,comment,Going to Tokyo Disneyland world.,2026-01-07 07:56:24+00:00,0,78pm-aBw_Ck,"{""video_id"": ""78pm-aBw_Ck"", ""author_display_name"": ""@42188productions"", ""reply_count"": 0}",0.0,1.0,0.0,0.0,neutral,new_customer_interest,0.7,1.2,0.3,0.0,1.5,0,1
youtube,comment,Star Wars - AT-ST’s foot on upper right 4:42,2022-04-14 13:31:08+00:00,5,j2DSEkYFRh8,"{""video_id"": ""j2DSEkYFRh8"", ""author_display_name"": ""@\u30d5\u30e9\u30f3\u30af-e7f"", ""reply_count"": 0}",0.31,0.69,0.0,-0.5574,negative,new_customer_interest,0.7,1.2,-0.5,1.791759469228055,0.9508463256919276,0,1
youtube,comment,"I hope they’ll put in worlds that I liked like dinosaur, a bug’s life, chicken little, narnia, the incredibles, finding nemo, zootopia, Moana, Atlantis the lost empire, treasure planet, Pocahontas, the emperor’s new groove, elemental, the princess and the frog, raya and the last dragon, brother bear, wreck it Ralph, the wild, chicken little, cars and Star Wars if only nomura could think about but I think the reason why it’s because they only had another few days to make the game perfect something fresh makes it the same thing as kingdom hearts 3 something that makes all of us fans have their minds blown away",2026-01-06 03:33:33+00:00,4,78pm-aBw_Ck,"{""video_id"": ""78pm-aBw_Ck"", ""author_display_name"": ""@Mikranger97"", ""reply_count"": 0}",0.048,0.78,0.172,0.9455,positive,new_customer_interest,0.7,1.2,1.0,1.6094379124341003,2.908152681471004,0,1
youtube,comment,"My theory for nearly a decade has been: Quadratum is a video game world. Where FF characters have been in the Disney world, we might have some Disney Cameos in Quadratum, but the majority would be video game characters and worlds. The worlds would likely come from Nomura's games (Yozora being the OG Noctis). Imagine a world where Sora plays Blitzball with an alternate Tidus (OG Tidus). It could also explain the Star Wars world, if they ran with a SW video game (like Fallen Order). They could still have Disney owned properties, but use their video games for worlds. Astrobot proves it's possible too. It could also be justified with the fact that there were few FF characters in KH3, and several references. This could be a give and take, give Disney the spotlight for KH3 and reel it back for KH4. I think the contract could have required a SW world in KH4 too, to still give Disney some spotlight. I also worry that Nomura hoped the give and take mentality would work for Disney, but the concern in development that was brought up during the orchestra show was that Disney wanted to keep a strong presence in KH4. This theory also fits with Jared's theory because if Nomura wanted to hand off KH, he would want to slowly/quickly remove Disney, and KH4 could be that transition. Yozora would be the new hero, traveling between Square properties for brief periods in their lore (a la Disney worlds, during the events, before the events, after the events of the films), before leaving after locking its heart or whatever. Obviously they'd run out of properties quick, but I can also imagine Verum Rex being a 3 games and done thing. Nomura is getting older, and if Verum Rex is successful, then maybe other companies would want their games in the franchise. Just a theory though.",2026-04-23 22:19:35+00:00,1,mU1zHAA9j8k,"{""video_id"": ""mU1zHAA9j8k"", ""author_display_name"": ""@moneymaker8815"", ""reply_count"": 0}",0.033,0.834,0.132,0.9885,positive,new_customer_interest,0.7,1.2,1.0,0.6931471805599453,2.5049847594463763,0,1
youtube,comment,New & returning worlds will arrive in kingdom hearts 4 coming soon like Mulan Aladdin dinosaur pirates of the Caribbean toy story Moana raya emperor's new groove Coco hunchback of Notre Dame lion king Avatar marvel Star wars and Pokemon sun and moon anime in kingdom hearts 4 coming soon too same as Sanctuary will be in kingdom hearts 4 coming soon too so alola surprise ❤🎉❤🎉❤🎉❤🎉❤🎉❤❤❤🎉🎉🎉❤🎉❤🎉❤🎉❤🎉❤🎉❤🎉❤🎉❤🎉❤🎉❤🎉❤🎉❤🎉❤🎉😂😂😂😊😊😊😮😮😮❤🎉❤🎉❤🎉❤🎉❤🎉❤🎉❤🎉,2026-04-23 21:04:30+00:00,1,-3-bVFiTTCE,"{""video_id"": ""-3-bVFiTTCE"", ""author_display_name"": ""@micahblair6464"", ""reply_count"": 0}",0.023,0.365,0.612,0.9997,positive,new_customer_interest,0.7,1.2,1.0,0.6931471805599453,2.5049847594463763,0,1
youtube,comment,4:43 Star Wars confirmed,2023-07-01 19:22:05+00:00,1,j2DSEkYFRh8,"{""video_id"": ""j2DSEkYFRh8"", ""author_display_name"": ""@Nodnarb69"", ""reply_count"": 0}",0.545,0.455,0.0,-0.5574,negative,new_customer_interest,0.7,1.2,-0.5,0.6931471805599453,0.7970406052783923,0,1
youtube,comment,"An important thing to note is that this is the first Kingdom Hearts where the gameplay graphics rival the series' CGI cutscenes. This isn't only a technological benchmark but a thematic one as well. Kingdom Hearts has achieved a level of technological and cultural evolution, that I think will come to define where the series could go next. I strongly believe (I can be wrong) that Star Wars will play a pivotal role in the Lost Master Arc and Sora's development, in the same way that Olympus was for the Dark Seeker Saga. Kingdom Hearts has always shared uncanny parallels with Star Wars in terms of it's narrative and mythical beats, that it would be a missed opportunity for them to not cross paths. Although the problem is that SW's myth is so rich and expansive, it's inclusion would need to warrant being a ""saga within a saga"", much like Hollow Bastion or Olympus. Maybe this saga within a saga could explore the philosophical parallels between keyblade wielders and force wielders. In the world of fairytales, Kingdom Hearts is the source of great power. But in SW it's the force. It would be cool if there was a plot where the Master of Masters developed an interest in the Force, in much the same way that philosopher-kings like Ansem The Wise had with hearts.",2026-01-25 06:41:53+00:00,0,78pm-aBw_Ck,"{""video_id"": ""78pm-aBw_Ck"", ""author_display_name"": ""@muhammedabdul-ghaffar8765"", ""reply_count"": 0}",0.079,0.676,0.246,0.9947,positive,new_customer_interest,0.7,1.2,1.0,0.0,2.2,0,1
youtube,comment,"1) I hope they use this long development time to work in whatever story elements from Missing Link they want to keep into the main KH4 narrative; 2) I worry that if they include a Marvel world to visit, it’s going to re-use the art assets from that Avengers game, since they already have it on hand and won’t pony up the dough to use RDJ, Chris Evans et al likenesses; 3) I’m willing to bet they might use KH4 to lead into a Kingdom Hearts Online, like the Red Dead or GTA Online models, maybe Quadratum is the hub city for that",2026-04-17 02:08:34+00:00,0,sz5gq0LgYWw,"{""video_id"": ""sz5gq0LgYWw"", ""author_display_name"": ""@redshirtdown6043"", ""reply_count"": 0}",0.078,0.768,0.154,0.8074,positive,new_customer_interest,0.7,1.2,1.0,0.0,2.2,0,1
youtube,comment,KH4 IS GETTING STAR WARS FINALLY!!!! 4:42,2022-04-12 20:20:11+00:00,1,j2DSEkYFRh8,"{""video_id"": ""j2DSEkYFRh8"", ""author_display_name"": ""@AraNeverMiss"", ""reply_count"": 0}",0.478,0.522,0.0,-0.758,negative,new_customer_interest,0.7,1.2,-0.5,0.6931471805599453,0.7970406052783923,0,1
youtube,comment,"So the girl that greets him is the Kairi of this Universe, meaning theirs a Sora here too but that also means that two Sora's could mess up that balance of reality a little bit and my guess is that we'll have 4 Sora's ""cloud"" ""Noctis"" ""Yozora"" and ""Sora"" interacting with one another. Kingdom Hearts 4 is going to be a big Mulitverse thoery kind like the one we live in where Disney bought Star wars. Also arriving 7 days later is very biblical like the Messiah, after he died he ressurected 7 days later, if this is true Nomura is setting him up to become the Judge of the Living and the dead",2022-07-11 22:13:16+00:00,0,j2DSEkYFRh8,"{""video_id"": ""j2DSEkYFRh8"", ""author_display_name"": ""@humblecanadian4206"", ""reply_count"": 5}",0.131,0.715,0.154,0.3543,positive,new_customer_interest,0.7,1.2,1.0,0.0,2.2,0,1
youtube,comment,New & returning worlds will arrive in kingdom hearts 4 coming soon like Mulan Aladdin dinosaur pirates of the Caribbean toy story Moana raya emperor's new groove Coco hunchback of Notre Dame lion king Avatar marvel Star wars and Pokemon sun and moon anime in kingdom hearts 4 coming soon too same as Sanctuary will be in kingdom hearts 4 coming soon too ❤🎉❤🎉❤🎉❤🎉❤🎉❤🎉❤🎉❤🎉❤🎉❤❤❤🎉🎉🎉😊😊😊😮❤🎉❤🎉❤🎉😂😂😂😮😮😮😅😅😅,2026-04-23 19:33:14+00:00,1,XO1PlvNN_7s,"{""video_id"": ""XO1PlvNN_7s"", ""author_display_name"": ""@micahblair6464"", ""reply_count"": 0}",0.031,0.436,0.532,0.9993,positive,new_customer_interest,0.7,1.2,1.0,0.6931471805599453,2.5049847594463763,0,1
youtube,comment,I don’t know if you’ve mentioned this before in videos but big hero 6 is technically a marvel comic originally so there’s a chance for marvel worlds I think.,2026-01-06 08:38:59+00:00,0,78pm-aBw_Ck,"{""video_id"": ""78pm-aBw_Ck"", ""author_display_name"": ""@24sevenYertx"", ""reply_count"": 0}",0.0,0.622,0.378,0.945,positive,new_customer_interest,0.7,1.2,1.0,0.0,2.2,0,1
youtube,comment,kingdom hearts 4↔multiverse😀 star wars 2 attack of the clones vingadores 2 era de ultron alien covenant final fantasy 8 gravity falls star vs as amphibia,2022-12-10 01:06:44+00:00,2,j2DSEkYFRh8,"{""video_id"": ""j2DSEkYFRh8"", ""author_display_name"": ""@linoquinn6384"", ""reply_count"": 0}",0.17,0.658,0.172,0.0258,neutral,new_customer_interest,0.7,1.2,0.3,1.0986122886681098,1.829583686600433,0,1
youtube,comment,New & returning worlds will arrive in kingdom hearts 4 coming soon like Mulan Aladdin dinosaur pirates of the Caribbean toy story Moana raya emperor's new groove Coco hunchback of Notre Dame lion king Avatar marvel Star wars and Pokemon sun and moon anime in kingdom hearts 4 coming soon too same as Sanctuary will be in kingdom hearts 4 coming soon too so alola surprise to you smelliot 😂😂😂❤🎉❤🎉❤🎉❤🎉❤🎉❤🎉❤🎉❤🎉❤🎉❤🎉❤🎉❤🎉❤🎉❤🎉❤🎉❤❤❤🎉🎉🎉😮😮😮😊😊😊😅❤❤❤🎉🎉🎉❤🎉❤🎉❤🎉❤🎉,2026-04-23 20:41:48+00:00,1,gNVWtjbGWdw,"{""video_id"": ""gNVWtjbGWdw"", ""author_display_name"": ""@micahblair6464"", ""reply_count"": 0}",0.025,0.382,0.593,0.9997,positive,new_customer_interest,0.7,1.2,1.0,0.6931471805599453,2.5049847594463763,0,1
youtube,comment,I like how this video title is phrased like a Marvel post-credits scene,2026-04-02 23:27:17+00:00,28,ZxKqFEAARYU,"{""video_id"": ""ZxKqFEAARYU"", ""author_display_name"": ""@themediaangel7413"", ""reply_count"": 4}",0.0,0.562,0.438,0.7783,positive,new_customer_interest,0.7,1.2,1.0,3.367295829986474,3.6816101651940487,0,1
youtube,comment,Marvel rise nemesita,2023-11-16 08:54:24+00:00,0,j2DSEkYFRh8,"{""video_id"": ""j2DSEkYFRh8"", ""author_display_name"": ""@\u044f\u043c\u043e\u0448\u0438"", ""reply_count"": 0}",0.0,0.417,0.583,0.4215,positive,new_customer_interest,0.7,1.2,1.0,0.0,2.2,0,1
youtube,comment,New returning worlds will arrive in kingdom hearts 4 coming soon like Mulan Aladdin dinosaur pirates of the Caribbean toy story Moana raya emperor's new groove Coco hunchback of Notre Dame lion king Avatar marvel Star wars and Pokemon sun and moon anime in kingdom hearts 4 coming soon too ❤🎉❤🎉❤🎉❤🎉❤🎉❤🎉❤🎉❤🎉❤🎉❤🎉❤🎉❤🎉❤🎉❤🎉❤🎉❤🎉❤🎉❤🎉❤🎉❤🎉❤🎉❤🎉❤🎉❤🎉❤🎉❤🎉❤🎉❤🎉❤🎉❤🎉❤🎉,2026-01-06 17:35:29+00:00,1,78pm-aBw_Ck,"{""video_id"": ""78pm-aBw_Ck"", ""author_display_name"": ""@micahblair6464"", ""reply_count"": 0}",0.011,0.316,0.673,0.9997,positive,new_customer_interest,0.7,1.2,1.0,0.6931471805599453,2.5049847594463763,0,1
youtube,comment,Omg... I just figured out who yozura is.... He's riku's real body... And kh4 sora is sora's real body or maybe that isn't sora!?. Or someone else.. And the master of master is the first blood related character to sora.... Cause in all of kingdom hearts there's no one related..... And in the first kh4 trailer they showed star wars?. Tetsuya loves star wars...so what if!? Mom is related to sora. And in ff15 noctis is related to the final boss arydan... So something is related to sora.. by blood family...that was a huge shock to star wars fans. So why not this game. And the 😮 MoM never mentions sora. In the game?. Why?.,2025-11-11 20:51:24+00:00,0,Xt_hGLer2gk,"{""video_id"": ""Xt_hGLer2gk"", ""author_display_name"": ""@Whatinthefdoyouwant"", ""reply_count"": 0}",0.1,0.823,0.076,-0.5013,negative,new_customer_interest,0.7,1.2,-0.5,0.0,0.7,0,1
youtube,comment,"The heterochromia I think is also largely a play on the color scheme of red and blue these colors are often used together and to signify the opposite of each other. Also there is a lot of red with Yozora but it's not just the color red plainly, it goes along with like laser beams and lights and kind of artificial components, with the way the red is portrayed I think it is supposed to have to do with like ""alert"" as in like a warning or an alarm or something. It's also the same reason that red is often used for certain electronics, like those laser scanners in most stores that scan codes on items you want to buy, or how televisions often have red lights on them nowadays or like how EXIT lights are often red. Or like even teachers marking wrong answers with a red pencil. When you get red marks on your school work enough, what does that actually mean? it must be more then simply being ""incorrect"" it's something along those lines. Red in this way, was used a lot for the Niflheim Empire in FF 15, it was used often but usually just as lights of some kind. I am pretty sure it had some kind of significance or meaning to it and I believe it is a similar meaning here. The red and blue eyes themselves are really peculiar since they are literally his eyes. Red and blue was used symbolically a lot in the newest Star Wars mainline films. Well, there's lots of flags that are red and blue, but also it is not far removed from what they mean for the police as well.",2026-04-19 19:22:34+00:00,0,AaZjLq3cIpg,"{""video_id"": ""AaZjLq3cIpg"", ""author_display_name"": ""@Blackdynamite666"", ""reply_count"": 0}",0.046,0.789,0.165,0.9885,positive,new_customer_interest,0.7,1.2,1.0,0.0,2.2,0,1
youtube,comment,Give it to Square Enix and Nomura in making the most expensive jrpg franchise in existence. What other studio gets an almost full access to decades worth of IPs like (potentially) Star Wars and the entire Disney movie portfolio? I’m here dreaming of a Mary Poppins world one day!,2022-04-15 09:26:35+00:00,0,j2DSEkYFRh8,"{""video_id"": ""j2DSEkYFRh8"", ""author_display_name"": ""@PhewzGlory"", ""reply_count"": 0}",0.066,0.847,0.086,-0.126,negative,new_customer_interest,0.7,1.2,-0.5,0.0,0.7,0,1
youtube,comment,"They got too into chasing trends it feels like. For the triple A projects. Live service like babylons fall and foamstars, guardians of the galaxy writting for forspoken, Marvel in general, NFTs and now AI. They gotta stop chasing trends and stick to what they are good at. The double As and remakes been keeping them alive through all of this.",2026-04-13 15:38:15+00:00,61,sz5gq0LgYWw,"{""video_id"": ""sz5gq0LgYWw"", ""author_display_name"": ""@GodChaos333"", ""reply_count"": 7}",0.031,0.78,0.189,0.8779,positive,new_customer_interest,0.7,1.2,1.0,4.127134385045092,4.0159391294198405,0,1
youtube,comment,"1:01:22 I chose to play 358/2 before KH2 because without it, this Axel/Roxas stuff would've fell SO flat for me. All the Org 13 stuff would've. With the Days context, I was extremely invested.",2026-04-05 08:41:28+00:00,0,9d8LK9840IU,"{""video_id"": ""9d8LK9840IU"", ""author_display_name"": ""@CrossOutBryce"", ""reply_count"": 0}",0.0,0.932,0.068,0.34,positive,nostalgia_reactivation,0.7,1.5,1.0,0.0,2.5,0,1
reddit,comment,"Calling KH1 mediocre gameplay is a choice when it has way better level design, respects rpg systems unlike KH2 and utilizes its rpg systems in the gameplay. Meanwhile it took KH2 a Final Mix version to add something like cavern of remembrance that actually respects rpg systems and it's still not close to kh2 lmao",2025-05-15 10:10:57+00:00,1,1kmwpfq,"{""subreddit"": ""JRPG""}",0.0,0.782,0.218,0.9169,positive,nostalgia_reactivation,0.7,1.5,1.0,0.6931471805599453,2.8465735902799727,0,1
youtube,comment,Sheesh nostalgia,2024-06-02 10:00:54+00:00,1,G5_3qdf19BU,"{""video_id"": ""G5_3qdf19BU"", ""author_display_name"": ""@dark_luls"", ""reply_count"": 0}",0.0,1.0,0.0,0.0,neutral,nostalgia_reactivation,0.7,1.5,0.3,0.6931471805599453,2.0495329850015804,0,1
youtube,comment,I think playing 358/2 days before KH2 makes that beginning to KH2 hit different,2025-11-30 22:11:43+00:00,1,eFfZqeXbioU,"{""video_id"": ""eFfZqeXbioU"", ""author_display_name"": ""@KadenThornton-h8w"", ""reply_count"": 0}",0.0,0.878,0.122,0.2023,positive,nostalgia_reactivation,0.7,1.5,1.0,0.6931471805599453,2.8465735902799727,0,1
youtube,comment,"finally, a good take on the KH2 gummy ship...which is simply not as good as the first",2026-03-31 21:28:21+00:00,1,9d8LK9840IU,"{""video_id"": ""9d8LK9840IU"", ""author_display_name"": ""@lunarteam9003"", ""reply_count"": 0}",0.118,0.739,0.143,0.1265,positive,nostalgia_reactivation,0.7,1.5,1.0,0.6931471805599453,2.8465735902799727,0,1
youtube,comment,"I think it's laughable that you didn't mention the reason behind all this is : FF Versus XIII. I don't know why KH fans are still so ignorant about Versus XIII. Hmm, maybe they were only obsessed with KH3? I challenge anyone to prove that Verum Rex or Yozora existed from 2006 to 2013. They didn't exist. But their existence happened between 2014 and 2019, and we have proof of their existence in Sep 2017. The 2014-2017 period was when Nomura,Nojima and Tokyo team (FF7/FF8/KH1&2/Dissidia) were removed from FF15.. it was the Tabata FF15 Reboot.. and it was the same period when Nomura was so angry. But you don't want to notice any of this because you're too busy with Star Wars and Marvel nonsense, because ultimately you're Disney fans, not Square fans.",2026-01-06 06:21:30+00:00,3,78pm-aBw_Ck,"{""video_id"": ""78pm-aBw_Ck"", ""author_display_name"": ""@VersusXIIIEpic"", ""reply_count"": 1}",0.126,0.82,0.055,-0.9127,negative,nostalgia_reactivation,1.0,1.5,-0.5,1.3862943611198906,1.2772588722239782,0,1
youtube,comment,"not gonna lie i didnt even think this was on the table for ""mysteries"" but i swear to god i hope they NEVER show us the explanation for king triton. That cutscene plus kairi's grandmother's fairytale scene are one of the few scenes that really solidify that the kh universe is a UNIVERSE even by the first game. something that has unknown stories behind every world and character. Its why i was always excited to see what they did with chi/key/X. It was a self contained story that other than a few easter eggs relating to malificent had little or nothing to do with the modern series. Then they had to throw ventus, larium and elrena and it took alot of the mystique out of it. To be clear i like UX as well but i kinda feel it did to X/chi/key what kh2 did to kh1. It not worse, in many ways its better, but its different in a way that feels conflicting with what the original idea was. tldr: ""leave triton the fuck alone, no one wants to go back to atlantica anyways"" - an atlantica fan.",2026-04-02 05:46:19+00:00,0,zux8BX6EuxI,"{""video_id"": ""zux8BX6EuxI"", ""author_display_name"": ""@Vxaen99"", ""reply_count"": 0}",0.073,0.782,0.145,0.95,positive,nostalgia_reactivation,0.7,1.5,1.0,0.0,2.5,0,1
youtube,comment,"Best kh trailer ever. This brings me back🥹. Especially ""like is any of this real or not""? ""They are my power. First ps2 now it'll be ps5.",2025-10-22 10:24:33+00:00,0,G5_3qdf19BU,"{""video_id"": ""G5_3qdf19BU"", ""author_display_name"": ""@shadowx2652"", ""reply_count"": 0}",0.0,0.781,0.219,0.7902,positive,nostalgia_reactivation,0.7,1.5,1.0,0.0,2.5,0,1
youtube,comment,The black box is gonna hold something stupid like a group photo from long ago or a childhood memento,2026-04-03 22:32:15+00:00,2,zux8BX6EuxI,"{""video_id"": ""zux8BX6EuxI"", ""author_display_name"": ""@EviIMadara"", ""reply_count"": 0}",0.148,0.742,0.109,-0.2263,negative,nostalgia_reactivation,0.7,1.5,-0.5,1.0986122886681098,1.2197224577336219,0,1
youtube,comment,Isn't it the 20th anniversary of KH2,2026-03-29 18:25:31+00:00,0,wwgOM_BiRQo,"{""video_id"": ""wwgOM_BiRQo"", ""author_display_name"": ""@shin-oni4223"", ""reply_count"": 0}",0.0,1.0,0.0,0.0,neutral,nostalgia_reactivation,0.7,1.5,0.3,0.0,1.8,0,1
youtube,comment,this is a LOT to play and honestly I'm not even sure my PC can handle the newer games but I'll definitely check out from kh1 to kh2 at the very least cuz it does seem fun :],2025-09-28 05:06:07+00:00,2,eFfZqeXbioU,"{""video_id"": ""eFfZqeXbioU"", ""author_display_name"": ""@Gaspp-n2p"", ""reply_count"": 0}",0.03,0.647,0.323,0.9384,positive,nostalgia_reactivation,0.7,1.5,1.0,1.0986122886681098,3.0493061443340546,0,1
youtube,comment,"The plot of Kingdom Hearts is basically that of Star Wars, Naruto and Matrix fused into one. The Keyblade and the Kingdom Hearts represent lightsabers and the Force, the dichotomy between the light, represented by positive emotions like love and altruism, and the darkness, negative emotions like fear, anger, hatred and suffering. In a distant Golden Age, the Keybladers founded their own Jedi Order on a faraway world. Some members grew greedy and selfish, starting a fratricidal civil war over the control of Kingdom Hearts, cataclysm that destroyed their world and began an endless cycle of conflict between Light and Darkness. After the cataclysm, the Order rebuilt itself in a new headquarters, but the Darkness resurfaced, and the survivors relocated once more.The new Grand Master decided to indoctrinate the new Keyblade wielders from childhood to completely reject the Darkness, to prevent them from falling into it. However, the brightest light casts the darkest shadow. The new enemy, disguised as an ally, manipulated a young man who had been rejected as a Master into embracing the Darkness, convincing him that he would gain the power to protect what mattered.. His friend, a dutiful and composed young woman recently appointed Master, faced the fallen keyblader in a bitter battle, which she won, but still ended up forced into exile, powerless to stop the Darkness, with only her regrets for company. The villain, in his boundless arrogance, aspired to become a god with dominion over life and death, as well as time and space themselves. Kingdom Hearts, enraged by such blasphemy against nature, retaliated by creating a boy who would end the upstart's reign, whom ancient legends identified as a Chosen One who would open the door to the Light, restoring the balance lost centuries ago. Years later,this seemingly ordinary young man with no Jedi training or education was chosen by Destiny to wield the Keyblade and vanquish the evil his predecessors had failed to stop. His adventure began by saving a beautiful princess from the clutches of the fallen hero, then his friend, and finally the keybladers lost to the darkness. The hero managed to defeat evil through empathy, forgiveness, and self-sacrifice, symbolizing the birth of a new Order of Keyblade Bearers. The attachments and love that had led so many into darkness became the very things that saved them from it. Like Naruto there are three main trios (Wayfinder trio, clock tower trio, Destiny islands trio) / (Sanins, team Minato, team 7), in which the same pattern is repeated: The rival / love interest of the main hero falls into darkness (Terra, Axel, Riku) / (Orochimaru, Obito, Sasuke) and one of them dies / is unconscious (Jiraiya, Rin, Naruto) / (Ven, Xion, Sora) and somehow all these nine people are related to each other. The series begins with the protagonist's call to adventure, facing a villain who tries to possess his rival (Orochimaru / Ansem), while in the second part the heroes face an organization of misfits dressed in black who seek to remake the world (Akatsuki / Organization XIII). The plot revolves around the conflict between two ideologically antagonistic factions (Light/Darkness - Senju/Uchiha) that are two sides of the same coin. One believes that love is the key to achieving peace, the other believes that power born from hatred is the key. Both authors give increasingly insane plot twists at the end of the play, such as resurrecting dead villains, stuffing bullshit powers into the plot (Rinnegan Sharingan / time travel, Power of Waking) and by abusing the man behind the man trope in a ridiculous way. , to the point that we thought it would be the final boss (Madara / Xehanorth) ends up being the pawn of his supposed right hand working for someone else (Zetsu / Xigbar) (Kaguya / Master of Masters). Well, I think Kingdom Hearts 2 and then Recoded explain the franchise's similarities to The Matrix quite well. A boy discovers that the entire reality he believed in is false and is forced to leave the cave to attain knowledge. However, we can compare Agent Smith and his clones to Xehanort and his extensions—a program that malfunctioned and became a virus which began to spread, threatening to destroy the entire system. The programmers created an antivirus in the form of Sora, who essentially turned the virus's weapons against it to defeat it. Sadly, the antivirus was discarded once it had served its purpose, lest it malfunction and become a glitch that would mess up the system.",2026-03-23 15:12:45+00:00,21,6g5otBrymgI,"{""video_id"": ""6g5otBrymgI"", ""author_display_name"": ""@aso375"", ""reply_count"": 1}",0.221,0.626,0.153,-0.9963,negative,nostalgia_reactivation,1.0,1.5,-0.5,3.091042453358316,1.6182084906716632,0,1
youtube,comment,"Played a little bit of kingdom hearts 1 when I was young in the PS2. Bought it all for Xbox, but have 2 kids. Thinking about jumping back in after coming across this video. This video inspired me. Lol",2025-03-17 03:24:03+00:00,1,eFfZqeXbioU,"{""video_id"": ""eFfZqeXbioU"", ""author_display_name"": ""@mitchboothe5152"", ""reply_count"": 1}",0.0,0.739,0.261,0.9072,positive,nostalgia_reactivation,0.7,1.5,1.0,0.6931471805599453,2.8465735902799727,0,1
youtube,comment,"Regarding Master's Defender and No Name/Gazing Eye, Luxu shouldn't have access to NN after passing it on to his first apprentice, who passed it on to theirs and so forth, eventually becoming an heirloom in Scala, so there's no reason to believe the resident Master of Scala wouldn't be able to use it once it became a piece of Keyblade tradition. The MD was passed down by Ephemer in the same way, so they're both pieces of history that represent some degree of rank and authority in Scala's Keyblade society, but functionally are just like any other Keyblade, so any wielder who is given them by their current user can use them too. It's like Aqua and Sora being able to call their personal Keyblades or the MD when they were in possession of both. Re: Subject X The reports indicated that Ansem didn't move her, but Braig did. Xehanort only assumed Ansem did. Re: Maleficent isn't FROM the Age of Fairytails. She time traveled there after being defeated in KH1, and became trapped within the loop of the digital projection of her world in UX, until a Darkness helped her escape to travel back to the present in KH2. Re: Triton It wouldn't make sense for a KH UX or X visit to Atlantica be used to explain his bias because those worlds and their inhabitants were never real. They were either projections from the Book of Prophecies or Data Recreations of those projections. The real versions of those characters never interacted with the X characters. His quote also doesn't confirm a personal experience with Keybearers, as the legend of the Keyblade War is known in various worlds, but kept secret by the oldest and most knowledgeable characters or diluted into a less detailed fairy tale (see Kairi's grandma's knowledge and Genie recognizing the Keyhole and Keyblade, neither of which ever had an explanatiom either), and Triton could've only heard the least flattering version of the legend.",2026-03-31 22:39:34+00:00,0,zux8BX6EuxI,"{""video_id"": ""zux8BX6EuxI"", ""author_display_name"": ""@WingerEdison"", ""reply_count"": 0}",0.069,0.9,0.031,-0.9335,negative,nostalgia_reactivation,0.7,1.5,-0.5,0.0,1.0,0,1
youtube,comment,"KH4 isn't out yet and we're talking about verum rex lmao. People need to stop being a b*tch, grow up and let go of versus13 already (and by people I include that petty a** nomura) 🤭 Versus13 isn't even a real, finished game. All we know so far are just speculations not yet proven and a bunch of trailers that loosely connected. Verum rex is even worse considering nomura tried to force his dream versus13 into KH world, which doesn't make any sense. Then again, KH stop making sense since KH2 lol",2026-04-23 17:20:38+00:00,0,mU1zHAA9j8k,"{""video_id"": ""mU1zHAA9j8k"", ""author_display_name"": ""@bimbiman8495"", ""reply_count"": 0}",0.085,0.806,0.109,0.5574,positive,nostalgia_reactivation,0.7,1.5,1.0,0.0,2.5,0,1
youtube,comment,"Great video, perfect to enjoy on my workday. My friends had a running gag when KH2 launched. Whenever we’d play anything we’d randomly say “quick! Use the reaction command!”",2026-03-30 12:58:51+00:00,5,9d8LK9840IU,"{""video_id"": ""9d8LK9840IU"", ""author_display_name"": ""@Khalith"", ""reply_count"": 0}",0.056,0.512,0.432,0.9449,positive,nostalgia_reactivation,0.7,1.5,1.0,1.791759469228055,3.3958797346140273,0,1
reddit,post,"Kingdom Hearts and my journey with it throught the years... A rant! (No spoilers, so relax) Kingdom Hearts. Oh boy... I remember Kingdom Hearts. Really fun memories of it too. I had an entire journey with it. My youth was filled with love for this... Until it grew to be just pure hatred. I had every possible version of most of the games. Bought consoles because of this franchise. Spent thousands upon thousands of money's worth to be with the characters I loved so much, even though they had really big problems... I'd like to share my story with this franchise and my thoughs/feelings towards all of this, since they're releasing a new compilation, KH4 is coming (probably this century) and I saw a post where people asked about it. Oh, and KH fans, this will probably piss you off. But oh well. Let me start by saying that **this franchise is the most ridiculous cashgrab that SE ever put their hands on**. Not even Final Fantasy had it this dirty. And the fanbase just eat it up like they've been hungry for years... Welp, because they are, since SE blueballs the hell out of them with teasers among teasers, a couple of good/great games and absolute trash for many years... With the promise of a masterpiece... That may never come. Kingdom Hearts has an amazing premise and the story (up until BBS) was very touching and epic, dramatic and emotional. That's how I saw it growing up. And I even maintain that view for some of the titles. Then I grew tired of SE's greedy sheenanigans. Not to mention Nomura's bullshit. Practically every console had its Kingdom Hearts back in the day and it was a real blast to buy a console just to play the ""Next Kingdom Hearts!"". I could not wait for the new ideas that could emerge... But they just kept getting worse and worse. So, here we go in order. Buckle-up, because its going to be long... and wild. **Kingdom Hearts** \- An amazing gem. A little rough, but it was awesome for what is was. The ideas were new (at the time). They had everything to be perfect: Two completely different fantasy visions clashing together to tell a completely original story. And what a story it was. It was dramatic, touching, really cliché... but it worked! Gameplay-wise it was just on point. I knew a bunch of people who thought Final Fantasy looked and sounded amazing, but were put-off because of the turn-based gameplay. Kingdom Hearts was just what they've been asking for YEARS. The beauty, the music, the story of Final Fantasy, but with an action-focused gameplay to match. It was fantastic indeed. **Chain of Memories/Re**: It was an interesting idea to expand the franchise to portable consoles at the time. Simpler narrative that connected to the story and all. Cool for the time. Then came the remake on PS2... Which showed it flaws. Not only that, it cranked it up to eleven. The story was tedious. The gameplay was... Also tedious. It worked on the GBA, but here... It was just for the remade cutscenes. **Kingdom Hearts II** \- Basically when the series peaked. It's (almost) perfect in every way, with very few problems, but that does not invalid its merits. The perfect equilibrium between Final Fantasy and Disney vision story-wise. The atmosphere was just it. Things got more serious. It wasn't just a goofy ""lets not meddle!"" but then meddles anyway. It was more serious. More... Consequential. Things were at stake. Things got real. The drama was on point. The epicness was... Epic. The fantasy was amzing. And it had just the right amount of fan-service too. It was... Amazing. This was the Definitive Fantasy experience I was looking for at the time. This was just... it! It had its problems, of course, especially with that bullshit of japan-exclusive version that expanded the universe and all, but still, it was worth every minute. Not to mention that sick teaser of people with amazing armour and keyblades in epic battles. The keyblade wars? What? HOLY CRAP, I NEED THIS! But then... **358/2 Days**: Not Kingdom Hearts 3. The DS deserved its shot too, I guess. You wanted to know more about the Organization? Here is a (veeeeeeeeeeery) depressive and absolutely tedious/sleep-inducing story about it. Not only that, it didn't even tried anything different with the gameplay. It was KH2 gameplay adapted to the DS. It was clunky as fuck. Technology-wise, though? It was kinda impressive, not gonna lie. A fully 3D game of that caliber running on the DS was nothing short of a miracle... Or a very skilled team. Kudos to them, honestly. **Coded/RE**: Once again, Not Kingdom Hearts 3. I can't, for the life of me, undertand why this shit even exists. Its just bad all around. But, hey! It has a cool less-than-a-minute cutscene that leads to the (true) sequel, so its worth it, right? FUCKING NO! It story is just so tedious that, holy shit, it could've been an YouTube video or an OVA (that was popular at the time) to just tease the next game. Instead, they made this very definition of a cashgrab. And. Called. It. CANON. Fuck off. **Birth By Sleep**: ...Not Kingdom Harts 3, but this... actually gives me a mixed feeling. It was teased on KH2:FM (the JPN Special Edition) as some big moment in the franchise's lore. (Keyblade Wars) Possibly even KH3! (suspiscions at the time), but then... Came this PSP game. And don't get me wrong, this was... Surpringly delightful. It had amazing ideas on how to draw the portable's power and to work around its limitations. The gameplay is amazing for what it is. Especially for the time. The story is... not perfect, but is has its moments. It was just... Fun. Like, KH1 fun. It had promise. This was it! It was really going somewhere! The remaster/port just shows that this was made for a portable device, just like MGS Peace Walker had with its remaster (transpharing. :v). It fucking SHOWS. I would say to you, if you're planning to play it, to do it on the PSP, but this would be hard as fuck, but at least keep it in mind when you feel weird about the PS4 version. Moving on. And then again... a new era was upon us. **Dream Drop Distance (3D)**: Oh boy... Where to even start. This fucking title led to so much confusion. Was it Kingdom Hearts 3? FINALLY? Nope. Its 3D! (because 3DS). Just another build-up for the real 3! That letdown aside, it was visually impressive. Trully. And the tease to it, holy crap, it was fun to accompany it. But then the game launched and... It was a fucking mess. The story was so, so bad. It had its moments, not gonna lie. Answered some questions, but then it threw WAY TOO MANY MORE IN YOUR FACE! Time-travel shit? Because they could not work properlly on what they've built before? Really? Gameplay-wise it was fine. They've worked on the basis they've built with BBS. Really interesting, with some new mechanics and all... But FOR SOME FUCKING REASON, the focus on the mini-games was cranked up to eleven. It was a portable console game, so whats the problem, right? This was kinda their thing after all... But boy oh boy, things would just get worse after this. ***Kingdom Hearts χ***: I don't need to say it at this point, do I? Of course there was a gacha. To be fair, it was SE's attempt at gacha, so it had its merits. They know how to build an interesting game. They just (AWAYS) fuck up the monetization. Many people say it was a really cool gacha though, and having played Mobius FF, I honestly believe them. But I here I was getting really tired. I just accepted that I was not going to play it for many reasons (not having a good mobile at the time, not really being into gacha, that kind of thing). HOWEVER, what I cannot accept is the fact that this is SOMEHOW canon... Of course it is. SE knows how to rip the wallets of the KH fanbase. The ones that didn't leave already would do almost everything to get to that sooooooooo anticipated KH3. (I was one of them, so I know what I'm talking about... even though I didn't went with the hype for this one). Then came the announcement: ""Hey, we are changing engines!"" This would be an amazing oportunity for the franchise. What was shown was really cool! **χ Back Cover**: ""Say, how can we expand on **χ**'s lore without making a wave o people hate us... More than they already do? You know... Because of the gacha thingy. Welp, let's launch a (sort of) movie and compile it with the remasters that covers the general concept of the gacha!"" Honestly, it was quite pretty to see that art-style with modern visuals, but that story was so... convoluded and boring (not tedious, just meh), that I had to force myself to see it. It was canon after all. At least it was over quickly. Like needle-quick. Whatever. **2.8 Final Chapter Prologue**: A collection of remasters for the PS4 that included the promised \*teaser\* *Kingdom Hearts 0.2: Birth by Sleep – A Fragmentary Passage.* Finally the story about a returning character that we aways wanted to see! Even if it was just a teaser for KH3. It ran like shit on PS4. Frames were all over the place. Stuttered like hell. But hey, finally something new and that was half good. We got to see what happened to a long-forgotten loved character, new mechanics, the new vision for the gameplay that was perfected in KH2, reworked on BBS, worked upon on 3D for this new style. It was interesting. It was like... 2h of gameplay? But it was an ""extra"" included in the collection nonetheless, so it got its money's worth. This was it, guys! Finally, the moment had come! IT WAS TIME FOR THE GAME'S FINALLE! KH3 WAS UPON US! We survived. Endured. Spent thousands of moneys-worth in consoles and games that got relauched, remade, remastered, re-re-re-re... And, to be fair, I'm not against it. The exclusivity bullshit for the consoles really worked to its detriment. It was really good to compile everything to the current-at-the-time consoles and let it be more accessible. But finally, it was here. This was it. The culmination of EVERYTHING we've been through. Finally closure! And... AND... Came another annoucement: ""Kingdom Hearts 3 won't be the franchise's end. It would only finish the Xehanorth saga. Sora' story would continue on!"" ...Oh no... no-no-no-no-no-no-no-no-no... This should not come as a surprise to ANYONE. It printed money, for crying out loud. It was obvious they wouldn't let the bone go. But this... Got me panicking for what was to come... Oh boy. **Kingom Hearts III** \- (This time for reals) It was here. It was finally here. I could not believe it. I had bought consoles for this franchise. In hope that they would release the ending to the epic saga. With many ups and way too many downs, but here it was at last. I've been waiting for what? Almost *fifteen years*? But... Oh, crap... Fucking hell. This franchise... It just can't let the fans have it. For fuck sake, why? I know Nomura has his quirks. I know SE misses more than it lands, but, fuck me, why.. AND HOW they fucked this up so badly? This piece of crap is just the culmination of everything that could be wrong with a franchise. The story is an absolute mess, convoluted as fuck, filled to the bone with retcons (in a way that shit on the fans intelligence), fan-service that leads to fucking NOWHERE (after blueballing you to hell and back) and, not only that, it was incomplete for the first couple of years. After what felt an eternity of endless teases and build-up and all.. For this piece os shit. Gameplay-wise... It's also a mess. It has its moments, but in general is just a mini-game galore. The series was already known for featuring mini-games, but they were fun little extras. NOT PART OF THE CORE, FFS! It didn't expand on the mechanics that did the other games good. They just thought ""Hey, woudn't this be cool? Lets add it to the game!"". Its almost had no general direction. And that intro... It. Was. A. Mess. It just added more bullshit for spectacle. Which was really tiresome after a quick while. I cannot put it enought into words how much I hate this game. For many reasons. Technical issues. Its quality in general... Maybe even my own ingenuity and expectation... But this was just... Terrible. In the end I had finished the original games when they launched and then replayed the re-releases when they launched... And then played again in the build-up for 3. Playing again made me understand some things, like some more, hate other way more... But it was quite a journey. It was interesting. A couple of years later I decided to give it another change... then I played 3 again. After a couple of hours I could not stand the having some of the most ultrageous retcons I've ever seen thrown in my face like that. This was it for me. I really couldn't stand it. A few weeks after that my whole Kingdom Hearts collection was gone. I sold it for almost nothing. Out of pure spite. I'm not rich, I pretty much needed the money. I like to collect figures and games and all, but I just wanted to get rid of it. I was done with this franchise. But hey, if you want to try and experience for yourself, I really think you should. This is video game history and a pretty important part on it too. It has many ups and way too many downs, but the personal experience should count more in this case. Who knows? Maybe you'll love it even with its many problems. The Whole remastered collection (without the last DLC and the musical game, which I really didn't play because at this point I was way done) is not really cheap, but you can get your money's worth out of a bunch of games. A lot of them are pretty much filler, though, so keep that in mind. Thats it. Thanks for reading this rant! =)",2025-04-17 16:05:24+00:00,1,,"{""subreddit"": ""JRPG"", ""title"": ""Kingdom Hearts and my journey with it throught the years... A rant! (No spoilers, so relax)"", ""num_comments"": 0, ""query"": ""kh4""}",0.123,0.725,0.152,0.9979,positive,nostalgia_reactivation,0.7,1.5,1.0,0.6931471805599453,2.8465735902799727,0,1
youtube,comment,This game was my childhood. Nothing can match the nostalgia this game brings me. I will love it for all time,2025-09-30 22:02:42+00:00,0,bUM2sSVjCLQ,"{""video_id"": ""bUM2sSVjCLQ"", ""author_display_name"": ""@Shua-56"", ""reply_count"": 0}",0.0,0.826,0.174,0.6369,positive,nostalgia_reactivation,0.7,1.5,1.0,0.0,2.5,0,1
youtube,comment,"I was in 7th grade when I first started seeing videos of people playing KH2FM. I was such an unhinged kid that I saved up my allowance, bought an imported copy of the game and the Swap Magic software to play non-NA games on a NA PS2. Played the whole game on Critical Mode with Japanese captioning. Best summer ever.",2026-03-31 10:59:02+00:00,4,9d8LK9840IU,"{""video_id"": ""9d8LK9840IU"", ""author_display_name"": ""@corbinmarkey466"", ""reply_count"": 0}",0.033,0.773,0.195,0.8834,positive,nostalgia_reactivation,0.7,1.5,1.0,1.6094379124341003,3.30471895621705,0,1
youtube,comment,I’m 40. I remember being a teenager when KH1 came out. I am ancient. 😂,2026-04-17 21:03:32+00:00,0,gNVWtjbGWdw,"{""video_id"": ""gNVWtjbGWdw"", ""author_display_name"": ""@penguinflag"", ""reply_count"": 0}",0.084,0.749,0.167,0.4404,positive,nostalgia_reactivation,0.7,1.5,1.0,0.0,2.5,0,1
youtube,comment,I hope you don't get too much flak for your feelings on the gameplay. Many Kingdom Hearts fans I know get violently defensive over KH2 gameplay being the best in the entire series.,2026-04-06 00:53:29+00:00,0,9d8LK9840IU,"{""video_id"": ""9d8LK9840IU"", ""author_display_name"": ""@CrossOutBryce"", ""reply_count"": 0}",0.086,0.632,0.282,0.8271,positive,nostalgia_reactivation,0.7,1.5,1.0,0.0,2.5,0,1
youtube,comment,"Tidus in KH1: ""Is getting old really that scary?"" YES, YES IT IS",2026-04-17 17:59:08+00:00,322,gNVWtjbGWdw,"{""video_id"": ""gNVWtjbGWdw"", ""author_display_name"": ""@MojoCoReviews"", ""reply_count"": 6}",0.169,0.485,0.346,0.5649,positive,nostalgia_reactivation,0.7,1.5,1.0,5.777652323222656,5.388826161611329,0,1
youtube,comment,What about the biggest mystery of all - how did Ursula return in KH2 and what was that phantom Ursula in DDD???,2026-04-11 04:42:42+00:00,0,zux8BX6EuxI,"{""video_id"": ""zux8BX6EuxI"", ""author_display_name"": ""@aaronbentley6373"", ""reply_count"": 1}",0.0,1.0,0.0,0.0,neutral,nostalgia_reactivation,0.7,1.5,0.3,0.0,1.8,0,1
youtube,comment,"I have played kh1 so many times it’s tied with kh2 for my favourite game of all time and I never knew about the freezing of the bubbles or the hidden door way behind the platforms, it’s crazy that I’m still learning new things about this game",2025-10-08 14:45:42+00:00,0,bUM2sSVjCLQ,"{""video_id"": ""bUM2sSVjCLQ"", ""author_display_name"": ""@vatik868"", ""reply_count"": 0}",0.076,0.876,0.048,-0.1027,negative,nostalgia_reactivation,0.7,1.5,-0.5,0.0,1.0,0,1
youtube,comment,I remember being too poor for ps2 until the next gens were out and then I couldn't get a hold of anything more than kh1 however that wasn't my first. It was CoM on gba and I remember being so excited for finally being able to play kh on gba but damn those card mechanics were not fun. Riku was a bit easier but god damn it sora. I hella want this for the whole damn story,2024-06-18 22:59:48+00:00,1,G5_3qdf19BU,"{""video_id"": ""G5_3qdf19BU"", ""author_display_name"": ""@Mr-Eleven"", ""reply_count"": 0}",0.171,0.703,0.126,-0.7396,negative,nostalgia_reactivation,0.7,1.5,-0.5,0.6931471805599453,1.138629436111989,0,1
youtube,comment,And now for the video I’ve been looking forward to the most from you. This game is EVERY bit of my childhood. Countless hours of designing gummi ships in the back of class so I could go home and put my ideas to work.,2026-03-30 11:46:12+00:00,0,9d8LK9840IU,"{""video_id"": ""9d8LK9840IU"", ""author_display_name"": ""@tannerbug7"", ""reply_count"": 0}",0.0,1.0,0.0,0.0,neutral,nostalgia_reactivation,0.7,1.5,0.3,0.0,1.8,0,1
youtube,comment,I only played the original US releases of KH1 and KH2 so as someone who just bought the HD collection on Steam this video has been invaluable. thank you!,2025-03-16 23:46:23+00:00,2,eFfZqeXbioU,"{""video_id"": ""eFfZqeXbioU"", ""author_display_name"": ""@burn1none"", ""reply_count"": 2}",0.0,0.776,0.224,0.7574,positive,nostalgia_reactivation,0.7,1.5,1.0,1.0986122886681098,3.0493061443340546,0,1
youtube,comment,"This game screams childhood to me, I remember loving it just because of all the disney characters it had",2025-02-03 18:08:57+00:00,2,eFfZqeXbioU,"{""video_id"": ""eFfZqeXbioU"", ""author_display_name"": ""@ron3940"", ""reply_count"": 0}",0.095,0.736,0.169,0.4019,positive,nostalgia_reactivation,0.7,1.5,1.0,1.0986122886681098,3.0493061443340546,0,1
youtube,comment,I was a Kingdom Hearts hater for its first few years of life. As an extreme FF fan since early childhood it almost felt like an insult to my favorite franchise. But I fell in love with 1 and 2 after finally giving them a try. Imo the only mistake 2 made was not getting the same voice actor for Squall that he had in the first game. The guy they got in 2 was honestly just terrible. EDIT: Wow I just got to the part where you talked about Squall's voice actor and I am shocked that our opinions are exact opposites. I loved the KH1 voice. I respect your opinion so much though I am going to have no choice but acknowledge I haven't seen the cutscenes since I was like 15 and will have to go rewatch them.,2026-04-01 11:24:21+00:00,0,9d8LK9840IU,"{""video_id"": ""9d8LK9840IU"", ""author_display_name"": ""@dustinhatfield8373"", ""reply_count"": 0}",0.094,0.678,0.228,0.9782,positive,nostalgia_reactivation,0.7,1.5,1.0,0.0,2.5,0,1
youtube,comment,"Dude, I've also been passing the time by mad grinding KH2 randomiser haha. How often do you play archipelago with mates vs just the kh2 rando? What settings do you like playing with? Have you tried randomisers with other KH titles?",2026-03-29 04:09:15+00:00,0,wwgOM_BiRQo,"{""video_id"": ""wwgOM_BiRQo"", ""author_display_name"": ""@superstarben37"", ""reply_count"": 1}",0.065,0.728,0.207,0.7219,positive,nostalgia_reactivation,0.7,1.5,1.0,0.0,2.5,0,1
youtube,comment,How did axel & nomine get into the data world in kh2 ?,2026-02-06 01:11:22+00:00,0,nS1DfiJAtEk,"{""video_id"": ""nS1DfiJAtEk"", ""author_display_name"": ""@BibleKyle"", ""reply_count"": 0}",0.0,1.0,0.0,0.0,neutral,nostalgia_reactivation,0.7,1.5,0.3,0.0,1.8,0,1
youtube,comment,"Fuck Yozora, bring back Noctis",2026-04-15 20:07:15+00:00,6,AaZjLq3cIpg,"{""video_id"": ""AaZjLq3cIpg"", ""author_display_name"": ""@EviIMadara"", ""reply_count"": 0}",0.467,0.533,0.0,-0.5423,negative,nostalgia_reactivation,0.7,1.5,-0.5,1.9459101490553132,1.3891820298110626,0,1
reddit,post,"Is Square-Enix done making mediocre games like Forspoken and Marvel's Avengers? I really hope this era is over. They can continue focusing on bangers like Final Fantasy, retro re-releases like Super Mario RPG and Live A Live, new games for Octopath, Bravely, Mana, and Dragon Quest, and hopefully restore Kingdom Hearts IV to the glory that has been missed since KH2. They're doing well without these odd releases that nobody ever seems to care about no matter how desperately they try to market them. Maybe we'll finally get to see a Bahamut Lagoon remake in the next few years.",2024-04-12 22:39:54+00:00,0,,"{""subreddit"": ""SquareEnix"", ""title"": ""Is Square-Enix done making mediocre games like Forspoken and Marvel's Avengers?"", ""num_comments"": 26, ""query"": ""kingdom hearts iv""}",0.046,0.655,0.299,0.9848,positive,nostalgia_reactivation,1.0,1.5,1.0,0.0,2.5,0,1
youtube,comment,"I played kh1 and kh2 as a kid, so I’m an OG fan in one sense but have been lost and in the dark ever since. I never understood wth was going on with the intermediate games or how important they were 😭 perfect vid to explain what’s up with each of the 20k releases in between the core 3 and why to play them more or less in their release order. Thanks!",2024-08-17 20:50:03+00:00,1,eFfZqeXbioU,"{""video_id"": ""eFfZqeXbioU"", ""author_display_name"": ""@shelistens4089"", ""reply_count"": 2}",0.075,0.698,0.227,0.9247,positive,nostalgia_reactivation,0.7,1.5,1.0,0.6931471805599453,2.8465735902799727,0,1
youtube,comment,"One of my favourite games of all time, my entry point to kingdom hearts and even though now I can recognise it's flaws, it doesn't stop me 100%ing it every couple of years, super bosses & all I haven't finished the video, nowhere close, but it's already a fantastic tribute to KH2",2026-03-30 09:17:06+00:00,0,9d8LK9840IU,"{""video_id"": ""9d8LK9840IU"", ""author_display_name"": ""@halcyon9911"", ""reply_count"": 0}",0.0,0.807,0.193,0.8871,positive,nostalgia_reactivation,0.7,1.5,1.0,0.0,2.5,0,1
youtube,comment,"54:57 i'm so glad you take time to talk about space paranoids and tron in general, especially how well it's married to the main story in kh2!! that's probably why it's one of my favorite worlds in 2, because its integration into the overall narrative is just SO well done. i am someone who is continually surprised by the ""wild"" world picks, with tron being right up there with pirates; but it honestly ended up being fantastic. i'm so happy they got bruce boxleitner to come and voice him, he does a fantastic job. (also, the tidbit about depp liking the jack sparrow kh2 model was cool, i didn't even think he or anyone else from the pirates films would have seen anything about kh) i'm excited to get further, i just *had* to say something when you covered tron :)",2026-03-30 14:24:20+00:00,1,9d8LK9840IU,"{""video_id"": ""9d8LK9840IU"", ""author_display_name"": ""@howdomaddie"", ""reply_count"": 1}",0.01,0.738,0.252,0.9915,positive,nostalgia_reactivation,0.7,1.5,1.0,0.6931471805599453,2.8465735902799727,0,1
youtube,comment,I think after KH4 we are getting a Verum Rex game. Nomura already said they were debating between doing KH4 or Verum Rex next and chose KH4. So I think Verum Rex as a game is in the works. It will be like the KH2 and Days situation. We got introduced to Roxas in KH2 and then he got his own game in Days. We’ll get to know Yozora in KH4 and then he’ll have his own game in Verum Rex,2026-04-23 18:59:58+00:00,7,mU1zHAA9j8k,"{""video_id"": ""mU1zHAA9j8k"", ""author_display_name"": ""@jezkerjamez7110"", ""reply_count"": 0}",0.0,0.97,0.03,0.3612,positive,nostalgia_reactivation,0.7,1.5,1.0,2.0794415416798357,3.539720770839918,0,1
youtube,comment,"Was 9 years old when kh1 came out. Randomly rented it at blockbuster… little did I know it would change my life. From kh1 to kh2 was something different. It was different to experience it with no social media, no steaming, no tip videos, just you and the game. Now I’m 33 and KH4 will soon be out. Damn I feel old. But KH will always have a place in my heart Kingdom Hearts Forever.",2024-05-27 16:35:07+00:00,583,G5_3qdf19BU,"{""video_id"": ""G5_3qdf19BU"", ""author_display_name"": ""@Drewswaggy"", ""reply_count"": 12}",0.058,0.791,0.151,0.9031,positive,nostalgia_reactivation,0.7,1.5,1.0,6.369900982828227,5.684950491414114,0,1
youtube,comment,How much easier do you think finishing KH3 with KH2 forms or gaming? If that question made any sense 😅,2025-11-24 00:27:44+00:00,0,1gnE_NzfmSc,"{""video_id"": ""1gnE_NzfmSc"", ""author_display_name"": ""@aceruhillz"", ""reply_count"": 0}",0.0,0.798,0.202,0.6486,positive,nostalgia_reactivation,0.7,1.5,1.0,0.0,2.5,0,1
youtube,comment,Replaying KH1 on steam for the first time in over a decade And it’s fun. But man is it janky as hell lol. I got used to modern platforming and combat that it feels so antiquated at times.,2024-09-05 03:23:24+00:00,2,eFfZqeXbioU,"{""video_id"": ""eFfZqeXbioU"", ""author_display_name"": ""@Nodnarb518"", ""reply_count"": 0}",0.193,0.689,0.119,-0.6858,negative,nostalgia_reactivation,0.7,1.5,-0.5,1.0986122886681098,1.2197224577336219,0,1
youtube,comment,"Xehanort’s name can also be No Earth (relevant for Birth by Sleep). Also Yuffie’s Advent Children voice was the same as in KH1, her voice change was first in KH2",2026-04-13 20:12:22+00:00,1,9d8LK9840IU,"{""video_id"": ""9d8LK9840IU"", ""author_display_name"": ""@PikachuGamerSMT"", ""reply_count"": 0}",0.071,0.929,0.0,-0.296,negative,nostalgia_reactivation,0.7,1.5,-0.5,0.6931471805599453,1.138629436111989,0,1
youtube,comment,I still love kh1 to death but man sometimes i imagine a remake with the smooth combat of 2😞but i guess i will be stuck in the sanctuary abyss forever💀for dreaming,2025-09-05 01:11:35+00:00,0,bUM2sSVjCLQ,"{""video_id"": ""bUM2sSVjCLQ"", ""author_display_name"": ""@007psyren"", ""reply_count"": 0}",0.279,0.662,0.059,-0.8625,negative,nostalgia_reactivation,0.7,1.5,-0.5,0.0,1.0,0,1
youtube,comment,...Oh yeah you just summed up in 30 seconds every reason I don't like KH1 including ones I hadn't really realized like the constant claustrophobic environments,2026-03-24 07:16:17+00:00,1,6g5otBrymgI,"{""video_id"": ""6g5otBrymgI"", ""author_display_name"": ""@ShadowoftheMask"", ""reply_count"": 0}",0.149,0.776,0.074,-0.3018,negative,nostalgia_reactivation,0.7,1.5,-0.5,0.6931471805599453,1.138629436111989,0,1
youtube,comment,"I just wanted to say how much I loved Auron in this game. One of, if not the best use of a Final Fantasy character in Kingdom Hearts. Doesn’t hurt that I had only recently beaten FFX for the first time right before playing KH2 for the first time as well. “This is my story, and you aren’t a part of it.”",2026-03-30 03:46:48+00:00,62,9d8LK9840IU,"{""video_id"": ""9d8LK9840IU"", ""author_display_name"": ""@Anonymous_Individual"", ""reply_count"": 1}",0.125,0.717,0.158,0.3678,positive,nostalgia_reactivation,0.7,1.5,1.0,4.143134726391533,4.571567363195767,0,1
youtube,comment,Just play it in story order so you will understand the story rather putting the pieces to understand the story. The examples of this type of release when they released a prequel before a sequel is star wars and monster Inc but people still watch them in story order not the release order to understand the story better and not becoming confused . This are the story order if you want to understand the story better: 1 chain chi/chain key watch it in YouTube because there are scenes that not included in the release version in mobile 2 unchain key/union x watch it in YouTube because it is a range in order if you use the app you will get confused on which to start 3 backcover it's a movie just watch it 4 missing link some of the story is already upload in YouTube watch it there if the app is release play the game frequently to get the lore of the game just continue playing the game and also you can both play this game and other kh game on the list 4 darkroad it's the beginning of xenorth saga 5 birth by sleep 6 birth by sleep 0.2 fragmented passage 7 kh1fm 8 re chains of memory 9 kh days watch the movie if you have the game just play it 10 kh2fm 11 recoded watch the movie if you have the game play it 12 kh ddd hd 13 kh3 remind because it has second story it will unlock if you finish the first story 14 melodies of memories Now you understand the story of kingdom hearts and you are not confused about the story.,2024-07-03 00:55:26+00:00,0,eFfZqeXbioU,"{""video_id"": ""eFfZqeXbioU"", ""author_display_name"": ""@BillyAnselmo"", ""reply_count"": 0}",0.022,0.86,0.118,0.9827,positive,nostalgia_reactivation,1.0,1.5,1.0,0.0,2.5,0,1
youtube,comment,"Didn’t the master of masters show up in kh2 ? I believe he spoke with zexion , even brought up the room of awakening and everything . If that’s the case he’s been in the series for 20 years .",2026-04-09 18:18:53+00:00,0,zux8BX6EuxI,"{""video_id"": ""zux8BX6EuxI"", ""author_display_name"": ""@GrimChiefer94"", ""reply_count"": 1}",0.0,1.0,0.0,0.0,neutral,nostalgia_reactivation,0.7,1.5,0.3,0.0,1.8,0,1
youtube,comment,"Can we start speaking about KH4s connection to Dissidia Duellum,The Word Ends With You:Neo & Reynatis??? Because why is it that every last one of these games now suddenly taking place IN THE SAME CITY?!?!?!? TOKYO?!?!?!?!? Like Sora is in Shibuya & Dissidia Crew are in Central Tokyo like what is happening?!?!?! Not only that but Nomura is lead directing and lead developing the new Dissidia Game,not only that NOCTIS IS NOT in that game…so is this INTENTIONAL or what??? Is this Nomuras way of tryna bring back the Final Fantasy characters into the KH series through starting with KH4? Cause they’re all in Real Life Setting like there’s no way there isn’t a connection with all these games",2026-04-03 17:56:57+00:00,1,ZxKqFEAARYU,"{""video_id"": ""ZxKqFEAARYU"", ""author_display_name"": ""@dianceperez8540"", ""reply_count"": 0}",0.022,0.908,0.07,0.7251,positive,nostalgia_reactivation,0.7,1.5,1.0,0.6931471805599453,2.8465735902799727,0,1
youtube,comment,"Friendly Reminder that KH had several games that gave us more information (Chain of Memories ,Birth by Sleep , KH3DDD , Re coded) therefore I doubt KH 4 will answer most of the questions on this video. Besides we didnt know who Xehanort was until BBS and that launched 8 years after KH1.",2026-03-31 23:08:32+00:00,0,zux8BX6EuxI,"{""video_id"": ""zux8BX6EuxI"", ""author_display_name"": ""@joaotiburcio945"", ""reply_count"": 0}",0.044,0.874,0.082,0.296,positive,nostalgia_reactivation,0.7,1.5,1.0,0.0,2.5,0,1
reddit,post,"Nomura's new interview talks about his vision for FF7R, which is to ""correct and unify the distortions in perception"" (translation included) I used ChatGPT to translate the first section in this interview, which is about FF7R. The rest is about og FF7's creation and KH4. **Q: This year saw the release of ""FINAL FANTASY VII REBIRTH"" (""Rebirth""), the long-awaited second installment in the ""FINAL FANTASY VII"" (""FF7"") remake project trilogy. What goals did you hope to achieve with this work?** A: The goal of the remake trilogy, rather than being a ""remaster,"" is driven by the desire to ""correct and unify the distortions in perception."" Typically, a remake is about keeping the game system and story the same while simply improving the graphics. However, in this case, more than twenty years have passed since the original, and merely enhancing the graphics wouldn't align with the current times. I also believe that players' memories have been significantly influenced by nostalgia. I don't think there are many people who have been continually playing 'FF7' for the past twenty years, so the memories of the past have probably changed slightly in each player's mind. Additionally, 'FF7' has several spin-off works, and there are instances where scenes in these works differ from the original. Therefore, due to the passage of time and the existence of these spin-offs, there are subtle ""distortions in perception"" in players' memories. If you were to replay it now, you might think, ""Wait, was this scene like this? I remembered it differently."" This is true for me as well, and especially for Nojima-san, the scenario writer, who was concerned about these ""distortions in perception."" We aim to bring everything together into a unified whole. **Q: I have certainly felt the ""distortion of perception"" with the spin-offs. How is this ""distortion"" expressed in the game?** A: In the latter part of the game, there’s a scene in a white space where Sephiroth is present and Cloud is flying, and various visions can be seen. Among those visions, there is undoubtedly a version of the 'FF7' world that exists in the player's mind. They all represent 'FF7,' but each one is subtly different. It’s as if multiple alternate timelines exist; for example, 'In World A, this person is alive, but in World B, they are not.' These changes are made clear, but each person interprets them differently, memories may shift over time, and there may be discrepancies from the spin-offs. In this game, players experienced several worlds on different layers, and those visions express that concept. **Q: In Rebirth, the world map has made an appearance. Has Mr. Nomura's ideal world map finally become a reality?** A: Yes, this is truly thanks to the hard work on the ground. I believe we’ve been able to present the world map of 'FF7' that everyone, including us, has dreamed of. **Q: Indeed, there are plenty of mini-games and exploration elements. Is this because you want players to thoroughly explore the vast world map?** A: That's right. Without a purpose, there’s little motivation to explore every corner; it just becomes wandering in a large space. If that happens, the significance of creating a vast world map is lost. We’ve packed various elements in such a way that exploration leads to discoveries and rewards. [Source](",2024-09-20 00:38:56+00:00,16,,"{""subreddit"": ""JRPG"", ""title"": ""Nomura's new interview talks about his vision for FF7R, which is to \""correct and unify the distortions in perception\"" (translation included)"", ""num_comments"": 94, ""query"": ""kh4""}",0.008,0.878,0.115,0.9943,positive,nostalgia_reactivation,0.7,1.5,1.0,2.833213344056216,3.9166066720281076,0,1
youtube,comment,"They're really putting faith in Kingdom Hearts fans still being alive even for KH4 lol. Not to mention how many died after KH2 in the 14 year gap for KH3. Which was so bad they tried to give ""here's the story newcomers"" presentations throughout DDD and make 3 a ""welcoming entry point"" game. 🙃",2025-11-06 16:48:35+00:00,1,Xt_hGLer2gk,"{""video_id"": ""Xt_hGLer2gk"", ""author_display_name"": ""@NeutralL12"", ""reply_count"": 0}",0.113,0.669,0.218,0.7641,positive,nostalgia_reactivation,0.7,1.5,1.0,0.6931471805599453,2.8465735902799727,0,1
youtube,comment,"3:21:19 Imo, it still feels like there is some weirdness with the 60 FPS. Even on PC. The Gambler / Luxord minigame is a good example. Playing on PS2, I never failed that minigame. NOW, I have to pause scum to even have a chance lol. I thought I may have just gotten worse at it, but I played the OG PS2 version some time after, and nope; the minigame goes, like, twice as fast now. xD I'm just as good or better at it (on PS2) as i've always been. The Gummi Ship missions are another example. It's only really noticeable on the road themed ones, but those also move twice as fast (Which, for my money, is actually an improvement since the fast-paced nature of these missions is what makes them fun for me).",2026-03-30 08:17:49+00:00,1,9d8LK9840IU,"{""video_id"": ""9d8LK9840IU"", ""author_display_name"": ""@Arc115YT"", ""reply_count"": 0}",0.022,0.744,0.234,0.9867,positive,nostalgia_reactivation,0.7,1.5,1.0,0.6931471805599453,2.8465735902799727,0,1
youtube,comment,I played it for the first time last year and I stumbled apon a IG reel of a man using Traverse town theme from KH1 and it was so nostalgic to me. It’s so special to my heart (no pun intended). KH has easily became my favorite series of all time.,2025-08-31 18:23:10+00:00,60,bUM2sSVjCLQ,"{""video_id"": ""bUM2sSVjCLQ"", ""author_display_name"": ""@thegunshow1419"", ""reply_count"": 0}",0.0,0.748,0.252,0.9381,positive,nostalgia_reactivation,0.7,1.5,1.0,4.110873864173311,4.555436932086655,0,1
youtube,comment,"KH2 actually turned me into a Tron fan. They handled his story so well (better than the movie imho), and i actually felt for him by the end. So much so that when I saw the movie was on tv, I watched it. And now, I have a great appreciation for how they handled the world and how it connected to the movie. Honestly, watching Tron is worth it to appreciate Space Paranoids more. c: And the movie is pretty decent, too.",2026-03-30 05:29:29+00:00,45,9d8LK9840IU,"{""video_id"": ""9d8LK9840IU"", ""author_display_name"": ""@Arc115YT"", ""reply_count"": 0}",0.026,0.713,0.262,0.9713,positive,nostalgia_reactivation,0.7,1.5,1.0,3.828641396489095,4.4143206982445475,0,1
youtube,comment,"The Birth by Sleep intro cinematic was so much hype when it came out. All the nostalgia, man.",2025-01-30 01:02:25+00:00,6,nS1DfiJAtEk,"{""video_id"": ""nS1DfiJAtEk"", ""author_display_name"": ""@migjordanpayawal7856"", ""reply_count"": 0}",0.0,1.0,0.0,0.0,neutral,nostalgia_reactivation,0.7,1.5,0.3,1.9459101490553132,2.500527653659913,0,1
youtube,comment,Every game after 358/2 has been garbage narratively. They have no idea what to do moving forward and should just sunset the franchise. The series should’ve ended there instead of this nonsense we have now. 358/2 had the strongest narrative in the series until KH3 came and took a dump on it by undermining the tragedy of that story. Nothing means anything and everyone gets a happy ending. They decided to bring back all the characters and include versus content? What are they supposed to do with all these characters while incorporating Disney elements? Will final fantasy ever return to the property? What a mess the series became.,2026-04-15 21:05:03+00:00,2,AaZjLq3cIpg,"{""video_id"": ""AaZjLq3cIpg"", ""author_display_name"": ""@jairekambui7738"", ""reply_count"": 2}",0.144,0.803,0.053,-0.8824,negative,nostalgia_reactivation,0.7,1.5,-0.5,1.0986122886681098,1.2197224577336219,0,1
youtube,comment,"Agree with this 100% man spot on, kh3 was kind of a let down imo compared to kh1 secret ending",2026-04-26 15:58:30+00:00,1,_cyFXvII1sQ,"{""video_id"": ""_cyFXvII1sQ"", ""author_display_name"": ""@SteeleyBoy1989"", ""reply_count"": 0}",0.0,0.884,0.116,0.3612,positive,nostalgia_reactivation,0.7,1.5,1.0,0.6931471805599453,2.8465735902799727,0,1
youtube,comment,I loved kingdom hearts as a kid but growing up and realizing the story makes absolutely no sense and they got rid of the best parts of KH2 and got rid of almost all FF characters,2024-05-30 14:18:39+00:00,0,G5_3qdf19BU,"{""video_id"": ""G5_3qdf19BU"", ""author_display_name"": ""@joshuaortega546"", ""reply_count"": 0}",0.064,0.593,0.343,0.9336,positive,nostalgia_reactivation,0.7,1.5,1.0,0.0,2.5,0,1
youtube,comment,"It’s funny that any time I feel like replaying a kh game I always find kh1 to be the easiest to come back to. I’m someone who prioritizes gameplay and bosses and several other games in the series do a better job with that than, but there’s just something about the game. Kh1 just has such a cool vibe and smooth feel that I find it the easiest to jump into (not to mention the best story). It’s a shame that no other game in the series has been able to nail the atmosphere quite like it. Such a goated game",2025-09-13 20:51:34+00:00,1,bUM2sSVjCLQ,"{""video_id"": ""bUM2sSVjCLQ"", ""author_display_name"": ""@WillJV2"", ""reply_count"": 1}",0.057,0.748,0.195,0.9407,positive,nostalgia_reactivation,0.7,1.5,1.0,0.6931471805599453,2.8465735902799727,0,1
youtube,comment,I honestly didn’t think I would love KH1 that much. But most of this game aged like fine wine.,2025-08-31 19:00:37+00:00,1,bUM2sSVjCLQ,"{""video_id"": ""bUM2sSVjCLQ"", ""author_display_name"": ""@TheJaredPunch"", ""reply_count"": 0}",0.0,0.599,0.401,0.8422,positive,nostalgia_reactivation,0.7,1.5,1.0,0.6931471805599453,2.8465735902799727,0,1
youtube,comment,Well I just want mods. the beautiful part about this the most is that..... they only do stuff like his to bring back hype for game so they can announce the next installment..... expect kingdom heart 4 official announcement within the next year,2024-06-18 23:16:57+00:00,0,G5_3qdf19BU,"{""video_id"": ""G5_3qdf19BU"", ""author_display_name"": ""@justexist841"", ""reply_count"": 0}",0.0,0.731,0.269,0.9186,positive,nostalgia_reactivation,0.7,1.5,1.0,0.0,2.5,0,1
